Al,As,B,Ba,C,Cd,Cu,Fe,Ga,Ge,In,La,Ni,P,Pb,S,Sb,Se,Si,Sn,Te,Ti,Tl,Zn,Zr,Hardness_misc
0.0,0.0,0.0,0.0,0.0,0.0,0.0,0.0,0.0,0.0,0.0,0.0,0.0,0.0,0.0,0.0,0.0,50.0,0.0,0.0,0.0,0.0,0.0,50.0,0.0,1.0
0.0,0.0,0.0,0.0,0.0,0.0,0.0,0.0,0.0,0.0,0.0,0.0,0.0,0.0,0.0,0.0,0.0,83.0,0.0,0.0,17.0,0.0,0.0,0.0,0.0,0.6566
0.0,0.0,0.0,0.0,0.0,0.0,0.0,0.0,0.0,0.0,0.0,0.0,0.0,0.0,0.0,0.0,0.0,98.0,0.0,0.0,0.0,0.0,0.0,2.0,0.0,0.1784
0.0,0.0,0.0,0.0,0.0,0.0,0.0,0.0,0.0,0.0,0.0,0.0,0.0,0.0,0.0,0.5,0.0,99.5,0.0,0.0,0.0,0.0,0.0,0.0,0.0,0.3822
0.0,0.0,0.0,0.0,0.0,0.0,0.0,0.0,0.0,0.0,0.0,0.0,0.0,0.0,0.0,1.0,0.0,99.0,0.0,0.0,0.0,0.0,0.0,0.0,0.0,0.3626
0.0,0.0,0.0,0.0,0.0,0.0,0.0,0.0,0.0,0.0,0.0,0.0,0.0,0.0,0.0,2.0,0.0,98.0,0.0,0.0,0.0,0.0,0.0,0.0,0.0,0.3528
0.0,0.0,0.0,0.0,0.0,0.0,0.0,0.0,0.0,0.0,0.0,0.0,0.0,0.0,0.0,3.0,0.0,97.0,0.0,0.0,0.0,0.0,0.0,0.0,0.0,0.3332
0.0,0.0,0.0,0.0,0.0,0.0,0.0,0.0,0.0,0.0,0.0,0.0,0.0,0.0,0.0,5.0,0.0,95.0,0.0,0.0,0.0,0.0,0.0,0.0,0.0,0.3675
0.0,0.0,0.0,0.0,0.0,0.0,0.0,0.0,0.0,0.0,0.0,0.0,0.0,0.0,0.0,9.0,0.0,91.0,0.0,0.0,0.0,0.0,0.0,0.0,0.0,0.3038
0.0,0.0,0.0,0.0,0.0,0.0,0.0,0.0,0.0,0.0,0.0,0.0,0.0,0.0,0.0,10.0,0.0,87.0,0.0,0.0,0.0,0.0,0.0,3.0,0.0,0.1147
0.0,0.0,0.0,0.0,0.0,0.0,0.0,0.0,0.0,0.0,0.0,0.0,0.0,0.0,0.0,16.0,0.0,84.0,0.0,0.0,0.0,0.0,0.0,0.0,0.0,0.2744
0.0,0.0,0.0,0.0,0.0,0.0,0.0,0.0,0.0,0.0,0.0,0.0,0.0,0.0,0.0,20.0,0.0,77.0,0.0,0.0,0.0,0.0,0.0,3.0,0.0,0.09996
0.0,0.0,0.0,0.0,0.0,0.0,0.0,0.0,0.0,0.0,0.0,0.0,0.0,0.0,0.0,22.0,0.0,78.0,0.0,0.0,0.0,0.0,0.0,0.0,0.0,0.2646
0.0,0.0,0.0,0.0,0.0,0.0,0.0,0.0,0.0,0.0,0.0,0.0,0.0,0.0,0.0,25.0,0.0,71.0,0.0,0.0,0.0,0.0,0.0,4.0,0.0,0.08624
0.0,0.0,0.0,0.0,0.0,0.0,0.0,0.0,0.0,0.0,0.0,0.0,0.0,0.0,0.0,25.0,0.0,73.0,0.0,0.0,0.0,0.0,0.0,2.0,0.0,0.0882
0.0,0.0,0.0,0.0,0.0,0.0,0.0,0.0,0.0,0.0,0.0,0.0,0.0,0.0,0.0,28.0,0.0,72.0,0.0,0.0,0.0,0.0,0.0,0.0,0.0,0.2352
0.0,0.0,0.0,0.0,0.0,0.0,0.0,0.0,0.0,0.0,0.0,0.0,0.0,0.0,0.0,30.0,0.0,67.0,0.0,0.0,0.0,0.0,0.0,3.0,0.0,0.0833
0.0,0.0,0.0,0.0,0.0,0.0,0.0,0.0,0.0,0.0,0.0,0.0,0.0,0.0,0.0,35.0,0.0,63.0,0.0,0.0,0.0,0.0,0.0,2.0,0.0,0.07644
0.0,0.0,0.0,0.0,0.0,0.0,0.0,0.0,0.0,0.0,0.0,0.0,0.0,0.0,0.0,50.0,0.0,0.0,0.0,0.0,0.0,0.0,0.0,50.0,0.0,2.2
0.0,0.0,0.0,0.0,0.0,0.0,0.0,0.0,0.0,0.0,0.0,0.0,0.0,0.0,0.0,60.0,40.0,0.0,0.0,0.0,0.0,0.0,0.0,0.0,0.0,1.59
0.0,0.0,0.0,0.0,0.0,0.0,0.0,0.0,0.0,0.0,0.0,0.0,25.0,0.0,0.0,0.0,0.0,0.0,0.0,0.0,0.0,0.0,0.0,0.0,75.0,4.41
0.0,0.0,0.0,0.0,0.0,0.0,0.0,0.0,0.0,0.0,0.0,0.0,30.0,0.0,0.0,0.0,0.0,0.0,0.0,0.0,0.0,0.0,0.0,0.0,70.0,4.802
0.0,0.0,0.0,0.0,0.0,0.0,0.0,0.0,0.0,0.0,0.0,0.0,35.0,0.0,0.0,0.0,0.0,0.0,0.0,0.0,0.0,0.0,0.0,0.0,65.0,5.586
0.0,0.0,0.0,0.0,0.0,0.0,0.0,0.0,0.0,0.0,0.0,0.0,80.0,20.0,0.0,0.0,0.0,0.0,0.0,0.0,0.0,0.0,0.0,0.0,0.0,3.8
0.0,0.0,0.0,0.0,0.0,0.0,0.0,0.0,0.0,2.0,0.0,0.0,0.0,0.0,0.0,0.0,0.0,96.0,0.0,0.0,0.0,0.0,0.0,2.0,0.0,0.2999
0.0,0.0,0.0,0.0,0.0,0.0,0.0,0.0,0.0,3.3,0.0,0.0,0.0,0.0,0.0,0.0,3.3,56.0,0.0,0.0,37.4,0.0,0.0,0.0,0.0,0.9604
0.0,0.0,0.0,0.0,0.0,0.0,0.0,0.0,0.0,3.3,0.0,0.0,0.0,0.0,0.0,0.0,3.3,93.39,0.0,0.0,0.0,0.0,0.0,0.0,0.0,0.5978
0.0,0.0,0.0,0.0,0.0,0.0,0.0,0.0,0.0,3.3,0.0,0.0,0.0,0.0,0.0,0.0,3.3,93.4,0.0,0.0,0.0,0.0,0.0,0.0,0.0,0.5978
0.0,0.0,0.0,0.0,0.0,0.0,0.0,0.0,0.0,3.3,0.0,0.0,0.0,0.0,0.0,0.0,13.31,83.37999999999998,0.0,0.0,0.0,0.0,0.0,0.0,0.0,0.7644
0.0,0.0,0.0,0.0,0.0,0.0,0.0,0.0,0.0,3.3,0.0,0.0,0.0,0.0,0.0,0.0,23.32,73.37,0.0,0.0,0.0,0.0,0.0,0.0,0.0,1.323
0.0,0.0,0.0,0.0,0.0,0.0,0.0,0.0,0.0,5.0,0.0,0.0,0.0,0.0,0.0,5.0,0.0,90.0,0.0,0.0,0.0,0.0,0.0,0.0,0.0,1.127
0.0,0.0,0.0,0.0,0.0,0.0,0.0,0.0,0.0,5.9,0.0,0.0,0.0,0.0,0.0,0.0,0.0,0.0,0.0,0.0,53.3,0.0,40.8,0.0,0.0,0.7938
0.0,0.0,0.0,0.0,0.0,0.0,0.0,0.0,0.0,6.5,0.0,0.0,0.0,0.0,0.0,0.0,0.0,0.0,0.0,0.0,58.8,0.0,34.7,0.0,0.0,0.833
0.0,0.0,0.0,0.0,0.0,0.0,0.0,0.0,0.0,6.69,0.0,0.0,0.0,0.0,0.0,0.0,6.69,86.61,0.0,0.0,0.0,0.0,0.0,0.0,0.0,0.8134
0.0,0.0,0.0,0.0,0.0,0.0,0.0,0.0,0.0,6.69,0.0,0.0,0.0,0.0,0.0,0.0,16.68,45.95,0.0,0.0,30.67,0.0,0.0,0.0,0.0,1.372
0.0,0.0,0.0,0.0,0.0,0.0,0.0,0.0,0.0,6.69,0.0,0.0,0.0,0.0,0.0,0.0,16.68,76.62,0.0,0.0,0.0,0.0,0.0,0.0,0.0,1.137
0.0,0.0,0.0,0.0,0.0,0.0,0.0,0.0,0.0,6.69,0.0,0.0,0.0,0.0,0.0,0.0,26.67,66.63,0.0,0.0,0.0,0.0,0.0,0.0,0.0,1.372
0.0,0.0,0.0,0.0,0.0,0.0,0.0,0.0,0.0,6.7,0.0,0.0,0.0,0.0,0.0,0.0,6.7,52.0,0.0,0.0,34.6,0.0,0.0,0.0,0.0,1.156
0.0,0.0,0.0,0.0,0.0,0.0,0.0,0.0,0.0,6.7,0.0,0.0,0.0,0.0,0.0,0.0,6.7,86.59999999999998,0.0,0.0,0.0,0.0,0.0,0.0,0.0,0.8134
0.0,0.0,0.0,0.0,0.0,0.0,0.0,0.0,0.0,6.7,0.0,0.0,0.0,0.0,0.0,0.0,26.7,66.6,0.0,0.0,0.0,0.0,0.0,0.0,0.0,1.372
0.0,0.0,0.0,0.0,0.0,0.0,0.0,0.0,0.0,7.3,0.0,0.0,0.0,0.0,0.0,0.0,0.0,0.0,0.0,0.0,65.7,0.0,27.0,0.0,0.0,0.8918
0.0,0.0,0.0,0.0,0.0,0.0,0.0,0.0,0.0,7.9,0.0,0.0,0.0,0.0,0.0,0.0,0.0,0.0,0.0,0.0,71.2,0.0,20.9,0.0,0.0,0.98
0.0,0.0,0.0,0.0,0.0,0.0,0.0,0.0,0.0,8.099999999999998,0.0,0.0,0.0,0.0,0.0,0.0,0.0,0.0,0.0,0.0,45.95,0.0,45.95,0.0,0.0,0.8036
0.0,0.0,0.0,0.0,0.0,0.0,0.0,0.0,0.0,9.0,10.0,0.0,0.0,0.0,0.0,0.0,0.0,0.0,0.0,81.0,0.0,0.0,0.0,0.0,0.0,0.8261
0.0,0.0,0.0,0.0,0.0,0.0,0.0,0.0,0.0,9.090000000000002,0.0,0.0,0.0,0.0,0.0,90.91,0.0,0.0,0.0,0.0,0.0,0.0,0.0,0.0,0.0,0.1764
0.0,0.0,0.0,0.0,0.0,0.0,0.0,0.0,0.0,9.1,0.0,0.0,0.0,0.0,0.0,0.0,0.0,0.0,0.0,0.0,51.5,0.0,39.4,0.0,0.0,0.8526
0.0,0.0,0.0,0.0,0.0,0.0,0.0,0.0,0.0,9.5,5.0,0.0,0.0,0.0,0.0,0.0,0.0,0.0,0.0,85.5,0.0,0.0,0.0,0.0,0.0,0.5312
0.0,0.0,0.0,0.0,0.0,0.0,0.0,0.0,0.0,10.0,0.0,0.0,0.0,0.0,0.0,0.0,0.0,0.0,0.0,0.0,56.7,0.0,33.3,0.0,0.0,0.9114
0.0,0.0,0.0,0.0,0.0,0.0,0.0,0.0,0.0,10.0,0.0,0.0,0.0,0.0,0.0,0.0,0.0,54.0,0.0,0.0,36.0,0.0,0.0,0.0,0.0,1.186
0.0,0.0,0.0,0.0,0.0,0.0,0.0,0.0,0.0,10.0,0.0,0.0,0.0,0.0,0.0,0.0,0.0,75.0,0.0,0.0,15.0,0.0,0.0,0.0,0.0,1.049
0.0,0.0,0.0,0.0,0.0,0.0,0.0,0.0,0.0,10.0,0.0,0.0,0.0,0.0,0.0,0.0,0.0,88.0,0.0,0.0,0.0,0.0,0.0,2.0,0.0,0.4655
0.0,0.0,0.0,0.0,0.0,0.0,0.0,0.0,0.0,10.0,0.0,0.0,0.0,0.0,0.0,0.0,0.0,90.0,0.0,0.0,0.0,0.0,0.0,0.0,0.0,0.7448
0.0,0.0,0.0,0.0,0.0,0.0,0.0,0.0,0.0,10.0,0.0,0.0,0.0,0.0,0.0,0.0,10.0,48.0,0.0,0.0,32.0,0.0,0.0,0.0,0.0,1.343
0.0,0.0,0.0,0.0,0.0,0.0,0.0,0.0,0.0,10.0,0.0,0.0,0.0,0.0,0.0,0.0,10.0,80.0,0.0,0.0,0.0,0.0,0.0,0.0,0.0,1.088
0.0,0.0,0.0,0.0,0.0,0.0,0.0,0.0,0.0,10.0,0.0,0.0,0.0,0.0,0.0,0.0,15.0,75.0,0.0,0.0,0.0,0.0,0.0,0.0,0.0,1.431
0.0,0.0,0.0,0.0,0.0,0.0,0.0,0.0,0.0,10.0,0.0,0.0,0.0,0.0,0.0,0.0,20.0,70.0,0.0,0.0,0.0,0.0,0.0,0.0,0.0,1.284
0.0,0.0,0.0,0.0,0.0,0.0,0.0,0.0,0.0,10.0,0.0,0.0,0.0,0.0,0.0,10.0,0.0,80.0,0.0,0.0,0.0,0.0,0.0,0.0,0.0,1.568
0.0,0.0,0.0,0.0,0.0,0.0,0.0,0.0,0.0,10.0,0.0,0.0,0.0,0.0,0.0,80.0,0.0,10.0,0.0,0.0,0.0,0.0,0.0,0.0,0.0,3.234
0.0,0.0,0.0,0.0,0.0,0.0,0.0,0.0,0.0,10.0,0.0,0.0,0.0,0.0,0.0,90.0,0.0,0.0,0.0,0.0,0.0,0.0,0.0,0.0,0.0,0.196
0.0,0.0,0.0,0.0,0.0,0.0,0.0,0.0,0.0,11.1,0.0,0.0,0.0,0.0,0.0,0.0,0.0,0.0,0.0,0.0,63.0,0.0,25.9,0.0,0.0,0.9604
0.0,0.0,0.0,0.0,0.0,0.0,0.0,0.0,0.0,12.0,0.0,0.0,0.0,0.0,0.0,0.0,0.0,0.0,0.0,0.0,68.0,0.0,20.0,0.0,0.0,1.039
0.0,0.0,0.0,0.0,0.0,0.0,0.0,0.0,0.0,12.5,0.0,0.0,0.0,0.0,0.0,0.0,25.0,62.5,0.0,0.0,0.0,0.0,0.0,0.0,0.0,1.45
0.0,0.0,0.0,0.0,0.0,0.0,0.0,0.0,0.0,12.5,0.0,0.0,0.0,0.0,0.0,87.5,0.0,0.0,0.0,0.0,0.0,0.0,0.0,0.0,0.0,0.392
0.0,0.0,0.0,0.0,0.0,0.0,0.0,0.0,0.0,12.5,25.0,0.0,0.0,0.0,0.0,0.0,0.0,62.5,0.0,0.0,0.0,0.0,0.0,0.0,0.0,1.8424
0.0,0.0,0.0,0.0,0.0,0.0,0.0,0.0,0.0,12.906666666666668,0.0,0.0,0.0,0.0,32.26,0.0,0.0,19.353333333333335,0.0,0.0,35.48,0.0,0.0,0.0,0.0,1.0976
0.0,0.0,0.0,0.0,0.0,0.0,0.0,0.0,0.0,13.0,0.0,0.0,0.0,0.0,0.0,0.0,0.0,0.0,0.0,0.0,74.0,0.0,13.0,0.0,0.0,1.078
0.0,0.0,0.0,0.0,0.0,0.0,0.0,0.0,0.0,13.29,0.0,0.0,0.0,0.0,0.0,0.0,3.3,50.05,0.0,0.0,33.37,0.0,0.0,0.0,0.0,1.294
0.0,0.0,0.0,0.0,0.0,0.0,0.0,0.0,0.0,13.29,0.0,0.0,0.0,0.0,0.0,0.0,3.3,83.42,0.0,0.0,0.0,0.0,0.0,0.0,0.0,0.98
0.0,0.0,0.0,0.0,0.0,0.0,0.0,0.0,0.0,13.3,0.0,0.0,0.0,0.0,0.0,0.0,13.3,44.0,0.0,0.0,29.4,0.0,0.0,0.0,0.0,1.705
0.0,0.0,0.0,0.0,0.0,0.0,0.0,0.0,0.0,13.3,0.0,0.0,0.0,0.0,0.0,0.0,13.3,73.4,0.0,0.0,0.0,0.0,0.0,0.0,0.0,1.323
0.0,0.0,0.0,0.0,0.0,0.0,0.0,0.0,0.0,13.3,0.0,0.0,0.0,0.0,0.0,0.0,23.3,63.4,0.0,0.0,0.0,0.0,0.0,0.0,0.0,1.47
0.0,0.0,0.0,0.0,0.0,0.0,0.0,0.0,0.0,13.31,0.0,0.0,0.0,0.0,0.0,0.0,3.3,83.37999999999998,0.0,0.0,0.0,0.0,0.0,0.0,0.0,0.98
0.0,0.0,0.0,0.0,0.0,0.0,0.0,0.0,0.0,13.31,0.0,0.0,0.0,0.0,0.0,0.0,13.31,73.37,0.0,0.0,0.0,0.0,0.0,0.0,0.0,1.323
0.0,0.0,0.0,0.0,0.0,0.0,0.0,0.0,0.0,13.31,0.0,0.0,0.0,0.0,0.0,0.0,23.32,63.36,0.0,0.0,0.0,0.0,0.0,0.0,0.0,1.47
0.0,0.0,0.0,0.0,0.0,0.0,0.0,0.0,0.0,13.6,0.0,0.0,0.0,0.0,0.0,0.0,0.0,0.0,0.0,0.0,77.29999999999998,0.0,9.1,0.0,0.0,1.117
0.0,0.0,0.0,0.0,0.0,0.0,0.0,0.0,0.0,14.0,0.0,0.0,0.0,0.0,0.0,0.0,17.2,61.3,0.0,0.0,0.0,0.0,0.0,7.5,0.0,0.9212
0.0,0.0,0.0,0.0,0.0,0.0,0.0,0.0,0.0,14.0,0.0,0.0,0.0,0.0,0.0,0.0,26.0,60.0,0.0,0.0,0.0,0.0,0.0,0.0,0.0,1.254
0.0,0.0,0.0,0.0,0.0,0.0,0.0,0.0,0.0,14.2,5.0,0.0,0.0,0.0,0.0,0.0,0.0,0.0,0.0,80.79999999999998,0.0,0.0,0.0,0.0,0.0,2.348
0.0,0.0,0.0,0.0,0.0,0.0,0.0,0.0,0.0,14.29,0.0,0.0,0.0,0.0,0.0,85.70999999999998,0.0,0.0,0.0,0.0,0.0,0.0,0.0,0.0,0.0,0.588
0.0,0.0,0.0,0.0,0.0,0.0,0.0,0.0,0.0,14.3,0.0,0.0,0.0,0.0,0.0,0.0,0.0,0.0,0.0,0.0,81.0,0.0,4.7,0.0,0.0,1.147
0.0,0.0,0.0,0.0,0.0,0.0,0.0,0.0,0.0,14.6,0.0,0.0,0.0,0.0,0.0,0.0,0.0,0.0,0.0,0.0,83.0,0.0,2.4,0.0,0.0,1.196
0.0,0.0,0.0,0.0,0.0,0.0,0.0,0.0,0.0,14.816666666666668,0.0,0.0,0.0,0.0,0.0,0.0,0.0,51.85333333333334,0.0,0.0,33.33,0.0,0.0,0.0,0.0,0.825
0.0,0.0,0.0,0.0,0.0,0.0,0.0,0.0,0.0,14.816666666666668,22.22,0.0,0.0,0.0,0.0,0.0,0.0,62.96333333333334,0.0,0.0,0.0,0.0,0.0,0.0,0.0,1.8522
0.0,0.0,0.0,0.0,0.0,0.0,0.0,0.0,0.0,14.98,5.05,0.0,0.0,0.0,0.0,0.0,0.0,0.0,0.0,0.0,79.97,0.0,0.0,0.0,0.0,2.1
0.0,0.0,0.0,0.0,0.0,0.0,0.0,0.0,0.0,15.0,0.0,0.0,0.0,0.0,0.0,0.0,0.0,0.0,1.0,0.0,84.0,0.0,0.0,0.0,0.0,1.84
0.0,0.0,0.0,0.0,0.0,0.0,0.0,0.0,0.0,15.0,0.0,0.0,0.0,0.0,0.0,0.0,0.0,0.0,2.0,0.0,83.0,0.0,0.0,0.0,0.0,1.98
0.0,0.0,0.0,0.0,0.0,0.0,0.0,0.0,0.0,15.0,0.0,0.0,0.0,0.0,0.0,0.0,0.0,0.0,3.0,0.0,82.0,0.0,0.0,0.0,0.0,2.04
0.0,0.0,0.0,0.0,0.0,0.0,0.0,0.0,0.0,15.0,0.0,0.0,0.0,0.0,0.0,0.0,0.0,0.0,4.0,0.0,81.0,0.0,0.0,0.0,0.0,2.1
0.0,0.0,0.0,0.0,0.0,0.0,0.0,0.0,0.0,15.0,0.0,0.0,0.0,0.0,0.0,0.0,0.0,0.0,5.0,0.0,80.0,0.0,0.0,0.0,0.0,1.97
0.0,0.0,0.0,0.0,0.0,0.0,0.0,0.0,0.0,15.0,0.0,0.0,0.0,0.0,0.0,0.0,0.0,0.0,6.0,0.0,79.0,0.0,0.0,0.0,0.0,2.1
0.0,0.0,0.0,0.0,0.0,0.0,0.0,0.0,0.0,15.0,0.0,0.0,0.0,0.0,0.0,0.0,0.0,0.0,7.0,0.0,78.0,0.0,0.0,0.0,0.0,2.17
0.0,0.0,0.0,0.0,0.0,0.0,0.0,0.0,0.0,15.0,0.0,0.0,0.0,0.0,0.0,0.0,0.0,0.0,8.0,0.0,77.0,0.0,0.0,0.0,0.0,2.24
0.0,0.0,0.0,0.0,0.0,0.0,0.0,0.0,0.0,15.0,0.0,0.0,0.0,0.0,0.0,0.0,0.0,0.0,9.0,0.0,76.0,0.0,0.0,0.0,0.0,2.26
0.0,0.0,0.0,0.0,0.0,0.0,0.0,0.0,0.0,15.0,0.0,0.0,0.0,0.0,0.0,0.0,0.0,51.0,0.0,0.0,34.0,0.0,0.0,0.0,0.0,1.333
0.0,0.0,0.0,0.0,0.0,0.0,0.0,0.0,0.0,15.0,0.0,0.0,0.0,0.0,0.0,0.0,10.0,75.0,0.0,0.0,0.0,0.0,0.0,0.0,0.0,1.401
0.0,0.0,0.0,0.0,0.0,0.0,0.0,0.0,0.0,15.0,0.0,0.0,0.0,0.0,0.0,0.0,15.0,70.0,0.0,0.0,0.0,0.0,0.0,0.0,0.0,1.548
0.0,0.0,0.0,0.0,0.0,0.0,0.0,0.0,0.0,15.0,0.0,0.0,0.0,0.0,0.0,0.0,18.0,62.0,0.0,0.0,0.0,0.0,0.0,5.0,0.0,0.8918
0.0,0.0,0.0,0.0,0.0,0.0,0.0,0.0,0.0,15.0,0.0,0.0,0.0,0.0,0.0,0.0,25.0,60.0,0.0,0.0,0.0,0.0,0.0,0.0,0.0,1.372
0.0,0.0,0.0,0.0,0.0,0.0,0.0,0.0,0.0,15.0,0.0,0.0,0.0,0.0,0.0,15.0,0.0,70.0,0.0,0.0,0.0,0.0,0.0,0.0,0.0,2.156
0.0,0.0,0.0,0.0,0.0,0.0,0.0,0.0,0.0,15.0,0.0,0.0,0.0,0.0,0.0,70.0,0.0,15.0,0.0,0.0,0.0,0.0,0.0,0.0,0.0,3.577
0.0,0.0,0.0,0.0,0.0,0.0,0.0,0.0,0.0,15.0,1.0,0.0,0.0,0.0,0.0,0.0,0.0,0.0,0.0,0.0,84.0,0.0,0.0,0.0,0.0,1.86
0.0,0.0,0.0,0.0,0.0,0.0,0.0,0.0,0.0,15.0,2.0,0.0,0.0,0.0,0.0,0.0,0.0,0.0,0.0,0.0,83.0,0.0,0.0,0.0,0.0,1.97
0.0,0.0,0.0,0.0,0.0,0.0,0.0,0.0,0.0,15.0,3.0,0.0,0.0,0.0,0.0,0.0,0.0,0.0,0.0,0.0,82.0,0.0,0.0,0.0,0.0,2.01
0.0,0.0,0.0,0.0,0.0,0.0,0.0,0.0,0.0,15.0,4.0,0.0,0.0,0.0,0.0,0.0,0.0,0.0,0.0,0.0,81.0,0.0,0.0,0.0,0.0,2.06
0.0,0.0,0.0,0.0,0.0,0.0,0.0,0.0,0.0,15.0,5.0,0.0,0.0,0.0,0.0,0.0,0.0,0.0,0.0,0.0,80.0,0.0,0.0,0.0,0.0,2.17
0.0,0.0,0.0,0.0,0.0,0.0,0.0,0.0,0.0,15.0,7.0,0.0,0.0,0.0,0.0,0.0,0.0,0.0,0.0,0.0,78.0,0.0,0.0,0.0,0.0,2.3
0.0,0.0,0.0,0.0,0.0,0.0,0.0,0.0,0.0,15.0,8.0,0.0,0.0,0.0,0.0,0.0,0.0,0.0,0.0,0.0,77.0,0.0,0.0,0.0,0.0,2.2
0.0,0.0,0.0,0.0,0.0,0.0,0.0,0.0,0.0,15.0,9.0,0.0,0.0,0.0,0.0,0.0,0.0,0.0,0.0,0.0,76.0,0.0,0.0,0.0,0.0,2.14
0.0,0.0,0.0,0.0,0.0,0.0,0.0,0.0,0.0,15.0,10.0,0.0,0.0,0.0,0.0,0.0,0.0,0.0,0.0,0.0,75.0,0.0,0.0,0.0,0.0,2.46
0.0,0.0,0.0,0.0,0.0,0.0,0.0,0.0,0.0,15.0,11.0,0.0,0.0,0.0,0.0,0.0,0.0,0.0,0.0,0.0,74.0,0.0,0.0,0.0,0.0,2.44
0.0,0.0,0.0,0.0,0.0,0.0,0.0,0.0,0.0,16.0,0.0,0.0,0.0,0.0,0.0,0.0,12.8,61.2,0.0,0.0,0.0,0.0,0.0,10.0,0.0,0.98
0.0,0.0,0.0,0.0,0.0,0.0,0.0,0.0,0.0,16.436666666666667,0.0,0.0,0.0,0.0,27.4,0.0,0.0,24.653333333333332,0.0,0.0,31.51,0.0,0.0,0.0,0.0,1.0878
0.0,0.0,0.0,0.0,0.0,0.0,0.0,0.0,0.0,16.53,0.0,0.0,0.0,0.0,0.0,0.0,0.0,0.0,0.0,0.0,66.93,0.0,16.53,0.0,0.0,1.117
0.0,0.0,0.0,0.0,0.0,0.0,0.0,0.0,0.0,16.67,0.0,0.0,0.0,0.0,0.0,0.0,20.0,63.33,0.0,0.0,0.0,0.0,0.0,0.0,0.0,1.637
0.0,0.0,0.0,0.0,0.0,0.0,0.0,0.0,0.0,16.67,0.0,0.0,0.0,0.0,0.0,83.33,0.0,0.0,0.0,0.0,0.0,0.0,0.0,0.0,0.0,0.784
0.0,0.0,0.0,0.0,0.0,0.0,0.0,0.0,0.0,16.68,0.0,0.0,0.0,0.0,0.0,0.0,6.69,45.95,0.0,0.0,30.67,0.0,0.0,0.0,0.0,1.666
0.0,0.0,0.0,0.0,0.0,0.0,0.0,0.0,0.0,16.68,0.0,0.0,0.0,0.0,0.0,0.0,6.69,76.62,0.0,0.0,0.0,0.0,0.0,0.0,0.0,1.313
0.0,0.0,0.0,0.0,0.0,0.0,0.0,0.0,0.0,16.68,0.0,0.0,0.0,0.0,0.0,0.0,16.68,66.63,0.0,0.0,0.0,0.0,0.0,0.0,0.0,1.499
0.0,0.0,0.0,0.0,0.0,0.0,0.0,0.0,0.0,16.68,0.0,0.0,0.0,0.0,0.0,0.0,26.67,56.64,0.0,0.0,0.0,0.0,0.0,0.0,0.0,1.617
0.0,0.0,0.0,0.0,0.0,0.0,0.0,0.0,0.0,16.7,0.0,0.0,0.0,0.0,0.0,0.0,20.0,63.3,0.0,0.0,0.0,0.0,0.0,0.0,0.0,1.548
0.0,0.0,0.0,0.0,0.0,0.0,0.0,0.0,0.0,16.72,0.0,0.0,0.0,0.0,0.0,0.0,26.63,56.66,0.0,0.0,0.0,0.0,0.0,0.0,0.0,1.617
0.0,0.0,0.0,0.0,0.0,0.0,0.0,0.0,0.0,17.0,0.0,0.0,0.0,0.0,0.0,0.0,13.6,61.9,0.0,0.0,0.0,0.0,0.0,7.5,0.0,0.9506
0.0,0.0,0.0,0.0,0.0,0.0,0.0,0.0,0.0,17.0,0.0,0.0,0.0,0.0,0.0,83.0,0.0,0.0,0.0,0.0,0.0,0.0,0.0,0.0,0.0,1.28
0.0,0.0,0.0,0.0,0.0,0.0,0.0,0.0,0.0,17.0,0.0,0.0,0.0,0.0,20.0,59.4,3.6,0.0,0.0,0.0,0.0,0.0,0.0,0.0,0.0,1.66208
0.0,0.0,0.0,0.0,0.0,0.0,0.0,0.0,0.0,17.0,15.0,0.0,0.0,0.0,0.0,68.0,0.0,0.0,0.0,0.0,0.0,0.0,0.0,0.0,0.0,1.985
0.0,0.0,0.0,0.0,0.0,0.0,0.0,0.0,0.0,17.71,18.75,0.0,0.0,0.0,0.0,0.0,0.0,63.540000000000006,0.0,0.0,0.0,0.0,0.0,0.0,0.0,1.8914
0.0,0.0,0.0,0.0,0.0,0.0,0.0,0.0,0.0,18.0,0.0,0.0,0.0,0.0,0.0,0.0,14.4,62.6,0.0,0.0,0.0,0.0,0.0,5.0,0.0,0.9212
0.0,0.0,0.0,0.0,0.0,0.0,0.0,0.0,0.0,18.0,10.0,0.0,0.0,0.0,0.0,0.0,0.0,0.0,0.0,72.0,0.0,0.0,0.0,0.0,0.0,1.865
0.0,0.0,0.0,0.0,0.0,0.0,0.0,0.0,0.0,18.2,0.0,0.0,0.0,0.0,0.0,0.0,18.2,63.6,0.0,0.0,0.0,0.0,0.0,0.0,0.0,1.548
0.0,0.0,0.0,0.0,0.0,0.0,0.0,0.0,0.0,18.24,0.0,0.0,0.0,0.0,0.0,0.0,18.24,63.53,0.0,0.0,0.0,0.0,0.0,0.0,0.0,1.548
0.0,0.0,0.0,0.0,0.0,0.0,0.0,0.0,0.0,18.3,0.0,0.0,0.0,0.0,0.0,0.0,0.0,0.0,0.0,0.0,73.09999999999998,0.0,8.599999999999998,0.0,0.0,1.176
0.0,0.0,0.0,0.0,0.0,0.0,0.0,0.0,0.0,18.666666666666668,0.0,0.0,0.0,0.0,0.0,0.0,9.6,61.733333333333334,0.0,0.0,0.0,0.0,0.0,10.0,0.0,1.009
0.0,0.0,0.0,0.0,0.0,0.0,0.0,0.0,0.0,19.1,0.0,0.0,0.0,0.0,0.0,0.0,0.0,0.0,0.0,0.0,76.4,0.0,4.5,0.0,0.0,1.196
0.0,0.0,0.0,0.0,0.0,0.0,0.0,0.0,0.0,19.5,0.0,0.0,0.0,0.0,0.0,0.0,0.0,0.0,0.0,0.0,78.2,0.0,2.3,0.0,0.0,1.294
0.0,0.0,0.0,0.0,0.0,0.0,0.0,0.0,0.0,19.833333333333332,0.0,0.0,0.0,0.0,15.0,60.96666666666666,4.2,0.0,0.0,0.0,0.0,0.0,0.0,0.0,0.0,1.66208
0.0,0.0,0.0,0.0,0.0,0.0,0.0,0.0,0.0,20.0,0.0,0.0,0.0,0.0,0.0,0.0,0.0,0.0,0.0,0.0,80.0,0.0,0.0,0.0,0.0,1.264
0.0,0.0,0.0,0.0,0.0,0.0,0.0,0.0,0.0,20.0,0.0,0.0,0.0,0.0,0.0,0.0,0.0,48.0,0.0,0.0,32.0,0.0,0.0,0.0,0.0,1.676
0.0,0.0,0.0,0.0,0.0,0.0,0.0,0.0,0.0,20.0,0.0,0.0,0.0,0.0,0.0,0.0,0.0,66.7,0.0,0.0,13.3,0.0,0.0,0.0,0.0,1.47
0.0,0.0,0.0,0.0,0.0,0.0,0.0,0.0,0.0,20.0,0.0,0.0,0.0,0.0,0.0,0.0,0.0,70.0,0.0,0.0,0.0,0.0,0.0,10.0,0.0,0.9604
0.0,0.0,0.0,0.0,0.0,0.0,0.0,0.0,0.0,20.0,0.0,0.0,0.0,0.0,0.0,0.0,0.0,78.0,0.0,0.0,0.0,0.0,0.0,2.0,0.0,0.6742
0.0,0.0,0.0,0.0,0.0,0.0,0.0,0.0,0.0,20.0,0.0,0.0,0.0,0.0,0.0,0.0,0.0,80.0,0.0,0.0,0.0,0.0,0.0,0.0,0.0,1.313
0.0,0.0,0.0,0.0,0.0,0.0,0.0,0.0,0.0,20.0,0.0,0.0,0.0,0.0,0.0,0.0,5.0,75.0,0.0,0.0,0.0,0.0,0.0,0.0,0.0,1.558
0.0,0.0,0.0,0.0,0.0,0.0,0.0,0.0,0.0,20.0,0.0,0.0,0.0,0.0,0.0,0.0,10.0,62.5,0.0,0.0,0.0,0.0,0.0,7.5,0.0,0.98
0.0,0.0,0.0,0.0,0.0,0.0,0.0,0.0,0.0,20.0,0.0,0.0,0.0,0.0,0.0,0.0,15.0,65.0,0.0,0.0,0.0,0.0,0.0,0.0,0.0,1.813
0.0,0.0,0.0,0.0,0.0,0.0,0.0,0.0,0.0,20.0,0.0,0.0,0.0,0.0,0.0,0.0,20.0,55.0,0.0,0.0,5.0,0.0,0.0,0.0,0.0,1.764
0.0,0.0,0.0,0.0,0.0,0.0,0.0,0.0,0.0,20.0,0.0,0.0,0.0,0.0,0.0,0.0,20.0,57.0,0.0,0.0,3.0,0.0,0.0,0.0,0.0,1.666
0.0,0.0,0.0,0.0,0.0,0.0,0.0,0.0,0.0,20.0,0.0,0.0,0.0,0.0,0.0,0.0,20.0,60.0,0.0,0.0,0.0,0.0,0.0,0.0,0.0,1.568
0.0,0.0,0.0,0.0,0.0,0.0,0.0,0.0,0.0,20.0,0.0,0.0,0.0,0.0,0.0,20.0,0.0,60.0,0.0,0.0,0.0,0.0,0.0,0.0,0.0,2.254
0.0,0.0,0.0,0.0,0.0,0.0,0.0,0.0,0.0,20.0,0.0,0.0,0.0,0.0,0.0,60.0,0.0,20.0,0.0,0.0,0.0,0.0,0.0,0.0,0.0,3.871
0.0,0.0,0.0,0.0,0.0,0.0,0.0,0.0,0.0,20.0,0.0,0.0,0.0,0.0,0.0,64.0,16.0,0.0,0.0,0.0,0.0,0.0,0.0,0.0,0.0,2.31
0.0,0.0,0.0,0.0,0.0,0.0,0.0,0.0,0.0,20.0,0.0,0.0,0.0,0.0,0.0,80.0,0.0,0.0,0.0,0.0,0.0,0.0,0.0,0.0,0.0,1.225
0.0,0.0,0.0,0.0,0.0,0.0,0.0,0.0,0.0,20.436666666666667,0.0,0.0,0.0,0.0,21.9,0.0,0.0,30.653333333333332,0.0,0.0,27.01,0.0,0.0,0.0,0.0,1.1074
0.0,0.0,0.0,0.0,0.0,0.0,0.0,0.0,0.0,20.84,0.0,0.0,0.0,0.0,0.0,0.0,15.0,64.16,0.0,0.0,0.0,0.0,0.0,0.0,0.0,1.695
0.0,0.0,0.0,0.0,0.0,0.0,0.0,0.0,0.0,21.0,0.0,0.0,0.0,0.0,0.0,0.0,10.8,63.2,0.0,0.0,0.0,0.0,0.0,5.0,0.0,0.9408
0.0,0.0,0.0,0.0,0.0,0.0,0.0,0.0,0.0,21.333333333333332,0.0,0.0,0.0,0.0,0.0,0.0,6.4,62.266666666666666,0.0,0.0,0.0,0.0,0.0,10.0,0.0,1.019
0.0,0.0,0.0,0.0,0.0,0.0,0.0,0.0,0.0,21.426666666666666,0.0,0.0,0.0,0.0,0.0,0.0,0.0,57.14333333333333,0.0,0.0,21.43,0.0,0.0,0.0,0.0,0.897
0.0,0.0,0.0,0.0,0.0,0.0,0.0,0.0,0.0,21.426666666666666,14.29,0.0,0.0,0.0,0.0,0.0,0.0,64.28333333333333,0.0,0.0,0.0,0.0,0.0,0.0,0.0,1.9012
0.0,0.0,0.0,0.0,0.0,0.0,0.0,0.0,0.0,22.0,0.0,0.0,0.0,0.0,0.0,0.0,0.0,64.7,0.0,0.0,13.3,0.0,0.0,0.0,0.0,1.607
0.0,0.0,0.0,0.0,0.0,0.0,0.0,0.0,0.0,22.0,0.0,0.0,0.0,0.0,0.0,0.0,0.0,78.0,0.0,0.0,0.0,0.0,0.0,0.0,0.0,1.421
0.0,0.0,0.0,0.0,0.0,0.0,0.0,0.0,0.0,22.0,0.0,0.0,0.0,0.0,0.0,0.0,18.0,60.0,0.0,0.0,0.0,0.0,0.0,0.0,0.0,1.49
0.0,0.0,0.0,0.0,0.0,0.0,0.0,0.0,0.0,22.0,12.0,0.0,0.0,0.0,0.0,66.0,0.0,0.0,0.0,0.0,0.0,0.0,0.0,0.0,0.0,1.945
0.0,0.0,0.0,0.0,0.0,0.0,0.0,0.0,0.0,22.5,0.0,0.0,0.0,0.0,0.0,0.0,0.0,72.5,0.0,0.0,0.0,0.0,0.0,5.0,0.0,0.835
0.0,0.0,0.0,0.0,0.0,0.0,0.0,0.0,0.0,22.5,10.0,0.0,0.0,0.0,0.0,67.5,0.0,0.0,0.0,0.0,0.0,0.0,0.0,0.0,0.0,1.522
0.0,0.0,0.0,0.0,0.0,0.0,0.0,0.0,0.0,22.666666666666668,0.0,0.0,0.0,0.0,10.0,62.53333333333334,4.8,0.0,0.0,0.0,0.0,0.0,0.0,0.0,0.0,1.63268
0.0,0.0,0.0,0.0,0.0,0.0,0.0,0.0,0.0,22.92,0.0,0.0,0.0,0.0,0.0,0.0,0.0,0.0,0.0,0.0,69.07,0.0,8.01,0.0,0.0,1.274
0.0,0.0,0.0,0.0,0.0,0.0,0.0,0.0,0.0,23.0,0.0,0.0,0.0,0.0,0.0,65.0,12.0,0.0,0.0,0.0,0.0,0.0,0.0,0.0,0.0,2.42
0.0,0.0,0.0,0.0,0.0,0.0,0.0,0.0,0.0,23.23,0.0,0.0,0.0,0.0,0.0,0.0,13.26,63.51,0.0,0.0,0.0,0.0,0.0,0.0,0.0,1.676
0.0,0.0,0.0,0.0,0.0,0.0,0.0,0.0,0.0,23.32,0.0,0.0,0.0,0.0,0.0,0.0,3.3,73.37,0.0,0.0,0.0,0.0,0.0,0.0,0.0,1.539
0.0,0.0,0.0,0.0,0.0,0.0,0.0,0.0,0.0,23.32,0.0,0.0,0.0,0.0,0.0,0.0,13.31,63.36,0.0,0.0,0.0,0.0,0.0,0.0,0.0,1.676
0.0,0.0,0.0,0.0,0.0,0.0,0.0,0.0,0.0,23.7,5.0,0.0,0.0,0.0,0.0,0.0,0.0,0.0,0.0,71.3,0.0,0.0,0.0,0.0,0.0,0.5802
0.0,0.0,0.0,0.0,0.0,0.0,0.0,0.0,0.0,23.726666666666667,0.0,0.0,0.0,0.0,20.34,0.0,0.0,23.733333333333334,0.0,0.0,32.2,0.0,0.0,0.0,0.0,1.1662
0.0,0.0,0.0,0.0,0.0,0.0,0.0,0.0,0.0,24.0,0.0,0.0,0.0,0.0,0.0,0.0,7.2,63.8,0.0,0.0,0.0,0.0,0.0,5.0,0.0,0.9506
0.0,0.0,0.0,0.0,0.0,0.0,0.0,0.0,0.0,24.87,0.0,0.0,0.0,0.0,0.0,74.62999999999998,0.0,0.0,0.0,0.0,0.0,0.0,0.0,0.0,0.0,2.106
0.0,0.0,0.0,0.0,0.0,0.0,0.0,0.0,0.0,24.91,0.0,0.0,0.0,0.0,0.0,74.73999999999998,0.0,0.0,0.0,0.0,0.0,0.0,0.0,0.0,0.0,2.003
0.0,0.0,0.0,0.0,0.0,0.0,0.0,0.0,0.0,24.94,0.0,0.0,0.0,0.0,0.0,74.81,0.0,0.0,0.0,0.0,0.0,0.0,0.0,0.0,0.0,2.106
0.0,0.0,0.0,0.0,0.0,0.0,0.0,0.0,0.0,24.96,0.0,0.0,0.0,0.0,0.0,74.87,0.0,0.0,0.0,0.0,0.0,0.0,0.0,0.0,0.0,2.003
0.0,0.0,0.0,0.0,0.0,0.0,0.0,0.0,0.0,25.0,0.0,0.0,0.0,0.0,0.0,0.0,0.0,35.0,0.0,0.0,40.0,0.0,0.0,0.0,0.0,1.568
0.0,0.0,0.0,0.0,0.0,0.0,0.0,0.0,0.0,25.0,0.0,0.0,0.0,0.0,0.0,0.0,0.0,45.0,0.0,0.0,30.0,0.0,0.0,0.0,0.0,1.666
0.0,0.0,0.0,0.0,0.0,0.0,0.0,0.0,0.0,25.0,0.0,0.0,0.0,0.0,0.0,0.0,0.0,65.0,0.0,0.0,10.0,0.0,0.0,0.0,0.0,1.666
0.0,0.0,0.0,0.0,0.0,0.0,0.0,0.0,0.0,25.0,0.0,0.0,0.0,0.0,0.0,0.0,0.0,75.0,0.0,0.0,0.0,0.0,0.0,0.0,0.0,1.5545
0.0,0.0,0.0,0.0,0.0,0.0,0.0,0.0,0.0,25.0,0.0,0.0,0.0,0.0,0.0,0.0,5.0,70.0,0.0,0.0,0.0,0.0,0.0,0.0,0.0,1.882
0.0,0.0,0.0,0.0,0.0,0.0,0.0,0.0,0.0,25.0,0.0,0.0,0.0,0.0,0.0,25.0,0.0,50.0,0.0,0.0,0.0,0.0,0.0,0.0,0.0,2.646
0.0,0.0,0.0,0.0,0.0,0.0,0.0,0.0,0.0,25.0,0.0,0.0,0.0,0.0,0.0,50.0,0.0,25.0,0.0,0.0,0.0,0.0,0.0,0.0,0.0,4.116
0.0,0.0,0.0,0.0,0.0,0.0,0.0,0.0,0.0,25.0,0.0,0.0,0.0,0.0,0.0,75.0,0.0,0.0,0.0,0.0,0.0,0.0,0.0,0.0,0.0,1.646
0.0,0.0,0.0,0.0,0.0,0.0,0.0,0.0,0.0,25.003333333333334,0.0,0.0,0.0,0.0,15.62,0.0,0.0,37.50666666666667,0.0,0.0,21.87,0.0,0.0,0.0,0.0,1.1172
0.0,0.0,0.0,0.0,0.0,0.0,0.0,0.0,0.0,25.333333333333332,0.0,0.0,0.0,0.0,0.0,0.0,3.6,63.56666666666666,0.0,0.0,0.0,0.0,0.0,7.5,0.0,0.9996
0.0,0.0,0.0,0.0,0.0,0.0,0.0,0.0,0.0,25.5,0.0,0.0,0.0,0.0,5.0,64.1,5.4,0.0,0.0,0.0,0.0,0.0,0.0,0.0,0.0,1.80516
0.0,0.0,0.0,0.0,0.0,0.0,0.0,0.0,0.0,26.0,0.0,0.0,0.0,0.0,0.0,66.0,8.0,0.0,0.0,0.0,0.0,0.0,0.0,0.0,0.0,2.61
0.0,0.0,0.0,0.0,0.0,0.0,0.0,0.0,0.0,26.0,13.0,0.0,0.0,0.0,0.0,61.0,0.0,0.0,0.0,0.0,0.0,0.0,0.0,0.0,0.0,2.094
0.0,0.0,0.0,0.0,0.0,0.0,0.0,0.0,0.0,26.58,0.0,0.0,0.0,0.0,18.99,0.0,0.0,17.72,0.0,0.0,36.71,0.0,0.0,0.0,0.0,1.1858
0.0,0.0,0.0,0.0,0.0,0.0,0.0,0.0,0.0,26.67,0.0,0.0,0.0,0.0,0.0,0.0,6.69,66.63,0.0,0.0,0.0,0.0,0.0,0.0,0.0,1.784
0.0,0.0,0.0,0.0,0.0,0.0,0.0,0.0,0.0,26.67,0.0,0.0,0.0,0.0,0.0,0.0,16.68,56.64,0.0,0.0,0.0,0.0,0.0,0.0,0.0,1.823
0.0,0.0,0.0,0.0,0.0,0.0,0.0,0.0,0.0,27.0,0.0,0.0,0.0,0.0,0.0,0.0,3.6,64.4,0.0,0.0,0.0,0.0,0.0,5.0,0.0,0.9604
0.0,0.0,0.0,0.0,0.0,0.0,0.0,0.0,0.0,27.0,0.0,0.0,0.0,0.0,0.0,0.0,13.0,60.0,0.0,0.0,0.0,0.0,0.0,0.0,0.0,1.911
0.0,0.0,0.0,0.0,0.0,0.0,0.0,0.0,0.0,27.0,10.0,0.0,0.0,0.0,0.0,63.0,0.0,0.0,0.0,0.0,0.0,0.0,0.0,0.0,0.0,2.221
0.0,0.0,0.0,0.0,0.0,0.0,0.0,0.0,0.0,28.0,0.0,0.0,0.0,0.0,0.0,0.0,12.0,56.0,0.0,0.0,4.0,0.0,0.0,0.0,0.0,1.813
0.0,0.0,0.0,0.0,0.0,0.0,0.0,0.0,0.0,28.0,0.0,0.0,0.0,0.0,0.0,0.0,15.0,57.0,0.0,0.0,0.0,0.0,0.0,0.0,0.0,1.921
0.0,0.0,0.0,0.0,0.0,0.0,0.0,0.0,0.0,28.0,7.0,0.0,0.0,0.0,0.0,65.0,0.0,0.0,0.0,0.0,0.0,0.0,0.0,0.0,0.0,1.818
0.0,0.0,0.0,0.0,0.0,0.0,0.0,0.0,0.0,28.0,15.0,0.0,0.0,0.0,0.0,57.0,0.0,0.0,0.0,0.0,0.0,0.0,0.0,0.0,0.0,2.482
0.0,0.0,0.0,0.0,0.0,0.0,0.0,0.0,0.0,28.333333333333332,0.0,0.0,0.0,0.0,0.0,0.0,2.0,64.66666666666666,0.0,0.0,0.0,0.0,0.0,5.0,0.0,0.9702
0.0,0.0,0.0,0.0,0.0,0.0,0.0,0.0,0.0,28.333333333333332,0.0,0.0,0.0,0.0,0.0,65.66666666666666,6.0,0.0,0.0,0.0,0.0,0.0,0.0,0.0,0.0,1.81496
0.0,0.0,0.0,0.0,0.0,0.0,0.0,0.0,0.0,29.0,0.0,0.0,0.0,0.0,0.0,0.0,0.0,69.0,0.0,0.0,0.0,0.0,0.0,2.0,0.0,0.882
0.0,0.0,0.0,0.0,0.0,0.0,0.0,0.0,0.0,29.17,0.0,0.0,0.0,0.0,0.0,0.0,5.0,65.83,0.0,0.0,0.0,0.0,0.0,0.0,0.0,2.097
0.0,0.0,0.0,0.0,0.0,0.0,0.0,0.0,0.0,29.8,10.0,0.0,0.0,0.0,0.0,0.0,0.0,0.0,0.0,60.2,0.0,0.0,0.0,0.0,0.0,2.23
0.0,0.0,0.0,0.0,0.0,0.0,0.0,0.0,0.0,30.0,0.0,0.0,0.0,0.0,0.0,0.0,0.0,20.0,0.0,0.0,50.0,0.0,0.0,0.0,0.0,1.568
0.0,0.0,0.0,0.0,0.0,0.0,0.0,0.0,0.0,30.0,0.0,0.0,0.0,0.0,0.0,0.0,0.0,35.0,0.0,0.0,35.0,0.0,0.0,0.0,0.0,1.764
0.0,0.0,0.0,0.0,0.0,0.0,0.0,0.0,0.0,30.0,0.0,0.0,0.0,0.0,0.0,0.0,0.0,40.0,0.0,0.0,30.0,0.0,0.0,0.0,0.0,1.764
0.0,0.0,0.0,0.0,0.0,0.0,0.0,0.0,0.0,30.0,0.0,0.0,0.0,0.0,0.0,0.0,0.0,70.0,0.0,0.0,0.0,0.0,0.0,0.0,0.0,1.8384999999999998
0.0,0.0,0.0,0.0,0.0,0.0,0.0,0.0,0.0,30.0,0.0,0.0,0.0,0.0,0.0,30.0,0.0,40.0,0.0,0.0,0.0,0.0,0.0,0.0,0.0,2.842
0.0,0.0,0.0,0.0,0.0,0.0,0.0,0.0,0.0,30.0,0.0,0.0,0.0,0.0,0.0,40.0,0.0,30.0,0.0,0.0,0.0,0.0,0.0,0.0,0.0,4.508
0.0,0.0,0.0,0.0,0.0,0.0,0.0,0.0,0.0,30.0,0.0,0.0,0.0,0.0,0.0,70.0,0.0,0.0,0.0,0.0,0.0,0.0,0.0,0.0,0.0,1.84
0.0,0.0,0.0,0.0,0.0,0.0,0.0,0.0,0.0,30.249999999999996,0.0,0.0,0.0,0.0,8.4,0.0,0.0,45.379999999999995,0.0,0.0,15.97,0.0,0.0,0.0,0.0,0.9506
0.0,0.0,0.0,0.0,0.0,0.0,0.0,0.0,0.0,31.0,0.0,0.0,0.0,0.0,0.0,0.0,12.0,51.0,0.0,0.0,6.0,0.0,0.0,0.0,0.0,1.539
0.0,0.0,0.0,0.0,0.0,0.0,0.0,0.0,0.0,31.4,5.0,0.0,0.0,0.0,0.0,0.0,0.0,0.0,0.0,63.6,0.0,0.0,0.0,0.0,0.0,1.841
0.0,0.0,0.0,0.0,0.0,0.0,0.0,0.0,0.0,32.0,0.0,0.0,0.0,0.0,0.0,0.0,5.0,63.0,0.0,0.0,0.0,0.0,0.0,0.0,0.0,2.078
0.0,0.0,0.0,0.0,0.0,0.0,0.0,0.0,0.0,32.0,0.0,0.0,0.0,0.0,0.0,0.0,10.0,58.0,0.0,0.0,0.0,0.0,0.0,0.0,0.0,2.156
0.0,0.0,0.0,0.0,0.0,0.0,0.0,0.0,0.0,32.0,0.0,0.0,0.0,0.0,0.0,66.0,2.0,0.0,0.0,0.0,0.0,0.0,0.0,0.0,0.0,2.62
0.0,0.0,0.0,0.0,0.0,0.0,0.0,0.0,0.0,32.0,0.0,0.0,0.0,0.0,0.0,68.0,0.0,0.0,0.0,0.0,0.0,0.0,0.0,0.0,0.0,1.862
0.0,0.0,0.0,0.0,0.0,0.0,0.0,0.0,0.0,33.0,0.0,0.0,0.0,0.0,0.0,0.0,0.0,67.0,0.0,0.0,0.0,0.0,0.0,0.0,0.0,1.862
0.0,0.0,0.0,0.0,0.0,0.0,0.0,0.0,0.0,33.0,0.0,0.0,0.0,0.0,0.0,67.0,0.0,0.0,0.0,0.0,0.0,0.0,0.0,0.0,0.0,2.65
0.0,0.0,0.0,0.0,0.0,0.0,0.0,0.0,0.0,33.3,0.0,0.0,0.0,0.0,0.0,66.7,0.0,0.0,0.0,0.0,0.0,0.0,0.0,0.0,0.0,2.009
0.0,0.0,0.0,0.0,0.0,0.0,0.0,0.0,0.0,33.33,0.0,0.0,0.0,0.0,0.0,0.0,0.0,66.67,0.0,0.0,0.0,0.0,0.0,0.0,0.0,1.617
0.0,0.0,0.0,0.0,0.0,0.0,0.0,0.0,0.0,33.33,0.0,0.0,0.0,0.0,0.0,66.67,0.0,0.0,0.0,0.0,0.0,0.0,0.0,0.0,0.0,2.6494999999999997
0.0,0.0,0.0,0.0,0.0,0.0,0.0,0.0,0.0,33.96,0.0,0.0,0.0,0.0,7.55,0.0,0.0,33.96,0.0,0.0,24.53,0.0,0.0,0.0,0.0,1.0486
0.0,0.0,0.0,0.0,0.0,0.0,0.0,0.0,0.0,34.8,13.0,0.0,0.0,0.0,0.0,52.2,0.0,0.0,0.0,0.0,0.0,0.0,0.0,0.0,0.0,2.578
0.0,0.0,0.0,0.0,0.0,0.0,0.0,0.0,0.0,35.0,0.0,0.0,0.0,0.0,0.0,30.0,0.0,35.0,0.0,0.0,0.0,0.0,0.0,0.0,0.0,4.753
0.0,0.0,0.0,0.0,0.0,0.0,0.0,0.0,0.0,35.0,0.0,0.0,0.0,0.0,0.0,35.0,0.0,30.0,0.0,0.0,0.0,0.0,0.0,0.0,0.0,3.136
0.0,0.0,0.0,0.0,0.0,0.0,0.0,0.0,0.0,35.52000000000001,0.0,0.0,0.0,0.0,0.0,64.48,0.0,0.0,0.0,0.0,0.0,0.0,0.0,0.0,0.0,1.519
0.0,0.0,0.0,0.0,0.0,0.0,0.0,0.0,0.0,36.0,0.0,0.0,0.0,0.0,0.0,64.0,0.0,0.0,0.0,0.0,0.0,0.0,0.0,0.0,0.0,2.29
0.0,0.0,0.0,0.0,0.0,0.0,0.0,0.0,0.0,36.0,10.0,0.0,0.0,0.0,0.0,54.0,0.0,0.0,0.0,0.0,0.0,0.0,0.0,0.0,0.0,2.417
0.0,0.0,0.0,0.0,0.0,0.0,0.0,0.0,0.0,36.36,0.0,0.0,0.0,0.0,0.0,63.64,0.0,0.0,0.0,0.0,0.0,0.0,0.0,0.0,0.0,1.597
0.0,0.0,0.0,0.0,0.0,0.0,0.0,0.0,0.0,36.986666666666665,0.0,0.0,0.0,0.0,6.85,0.0,0.0,24.653333333333332,0.0,0.0,31.51,0.0,0.0,0.0,0.0,1.1074
0.0,0.0,0.0,0.0,0.0,0.0,0.0,0.0,0.0,37.3,7.0,0.0,0.0,0.0,0.0,55.7,0.0,0.0,0.0,0.0,0.0,0.0,0.0,0.0,0.0,2.294
0.0,0.0,0.0,0.0,0.0,0.0,0.0,0.0,0.0,38.0,5.0,0.0,0.0,0.0,0.0,0.0,0.0,0.0,0.0,57.0,0.0,0.0,0.0,0.0,0.0,2.125
0.0,0.0,0.0,0.0,0.0,0.0,0.0,0.0,0.0,38.1,0.0,0.0,0.0,0.0,0.0,61.9,0.0,0.0,0.0,0.0,0.0,0.0,0.0,0.0,0.0,1.666
0.0,0.0,0.0,0.0,0.0,0.0,0.0,0.0,0.0,39.0,0.0,0.0,0.0,0.0,0.0,0.0,0.0,59.0,0.0,0.0,0.0,0.0,0.0,2.0,0.0,1.09
0.0,0.0,0.0,0.0,0.0,0.0,0.0,0.0,0.0,39.2,2.0,0.0,0.0,0.0,0.0,58.8,0.0,0.0,0.0,0.0,0.0,0.0,0.0,0.0,0.0,1.91
0.0,0.0,0.0,0.0,0.0,0.0,0.0,0.0,0.0,40.0,0.0,0.0,0.0,0.0,0.0,0.0,0.0,60.0,0.0,0.0,0.0,0.0,0.0,0.0,0.0,2.18
0.0,0.0,0.0,0.0,0.0,0.0,0.0,0.0,0.0,40.0,0.0,0.0,0.0,0.0,0.0,40.0,0.0,20.0,0.0,0.0,0.0,0.0,0.0,0.0,0.0,3.43
0.0,0.0,0.0,0.0,0.0,0.0,0.0,0.0,0.0,41.9,7.0,0.0,0.0,0.0,0.0,51.1,0.0,0.0,0.0,0.0,0.0,0.0,0.0,0.0,0.0,1.461
0.0,0.0,0.0,0.0,0.0,0.0,0.0,0.0,0.0,42.55,0.0,0.0,0.0,0.0,0.0,57.45,0.0,0.0,0.0,0.0,0.0,0.0,0.0,0.0,0.0,1.715
0.0,0.0,0.0,0.0,0.0,0.0,0.0,0.0,0.0,42.7,5.0,0.0,0.0,0.0,0.0,52.3,0.0,0.0,0.0,0.0,0.0,0.0,0.0,0.0,0.0,2.196
0.0,0.0,0.0,0.0,0.0,0.0,0.0,0.0,0.0,43.01,0.0,0.0,0.0,0.0,0.0,56.99,0.0,0.0,0.0,0.0,0.0,0.0,0.0,0.0,0.0,1.735
0.0,0.0,0.0,0.0,0.0,0.0,0.0,0.0,0.0,44.44,0.0,0.0,0.0,0.0,0.0,55.56,0.0,0.0,0.0,0.0,0.0,0.0,0.0,0.0,0.0,1.793
0.0,0.0,0.0,0.0,0.0,0.0,0.0,0.0,1.1119999999999999,13.89,22.22,0.0,0.0,0.0,0.0,0.0,0.0,62.778,0.0,0.0,0.0,0.0,0.0,0.0,0.0,1.9012
0.0,0.0,0.0,0.0,0.0,0.0,0.0,0.0,1.248,16.669999999999998,18.75,0.0,0.0,0.0,0.0,0.0,0.0,63.331999999999994,0.0,0.0,0.0,0.0,0.0,0.0,0.0,1.8816
0.0,0.0,0.0,0.0,0.0,0.0,0.0,0.0,1.428,14.286666666666667,21.43,0.0,0.0,0.0,0.0,0.0,0.0,62.85533333333334,0.0,0.0,0.0,0.0,0.0,0.0,0.0,1.8816
0.0,0.0,0.0,0.0,0.0,0.0,0.0,0.0,1.668,20.830000000000002,0.0,0.0,0.0,0.0,16.67,0.0,0.0,60.83200000000001,0.0,0.0,0.0,0.0,0.0,0.0,0.0,1.96
0.0,0.0,0.0,0.0,0.0,0.0,0.0,0.0,1.668,25.0,8.33,0.0,0.0,0.0,0.0,0.0,0.0,65.002,0.0,0.0,0.0,0.0,0.0,0.0,0.0,1.9208
0.0,0.0,0.0,0.0,0.0,0.0,0.0,0.0,1.8199999999999998,9.09,27.27,0.0,0.0,0.0,0.0,0.0,0.0,61.81999999999999,0.0,0.0,0.0,0.0,0.0,0.0,0.0,1.9404
0.0,0.0,0.0,0.0,0.0,0.0,0.0,0.0,1.904,28.573333333333334,0.0,0.0,0.0,0.0,4.76,0.0,0.0,64.76266666666666,0.0,0.0,0.0,0.0,0.0,0.0,0.0,2.0188
0.0,0.0,0.0,0.0,0.0,0.0,0.0,0.0,2.0,10.833333333333334,25.0,0.0,0.0,0.0,0.0,0.0,0.0,62.16666666666667,0.0,0.0,0.0,0.0,0.0,0.0,0.0,1.9894
0.0,0.0,0.0,0.0,0.0,0.0,0.0,0.0,2.856,19.046666666666667,14.29,0.0,0.0,0.0,0.0,0.0,0.0,63.80733333333333,0.0,0.0,0.0,0.0,0.0,0.0,0.0,1.9306
0.0,0.0,0.0,0.0,0.0,0.0,0.0,0.0,3.332,19.44333333333333,0.0,0.0,0.0,0.0,16.67,0.0,0.0,60.55466666666666,0.0,0.0,0.0,0.0,0.0,0.0,0.0,1.9992
0.0,0.0,0.0,0.0,0.0,0.0,0.0,0.0,3.6360000000000006,24.243333333333336,0.0,0.0,0.0,0.0,9.090000000000002,0.0,0.0,63.030666666666676,0.0,0.0,0.0,0.0,0.0,0.0,0.0,1.9894
0.0,0.0,0.0,0.0,0.0,0.0,0.0,0.0,3.9,11.0,0.0,0.0,0.0,0.0,0.0,0.0,0.0,85.09999999999998,0.0,0.0,0.0,0.0,0.0,0.0,0.0,0.833
0.0,0.0,0.0,0.0,0.0,0.0,0.0,0.0,3.96,29.833333333333332,0.0,0.0,0.0,0.0,0.0,65.96666666666667,0.0,0.0,0.0,0.0,0.0,0.0,0.0,0.0,0.0,1.49
0.0,0.0,0.0,0.0,0.0,0.0,0.0,0.0,4.0,30.0,0.0,0.0,0.0,0.0,0.0,0.0,0.0,66.0,0.0,0.0,0.0,0.0,0.0,0.0,0.0,1.96
0.0,0.0,0.0,0.0,0.0,0.0,0.0,0.0,4.0,30.0,0.0,0.0,0.0,0.0,0.0,66.0,0.0,0.0,0.0,0.0,0.0,0.0,0.0,0.0,0.0,1.33
0.0,0.0,0.0,0.0,0.0,0.0,0.0,0.0,4.8,16.0,0.0,0.0,0.0,0.0,20.0,0.0,0.0,59.2,0.0,0.0,0.0,0.0,0.0,0.0,0.0,1.96
0.0,0.0,0.0,0.0,0.0,0.0,0.0,0.0,5.0,15.0,0.0,0.0,0.0,0.0,0.0,0.0,0.0,80.0,0.0,0.0,0.0,0.0,0.0,0.0,0.0,1.2456
0.0,0.0,0.0,0.0,0.0,0.0,0.0,0.0,5.0,17.5,0.0,0.0,0.0,0.0,0.0,0.0,0.0,77.5,0.0,0.0,0.0,0.0,0.0,0.0,0.0,1.6043
0.0,0.0,0.0,0.0,0.0,0.0,0.0,0.0,5.0,20.0,0.0,0.0,0.0,0.0,0.0,0.0,0.0,75.0,0.0,0.0,0.0,0.0,0.0,0.0,0.0,1.6386
0.0,0.0,0.0,0.0,0.0,0.0,0.0,0.0,5.0,22.223333333333333,8.33,0.0,0.0,0.0,0.0,0.0,0.0,64.44666666666666,0.0,0.0,0.0,0.0,0.0,0.0,0.0,1.9992
0.0,0.0,0.0,0.0,0.0,0.0,0.0,0.0,5.0,22.5,0.0,0.0,0.0,0.0,0.0,0.0,0.0,72.5,0.0,0.0,0.0,0.0,0.0,0.0,0.0,1.7268
0.0,0.0,0.0,0.0,0.0,0.0,0.0,0.0,5.0,23.75,0.0,0.0,0.0,0.0,0.0,71.25,0.0,0.0,0.0,0.0,0.0,0.0,0.0,0.0,0.0,1.6515
0.0,0.0,0.0,0.0,0.0,0.0,0.0,0.0,5.0,25.0,0.0,0.0,0.0,0.0,0.0,70.0,0.0,0.0,0.0,0.0,0.0,0.0,0.0,0.0,0.0,1.98623
0.0,0.0,0.0,0.0,0.0,0.0,0.0,0.0,5.0,27.5,0.0,0.0,0.0,0.0,0.0,0.0,0.0,67.5,0.0,0.0,0.0,0.0,0.0,0.0,0.0,1.912
0.0,0.0,0.0,0.0,0.0,0.0,0.0,0.0,5.0,30.0,0.0,0.0,0.0,0.0,0.0,0.0,0.0,65.0,0.0,0.0,0.0,0.0,0.0,0.0,0.0,1.9786
0.0,0.0,0.0,0.0,0.0,0.0,0.0,0.0,5.0,35.0,0.0,0.0,0.0,0.0,0.0,0.0,0.0,60.0,0.0,0.0,0.0,0.0,0.0,0.0,0.0,2.02
0.0,0.0,0.0,0.0,0.0,0.0,0.0,0.0,5.0,35.0,0.0,0.0,0.0,0.0,0.0,60.0,0.0,0.0,0.0,0.0,0.0,0.0,0.0,0.0,0.0,2.305
0.0,0.0,0.0,0.0,0.0,0.0,0.0,0.0,5.715999999999999,16.663333333333334,14.29,0.0,0.0,0.0,0.0,0.0,0.0,63.330666666666666,0.0,0.0,0.0,0.0,0.0,0.0,0.0,2.0286
0.0,0.0,0.0,0.0,0.0,0.0,0.0,0.0,5.715999999999999,19.043333333333333,0.0,0.0,0.0,0.0,14.29,0.0,0.0,60.95066666666666,0.0,0.0,0.0,0.0,0.0,0.0,0.0,1.9992
0.0,0.0,0.0,0.0,0.0,0.0,0.0,0.0,6.0,20.0,10.0,0.0,0.0,0.0,0.0,0.0,0.0,64.0,0.0,0.0,0.0,0.0,0.0,0.0,0.0,1.9306
0.0,0.0,0.0,0.0,0.0,0.0,0.0,0.0,6.0,28.333333333333332,0.0,0.0,0.0,0.0,0.0,0.0,0.0,65.66666666666666,0.0,0.0,0.0,0.0,0.0,0.0,0.0,1.9796
0.0,0.0,0.0,0.0,0.0,0.0,0.0,0.0,6.0,28.333333333333332,0.0,0.0,0.0,0.0,0.0,65.66666666666666,0.0,0.0,0.0,0.0,0.0,0.0,0.0,0.0,0.0,1.21
0.0,0.0,0.0,0.0,0.0,0.0,0.0,0.0,6.5,18.4,0.0,0.0,0.0,0.0,0.0,0.0,0.0,75.09999999999998,0.0,0.0,0.0,0.0,0.0,0.0,0.0,1.4994
0.0,0.0,0.0,0.0,0.0,0.0,0.0,0.0,6.668000000000001,16.663333333333334,0.0,0.0,0.0,0.0,16.67,0.0,0.0,59.99866666666667,0.0,0.0,0.0,0.0,0.0,0.0,0.0,1.96
0.0,0.0,0.0,0.0,0.0,0.0,0.0,0.0,7.06,23.53,0.0,0.0,0.0,0.0,5.88,0.0,0.0,63.53,0.0,0.0,0.0,0.0,0.0,0.0,0.0,2.0188
0.0,0.0,0.0,0.0,0.0,0.0,0.0,0.0,7.144,15.473333333333334,14.29,0.0,0.0,0.0,0.0,0.0,0.0,63.092666666666666,0.0,0.0,0.0,0.0,0.0,0.0,0.0,2.0874
0.0,0.0,0.0,0.0,0.0,0.0,0.0,0.0,7.272,21.213333333333335,0.0,0.0,0.0,0.0,9.090000000000002,0.0,0.0,62.424666666666674,0.0,0.0,0.0,0.0,0.0,0.0,0.0,2.0776
0.0,0.0,0.0,0.0,0.0,0.0,0.0,0.0,7.92,26.433333333333326,0.0,0.0,0.0,0.0,0.0,65.28666666666666,0.0,0.0,0.0,0.0,0.0,0.0,0.0,0.0,0.0,1.37
0.0,0.0,0.0,0.0,0.0,0.0,0.0,0.0,7.959999999999999,26.5,0.0,0.0,0.0,0.0,0.0,65.3,0.0,0.0,0.0,0.0,0.0,0.0,0.0,0.0,0.0,1.28
0.0,0.0,0.0,0.0,0.0,0.0,0.0,0.0,7.959999999999999,26.599999999999994,0.0,0.0,0.0,0.0,0.0,65.32,0.0,0.0,0.0,0.0,0.0,0.0,0.0,0.0,0.0,1.19
0.0,0.0,0.0,0.0,0.0,0.0,0.0,0.0,8.0,26.666666666666668,0.0,0.0,0.0,0.0,0.0,0.0,0.0,65.33333333333334,0.0,0.0,0.0,0.0,0.0,0.0,0.0,1.8914
0.0,0.0,0.0,0.0,0.0,0.0,0.0,0.0,8.0,26.666666666666668,0.0,0.0,0.0,0.0,0.0,65.33333333333334,0.0,0.0,0.0,0.0,0.0,0.0,0.0,0.0,0.0,1.1
0.0,0.0,0.0,0.0,0.0,0.0,0.0,0.0,8.331999999999999,19.44666666666667,8.33,0.0,0.0,0.0,0.0,0.0,0.0,63.891333333333336,0.0,0.0,0.0,0.0,0.0,0.0,0.0,2.0286
0.0,0.0,0.0,0.0,0.0,0.0,0.0,0.0,9.0,25.8,0.0,0.0,0.0,0.0,0.0,0.0,0.0,65.2,0.0,0.0,0.0,0.0,0.0,0.0,0.0,1.8522
0.0,0.0,0.0,0.0,0.0,0.0,0.0,0.0,9.3,26.3,0.0,0.0,0.0,0.0,0.0,0.0,0.0,64.4,0.0,0.0,0.0,0.0,0.0,0.0,0.0,1.9012
0.0,0.0,0.0,0.0,0.0,0.0,0.0,0.0,9.5,26.8,0.0,0.0,0.0,0.0,0.0,0.0,0.0,63.7,0.0,0.0,0.0,0.0,0.0,0.0,0.0,1.96
0.0,0.0,0.0,0.0,0.0,0.0,0.0,0.0,9.92,24.86666666666666,0.0,0.0,0.0,0.0,0.0,64.97333333333331,0.0,0.0,0.0,0.0,0.0,0.0,0.0,0.0,0.0,1.23
0.0,0.0,0.0,0.0,0.0,0.0,0.0,0.0,10.0,20.0,0.0,0.0,0.0,0.0,0.0,0.0,0.0,70.0,0.0,0.0,0.0,0.0,0.0,0.0,0.0,1.576
0.0,0.0,0.0,0.0,0.0,0.0,0.0,0.0,10.0,25.0,0.0,0.0,0.0,0.0,0.0,65.0,0.0,0.0,0.0,0.0,0.0,0.0,0.0,0.0,0.0,1.05
0.0,0.0,0.0,0.0,0.0,0.0,0.0,0.0,10.0,30.0,0.0,0.0,0.0,0.0,0.0,0.0,0.0,60.0,0.0,0.0,0.0,0.0,0.0,0.0,0.0,1.84
0.0,0.0,0.0,0.0,0.0,0.0,0.0,0.0,10.0,30.0,0.0,0.0,0.0,0.0,0.0,30.0,0.0,30.0,0.0,0.0,0.0,0.0,0.0,0.0,0.0,2.22
0.0,0.0,0.0,0.0,0.0,0.0,0.0,0.0,10.0,30.0,0.0,0.0,0.0,0.0,0.0,50.0,0.0,0.0,0.0,0.0,10.0,0.0,0.0,0.0,0.0,2.222
0.0,0.0,0.0,0.0,0.0,0.0,0.0,0.0,10.0,30.0,0.0,0.0,0.0,0.0,0.0,60.0,0.0,0.0,0.0,0.0,0.0,0.0,0.0,0.0,0.0,2.45
0.0,0.0,0.0,0.0,0.0,0.0,0.0,0.0,10.4,29.5,0.0,0.0,0.0,0.0,0.0,0.0,0.0,60.1,0.0,0.0,0.0,0.0,0.0,0.0,0.0,2.0972
0.0,0.0,0.0,0.0,0.0,0.0,0.0,0.0,10.908,18.183333333333334,0.0,0.0,0.0,0.0,9.090000000000002,0.0,0.0,61.81866666666667,0.0,0.0,0.0,0.0,0.0,0.0,0.0,1.9502
0.0,0.0,0.0,0.0,0.0,0.0,0.0,0.0,11.8,23.5,0.0,0.0,0.0,0.0,0.0,0.0,0.0,64.7,0.0,0.0,0.0,0.0,0.0,0.0,0.0,1.8914
0.0,0.0,0.0,0.0,0.0,0.0,0.0,0.0,12.0,22.0,0.0,0.0,0.0,0.0,0.0,66.0,0.0,0.0,0.0,0.0,0.0,0.0,0.0,0.0,0.0,2.793
0.0,0.0,0.0,0.0,0.0,0.0,0.0,0.0,12.79,22.68,0.0,0.0,0.0,0.0,0.0,0.0,0.0,64.53,0.0,0.0,0.0,0.0,0.0,0.0,0.0,1.8914
0.0,0.0,0.0,0.0,0.0,0.0,0.0,0.0,22.73,3.0300000000000007,0.0,13.64,0.0,0.0,0.0,60.6,0.0,0.0,0.0,0.0,0.0,0.0,0.0,0.0,0.0,3.969
0.0,0.0,0.0,0.0,0.0,0.0,0.0,0.0,27.939999999999998,0.0,0.0,11.98,0.0,0.0,0.0,59.99999999999999,0.0,0.0,0.0,0.0,0.0,0.0,0.0,0.0,0.0,4.5472
0.0,0.0,0.0,0.0,0.0,0.0,0.0,0.0,27.983999999999998,0.0,0.0,11.995999999999999,0.0,0.0,0.0,60.0,0.0,0.0,0.0,0.0,0.0,0.0,0.0,0.0,0.0,4.4884
0.0,0.0,0.0,0.0,0.0,0.0,0.0,0.0,28.0,0.0,0.0,12.0,0.0,0.0,0.0,60.0,0.0,0.0,0.0,0.0,0.0,0.0,0.0,0.0,0.0,4.41
0.0,0.0,0.0,0.0,0.0,0.0,0.0,0.0,28.880000000000003,0.0,0.0,11.120000000000001,0.0,0.0,0.0,60.00000000000001,0.0,0.0,0.0,0.0,0.0,0.0,0.0,0.0,0.0,4.2336
0.0,0.0,0.0,0.0,0.0,0.0,0.0,0.0,32.0,0.0,0.0,8.0,0.0,0.0,0.0,60.0,0.0,0.0,0.0,0.0,0.0,0.0,0.0,0.0,0.0,2.362
0.0,0.0,0.0,0.0,0.0,0.0,0.0,0.0,48.28,3.45,0.0,0.0,0.0,0.0,0.0,48.28,0.0,0.0,0.0,0.0,0.0,0.0,0.0,0.0,0.0,1.986
0.0,0.0,0.0,0.0,0.0,0.0,0.0,80.0,0.0,0.0,0.0,0.0,0.0,10.0,0.0,0.0,0.0,0.0,10.0,0.0,0.0,0.0,0.0,0.0,0.0,7.252
0.0,0.0,0.0,0.0,0.0,0.0,0.0,80.0,0.0,0.0,0.0,0.0,0.0,13.0,0.0,0.0,0.0,0.0,7.0,0.0,0.0,0.0,0.0,0.0,0.0,7.056
0.0,0.0,0.0,0.0,0.0,0.0,0.0,80.0,0.0,0.0,0.0,0.0,0.0,15.0,0.0,0.0,0.0,0.0,5.0,0.0,0.0,0.0,0.0,0.0,0.0,7.056
0.0,0.0,0.0,0.0,0.0,0.0,0.0,80.0,0.0,0.0,0.0,0.0,0.0,18.0,0.0,0.0,0.0,0.0,2.0,0.0,0.0,0.0,0.0,0.0,0.0,6.958
0.0,0.0,0.0,0.0,0.0,0.0,0.0,80.0,0.0,0.0,0.0,0.0,0.0,20.0,0.0,0.0,0.0,0.0,0.0,0.0,0.0,0.0,0.0,0.0,0.0,6.86
0.0,0.0,0.0,0.0,0.0,0.0,0.0,80.0,0.0,5.0,0.0,0.0,0.0,15.0,0.0,0.0,0.0,0.0,0.0,0.0,0.0,0.0,0.0,0.0,0.0,6.566
0.0,0.0,0.0,0.0,0.0,0.0,0.0,83.0,0.0,0.0,0.0,0.0,0.0,15.0,0.0,0.0,0.0,0.0,2.0,0.0,0.0,0.0,0.0,0.0,0.0,6.664
0.0,0.0,0.0,0.0,0.0,0.0,0.0,85.0,0.0,0.0,0.0,0.0,0.0,15.0,0.0,0.0,0.0,0.0,0.0,0.0,0.0,0.0,0.0,0.0,0.0,6.468
0.0,0.0,0.0,0.0,0.0,0.0,1.0,0.0,0.0,49.5,0.0,0.0,0.0,0.0,0.0,0.0,0.0,49.5,0.0,0.0,0.0,0.0,0.0,0.0,0.0,0.686
0.0,0.0,0.0,0.0,0.0,0.0,1.0,0.0,0.0,52.1,0.0,0.0,0.0,0.0,0.0,0.0,0.0,46.9,0.0,0.0,0.0,0.0,0.0,0.0,0.0,0.882
0.0,0.0,0.0,0.0,0.0,0.0,1.0,0.0,0.0,53.5,0.0,0.0,0.0,0.0,0.0,0.0,0.0,45.5,0.0,0.0,0.0,0.0,0.0,0.0,0.0,1.078
0.0,0.0,0.0,0.0,0.0,0.0,1.0,0.0,0.0,55.0,0.0,0.0,0.0,0.0,0.0,0.0,0.0,44.0,0.0,0.0,0.0,0.0,0.0,0.0,0.0,1.372
0.0,0.0,0.0,0.0,0.0,0.0,1.0,0.0,0.0,56.6,0.0,0.0,0.0,0.0,0.0,0.0,0.0,42.4,0.0,0.0,0.0,0.0,0.0,0.0,0.0,1.568
0.0,0.0,0.0,0.0,0.0,0.0,2.0,0.0,0.0,49.0,0.0,0.0,0.0,0.0,0.0,0.0,0.0,49.0,0.0,0.0,0.0,0.0,0.0,0.0,0.0,0.686
0.0,0.0,0.0,0.0,0.0,0.0,2.0,0.0,0.0,51.6,0.0,0.0,0.0,0.0,0.0,0.0,0.0,46.4,0.0,0.0,0.0,0.0,0.0,0.0,0.0,0.882
0.0,0.0,0.0,0.0,0.0,0.0,2.0,0.0,0.0,53.0,0.0,0.0,0.0,0.0,0.0,0.0,0.0,45.0,0.0,0.0,0.0,0.0,0.0,0.0,0.0,1.078
0.0,0.0,0.0,0.0,0.0,0.0,2.0,0.0,0.0,54.4,0.0,0.0,0.0,0.0,0.0,0.0,0.0,43.6,0.0,0.0,0.0,0.0,0.0,0.0,0.0,1.372
0.0,0.0,0.0,0.0,0.0,0.0,2.0,0.0,0.0,56.0,0.0,0.0,0.0,0.0,0.0,0.0,0.0,42.0,0.0,0.0,0.0,0.0,0.0,0.0,0.0,1.568
0.0,0.0,0.0,0.0,0.0,0.0,2.5,0.0,0.0,2.5,0.0,0.0,0.0,0.0,0.0,0.0,0.0,95.0,0.0,0.0,0.0,0.0,0.0,0.0,0.0,0.4214
0.0,0.0,0.0,0.0,0.0,0.0,2.5,0.0,0.0,14.6,0.0,0.0,0.0,0.0,0.0,0.0,0.0,82.9,0.0,0.0,0.0,0.0,0.0,0.0,0.0,0.5292
0.0,0.0,0.0,0.0,0.0,0.0,2.5,0.0,0.0,29.2,0.0,0.0,0.0,0.0,0.0,0.0,0.0,68.3,0.0,0.0,0.0,0.0,0.0,0.0,0.0,0.8232
0.0,0.0,0.0,0.0,0.0,0.0,3.0,0.0,0.0,51.1,0.0,0.0,0.0,0.0,0.0,0.0,0.0,45.9,0.0,0.0,0.0,0.0,0.0,0.0,0.0,0.882
0.0,0.0,0.0,0.0,0.0,0.0,3.0,0.0,0.0,52.4,0.0,0.0,0.0,0.0,0.0,0.0,0.0,44.6,0.0,0.0,0.0,0.0,0.0,0.0,0.0,1.078
0.0,0.0,0.0,0.0,0.0,0.0,3.0,0.0,0.0,53.9,0.0,0.0,0.0,0.0,0.0,0.0,0.0,43.1,0.0,0.0,0.0,0.0,0.0,0.0,0.0,1.372
0.0,0.0,0.0,0.0,0.0,0.0,3.0,0.0,0.0,55.4,0.0,0.0,0.0,0.0,0.0,0.0,0.0,41.6,0.0,0.0,0.0,0.0,0.0,0.0,0.0,1.568
0.0,0.0,0.0,0.0,0.0,0.0,4.0,0.0,0.0,50.5,0.0,0.0,0.0,0.0,0.0,0.0,0.0,45.5,0.0,0.0,0.0,0.0,0.0,0.0,0.0,0.882
0.0,0.0,0.0,0.0,0.0,0.0,4.0,0.0,0.0,51.9,0.0,0.0,0.0,0.0,0.0,0.0,0.0,44.1,0.0,0.0,0.0,0.0,0.0,0.0,0.0,1.078
0.0,0.0,0.0,0.0,0.0,0.0,4.0,0.0,0.0,53.3,0.0,0.0,0.0,0.0,0.0,0.0,0.0,42.7,0.0,0.0,0.0,0.0,0.0,0.0,0.0,1.372
0.0,0.0,0.0,0.0,0.0,0.0,4.0,0.0,0.0,54.9,0.0,0.0,0.0,0.0,0.0,0.0,0.0,41.1,0.0,0.0,0.0,0.0,0.0,0.0,0.0,1.568
0.0,0.0,0.0,0.0,0.0,0.0,5.0,0.0,0.0,0.0,0.0,0.0,0.0,0.0,0.0,0.0,0.0,95.0,0.0,0.0,0.0,0.0,0.0,0.0,0.0,0.1597
0.0,0.0,0.0,0.0,0.0,0.0,5.0,0.0,0.0,0.0,0.0,0.0,0.0,0.0,0.0,5.0,0.0,90.0,0.0,0.0,0.0,0.0,0.0,0.0,0.0,0.09996
0.0,0.0,0.0,0.0,0.0,0.0,5.0,0.0,0.0,0.0,0.0,0.0,0.0,0.0,0.0,10.0,0.0,85.0,0.0,0.0,0.0,0.0,0.0,0.0,0.0,0.08232
0.0,0.0,0.0,0.0,0.0,0.0,5.0,0.0,0.0,0.0,0.0,0.0,0.0,0.0,0.0,15.0,0.0,80.0,0.0,0.0,0.0,0.0,0.0,0.0,0.0,0.05488
0.0,0.0,0.0,0.0,0.0,0.0,5.0,0.0,0.0,0.0,0.0,0.0,0.0,0.0,0.0,20.0,0.0,75.0,0.0,0.0,0.0,0.0,0.0,0.0,0.0,0.0392
0.0,0.0,0.0,0.0,0.0,0.0,5.0,0.0,0.0,0.0,0.0,0.0,0.0,0.0,0.0,25.0,0.0,70.0,0.0,0.0,0.0,0.0,0.0,0.0,0.0,0.03136
0.0,0.0,0.0,0.0,0.0,0.0,5.0,0.0,0.0,9.5,0.0,0.0,0.0,0.0,0.0,0.0,0.0,85.5,0.0,0.0,0.0,0.0,0.0,0.0,0.0,0.539
0.0,0.0,0.0,0.0,0.0,0.0,5.0,0.0,0.0,23.8,0.0,0.0,0.0,0.0,0.0,0.0,0.0,71.2,0.0,0.0,0.0,0.0,0.0,0.0,0.0,0.7448
0.0,0.0,0.0,0.0,0.0,0.0,5.0,0.0,0.0,50.0,0.0,0.0,0.0,0.0,0.0,0.0,0.0,45.0,0.0,0.0,0.0,0.0,0.0,0.0,0.0,0.882
0.0,0.0,0.0,0.0,0.0,0.0,5.0,0.0,0.0,51.4,0.0,0.0,0.0,0.0,0.0,0.0,0.0,43.6,0.0,0.0,0.0,0.0,0.0,0.0,0.0,1.078
0.0,0.0,0.0,0.0,0.0,0.0,5.0,0.0,0.0,52.8,0.0,0.0,0.0,0.0,0.0,0.0,0.0,42.2,0.0,0.0,0.0,0.0,0.0,0.0,0.0,1.372
0.0,0.0,0.0,0.0,0.0,0.0,5.0,0.0,0.0,54.3,0.0,0.0,0.0,0.0,0.0,0.0,0.0,40.7,0.0,0.0,0.0,0.0,0.0,0.0,0.0,1.568
0.0,0.0,0.0,0.0,0.0,0.0,7.5,0.0,0.0,9.2,0.0,0.0,0.0,0.0,0.0,0.0,0.0,83.29999999999998,0.0,0.0,0.0,0.0,0.0,0.0,0.0,0.588
0.0,0.0,0.0,0.0,0.0,0.0,7.5,0.0,0.0,13.9,0.0,0.0,0.0,0.0,0.0,0.0,0.0,78.59999999999998,0.0,0.0,0.0,0.0,0.0,0.0,0.0,0.6664
0.0,0.0,0.0,0.0,0.0,0.0,7.5,0.0,0.0,18.5,0.0,0.0,0.0,0.0,0.0,0.0,0.0,74.0,0.0,0.0,0.0,0.0,0.0,0.0,0.0,0.7644
0.0,0.0,0.0,0.0,0.0,0.0,7.5,0.0,0.0,23.1,0.0,0.0,0.0,0.0,0.0,0.0,0.0,69.4,0.0,0.0,0.0,0.0,0.0,0.0,0.0,0.8428
0.0,0.0,0.0,0.0,0.0,0.0,8.939999999999998,0.0,0.0,0.0,0.0,0.0,0.0,0.0,0.0,44.29,0.0,46.77,0.0,0.0,0.0,0.0,0.0,0.0,0.0,0.01764
0.0,0.0,0.0,0.0,0.0,0.0,10.0,0.0,0.0,0.0,0.0,0.0,0.0,0.0,0.0,15.0,0.0,75.0,0.0,0.0,0.0,0.0,0.0,0.0,0.0,0.03332
0.0,0.0,0.0,0.0,0.0,0.0,10.0,0.0,0.0,0.0,0.0,0.0,0.0,0.0,0.0,20.0,0.0,70.0,0.0,0.0,0.0,0.0,0.0,0.0,0.0,0.02352
0.0,0.0,0.0,0.0,0.0,0.0,10.0,0.0,0.0,9.0,0.0,0.0,0.0,0.0,0.0,0.0,0.0,81.0,0.0,0.0,0.0,0.0,0.0,0.0,0.0,0.6468
0.0,0.0,0.0,0.0,0.0,0.0,10.0,0.0,0.0,13.5,0.0,0.0,0.0,0.0,0.0,0.0,0.0,76.5,0.0,0.0,0.0,0.0,0.0,0.0,0.0,0.7448
0.0,0.0,0.0,0.0,0.0,0.0,10.0,0.0,0.0,18.0,0.0,0.0,0.0,0.0,0.0,0.0,0.0,72.0,0.0,0.0,0.0,0.0,0.0,0.0,0.0,0.8134
0.0,0.0,0.0,0.0,0.0,0.0,10.62,0.0,0.0,0.0,0.0,0.0,0.0,0.0,0.0,21.04,0.0,68.34,0.0,0.0,0.0,0.0,0.0,0.0,0.0,0.0441
0.0,0.0,0.0,0.0,0.0,0.0,15.0,0.0,0.0,0.0,0.0,0.0,25.0,0.0,0.0,0.0,0.0,0.0,0.0,0.0,0.0,10.0,0.0,0.0,50.0,5.468
0.0,0.0,0.0,0.0,0.0,0.0,20.0,0.0,0.0,0.0,0.0,0.0,20.0,0.0,0.0,0.0,0.0,0.0,0.0,0.0,0.0,10.0,0.0,0.0,50.0,4.89
0.0,0.0,0.0,0.0,0.0,0.0,25.0,0.0,0.0,0.0,0.0,0.0,10.0,0.0,0.0,0.0,0.0,0.0,0.0,0.0,0.0,10.0,0.0,0.0,55.0,4.528
0.0,0.0,0.0,0.0,0.0,0.0,32.0,0.0,0.0,0.0,0.0,0.0,8.0,0.0,0.0,0.0,0.0,0.0,0.0,0.0,0.0,5.0,0.0,0.0,55.0,4.773
0.0,0.0,0.0,0.0,0.0,0.0,33.6,0.0,0.0,0.0,0.0,0.0,8.0,0.0,0.0,0.0,0.0,0.0,0.0,0.0,0.0,9.5,0.0,0.0,48.9,4.91
0.0,0.0,0.0,0.0,0.0,0.0,37.3,0.0,0.0,0.0,0.0,0.0,8.0,0.0,0.0,0.0,0.0,0.0,0.0,0.0,0.0,5.8,0.0,0.0,48.9,5.125
0.0,0.0,0.0,0.0,0.0,0.0,37.3,0.0,0.0,0.0,0.0,0.0,8.0,0.0,0.0,0.0,0.0,0.0,0.0,0.0,0.0,9.5,0.0,0.0,45.2,5.086
0.0,0.0,0.0,0.0,0.0,0.0,41.0,0.0,0.0,0.0,0.0,0.0,8.0,0.0,0.0,0.0,0.0,0.0,0.0,0.0,0.0,5.8,0.0,0.0,45.2,5.253
0.0,0.0,0.0,0.0,0.0,0.0,41.0,0.0,0.0,0.0,0.0,0.0,8.0,0.0,0.0,0.0,0.0,0.0,0.0,0.0,0.0,9.5,0.0,0.0,41.5,5.419
0.0,0.0,0.0,0.0,0.0,0.0,44.7,0.0,0.0,0.0,0.0,0.0,8.0,0.0,0.0,0.0,0.0,0.0,0.0,0.0,0.0,9.5,0.0,0.0,37.8,6.037
0.0,0.0,0.0,0.0,0.0,0.0,46.68,0.0,0.0,0.0,0.0,0.0,7.99,0.0,0.0,0.0,0.0,0.0,0.0,0.0,0.0,39.42,0.0,0.0,5.91,6.056
0.0,0.0,0.0,0.0,0.0,0.0,46.9,0.0,0.0,0.0,0.0,0.0,8.0,0.0,0.0,0.0,0.0,0.0,0.0,0.0,0.0,39.6,0.0,0.0,5.5,5.841
0.0,0.0,0.0,0.0,0.0,0.0,47.0,0.0,0.0,0.0,0.0,0.0,8.0,0.0,0.0,0.0,0.0,0.0,0.0,0.0,0.0,34.0,0.0,0.0,11.0,6.154
0.0,0.0,0.0,0.0,0.0,0.0,50.6,0.0,0.0,0.0,0.0,0.0,8.0,0.0,0.0,0.0,0.0,0.0,0.0,0.0,0.0,28.5,0.0,0.0,12.9,6.135
0.0,0.0,0.0,0.0,0.0,0.0,50.6,0.0,0.0,0.0,0.0,0.0,8.0,0.0,0.0,0.0,0.0,0.0,0.0,0.0,0.0,35.9,0.0,0.0,5.5,6.037
0.0,0.0,0.0,0.0,0.0,0.0,52.0,0.0,0.0,0.0,0.0,0.0,0.0,0.0,0.0,0.0,0.0,0.0,0.0,0.0,0.0,0.0,0.0,0.0,48.0,6.46
0.0,0.0,0.0,0.0,0.0,0.0,53.3,0.0,0.0,0.0,0.0,0.0,4.0,0.0,0.0,0.0,0.0,0.0,0.0,0.0,0.0,36.9,0.0,0.0,5.8,5.508
0.0,0.0,0.0,0.0,0.0,0.0,53.4,0.0,0.0,0.0,0.0,0.0,4.0,0.0,0.0,0.0,0.0,0.0,0.0,0.0,0.0,33.0,0.0,0.0,9.6,6.056
0.0,0.0,0.0,0.0,0.0,0.0,54.0,0.0,0.0,0.0,0.0,0.0,0.0,0.0,0.0,0.0,0.0,0.0,0.0,0.0,0.0,0.0,0.0,0.0,46.0,6.64
0.0,0.0,0.0,0.0,0.0,0.0,54.3,0.0,0.0,0.0,0.0,0.0,8.0,0.0,0.0,0.0,0.0,0.0,0.0,0.0,0.0,28.5,0.0,0.0,9.2,6.566
0.0,0.0,0.0,0.0,0.0,0.0,54.3,0.0,0.0,0.0,0.0,0.0,8.0,0.0,0.0,0.0,0.0,0.0,0.0,0.0,0.0,32.2,0.0,0.0,5.5,6.292
0.0,0.0,0.0,0.0,0.0,0.0,56.0,0.0,0.0,0.0,0.0,0.0,0.0,0.0,0.0,0.0,0.0,0.0,0.0,0.0,0.0,0.0,0.0,0.0,44.0,7.01
0.0,0.0,0.0,0.0,0.0,0.0,57.2,0.0,0.0,0.0,0.0,0.0,4.0,0.0,0.0,0.0,0.0,0.0,0.0,0.0,0.0,33.0,0.0,0.0,5.8,6.135
0.0,0.0,0.0,0.0,0.0,0.0,58.0,0.0,0.0,0.0,0.0,0.0,0.0,0.0,0.0,0.0,0.0,0.0,0.0,0.0,0.0,0.0,0.0,0.0,42.0,7.37
0.0,0.0,0.0,0.0,0.0,0.0,60.0,0.0,0.0,0.0,0.0,0.0,0.0,0.0,0.0,0.0,0.0,0.0,0.0,0.0,0.0,0.0,0.0,0.0,40.0,7.52
0.0,0.0,0.0,0.0,0.0,0.0,60.0,0.0,0.0,0.0,0.0,0.0,0.0,0.0,0.0,0.0,0.0,0.0,0.0,0.0,0.0,10.0,0.0,0.0,30.0,5.684
0.0,0.0,0.0,0.0,0.0,0.0,64.0,0.0,0.0,0.0,0.0,0.0,0.0,0.0,0.0,0.0,0.0,0.0,0.0,0.0,0.0,0.0,0.0,0.0,36.0,7.48
0.0,0.0,0.0,0.0,0.0,0.0,65.0,0.0,0.0,0.0,0.0,0.0,0.0,0.0,0.0,0.0,0.0,0.0,0.0,0.0,0.0,0.0,0.0,0.0,35.0,7.7
0.0,0.0,0.0,0.0,0.0,0.0,66.0,0.0,0.0,0.0,0.0,0.0,0.0,0.0,0.0,0.0,0.0,0.0,0.0,0.0,0.0,0.0,0.0,0.0,34.0,7.59
0.0,0.0,0.0,0.0,0.0,0.0,68.0,0.0,0.0,0.0,0.0,0.0,0.0,0.0,0.0,0.0,0.0,0.0,0.0,0.0,0.0,0.0,0.0,0.0,32.0,5.87
0.0,0.0,0.0,0.0,0.0,2.0,0.0,0.0,0.0,3.0,0.0,0.0,0.0,0.0,0.0,0.0,0.0,95.0,0.0,0.0,0.0,0.0,0.0,0.0,0.0,0.3802
0.0,0.0,0.0,0.0,0.0,2.0,0.0,0.0,0.0,11.0,0.0,0.0,0.0,0.0,0.0,0.0,0.0,87.0,0.0,0.0,0.0,0.0,0.0,0.0,0.0,0.4753
0.0,0.0,0.0,0.0,0.0,2.0,0.0,0.0,0.0,18.0,0.0,0.0,0.0,0.0,0.0,0.0,0.0,80.0,0.0,0.0,0.0,0.0,0.0,0.0,0.0,0.637
0.0,0.0,0.0,0.0,0.0,2.0,0.0,0.0,0.0,25.0,0.0,0.0,0.0,0.0,0.0,0.0,0.0,73.0,0.0,0.0,0.0,0.0,0.0,0.0,0.0,0.5704
0.0,0.0,0.0,0.0,0.0,2.0,0.0,0.0,0.0,32.0,0.0,0.0,0.0,0.0,0.0,0.0,0.0,66.0,0.0,0.0,0.0,0.0,0.0,0.0,0.0,0.4969
0.0,0.0,0.0,0.0,0.0,2.0,0.0,0.0,0.0,35.0,0.0,0.0,0.0,0.0,0.0,0.0,0.0,63.0,0.0,0.0,0.0,0.0,0.0,0.0,0.0,0.5057
0.0,0.0,0.0,0.0,0.0,2.0,0.0,0.0,0.0,38.0,0.0,0.0,0.0,0.0,0.0,0.0,0.0,60.0,0.0,0.0,0.0,0.0,0.0,0.0,0.0,0.5125
0.0,0.0,0.0,0.0,0.0,2.405,0.0,0.0,0.0,10.096666666666666,0.0,0.0,0.0,0.0,0.0,0.0,0.0,48.55833333333334,0.0,0.0,38.94,0.0,0.0,0.0,0.0,0.792
0.0,0.0,0.0,0.0,0.0,2.905,0.0,0.0,0.0,13.953333333333333,0.0,0.0,0.0,0.0,0.0,0.0,0.0,51.74166666666667,0.0,0.0,31.4,0.0,0.0,0.0,0.0,0.834
0.0,0.0,0.0,0.0,0.0,3.6749999999999994,0.0,0.0,0.0,19.853333333333335,0.0,0.0,0.0,0.0,0.0,0.0,0.0,56.62166666666667,0.0,0.0,19.85,0.0,0.0,0.0,0.0,0.916
0.0,0.0,0.0,0.0,0.0,5.0,0.0,0.0,0.0,10.0,0.0,0.0,0.0,0.0,0.0,0.0,0.0,85.0,0.0,0.0,0.0,0.0,0.0,0.0,0.0,0.6546
0.0,0.0,0.0,0.0,0.0,5.0,0.0,0.0,0.0,20.0,0.0,0.0,0.0,0.0,0.0,0.0,0.0,75.0,0.0,0.0,0.0,0.0,0.0,0.0,0.0,0.6605
0.0,0.0,0.0,0.0,0.0,5.0,0.0,0.0,0.0,20.0,0.0,0.0,0.0,0.0,0.0,0.0,12.0,58.0,0.0,0.0,5.0,0.0,0.0,0.0,0.0,1.59544
0.0,0.0,0.0,0.0,0.0,5.0,0.0,0.0,0.0,25.0,0.0,0.0,0.0,0.0,0.0,0.0,0.0,70.0,0.0,0.0,0.0,0.0,0.0,0.0,0.0,0.589
0.0,0.0,0.0,0.0,0.0,5.0,0.0,0.0,0.0,30.0,0.0,0.0,0.0,0.0,0.0,0.0,0.0,65.0,0.0,0.0,0.0,0.0,0.0,0.0,0.0,0.5488
0.0,0.0,0.0,0.0,0.0,5.555,0.0,0.0,0.0,11.113333333333335,0.0,0.0,0.0,0.0,0.0,0.0,0.0,50.00166666666667,0.0,0.0,33.33,0.0,0.0,0.0,0.0,0.817
0.0,0.0,0.0,0.0,0.0,6.1,0.0,0.0,0.0,13.006666666666668,0.0,0.0,0.0,0.0,0.0,0.0,0.0,51.62333333333334,0.0,0.0,29.27,0.0,0.0,0.0,0.0,0.84
0.0,0.0,0.0,0.0,0.0,7.575,0.0,0.0,0.0,18.183333333333334,0.0,0.0,0.0,0.0,0.0,0.0,0.0,56.06166666666667,0.0,0.0,18.18,0.0,0.0,0.0,0.0,0.941
0.0,0.0,0.0,0.0,0.0,8.62,0.0,0.0,0.0,21.84,0.0,0.0,0.0,0.0,0.0,0.0,0.0,59.199999999999996,0.0,0.0,10.34,0.0,0.0,0.0,0.0,0.981
0.0,0.0,0.0,0.0,0.0,10.0,0.0,0.0,0.0,20.0,0.0,0.0,0.0,0.0,0.0,0.0,0.0,70.0,0.0,0.0,0.0,0.0,0.0,0.0,0.0,0.6458
0.0,0.0,0.0,0.0,0.0,12.0,0.0,0.0,0.0,16.0,0.0,0.0,0.0,0.0,0.0,0.0,0.0,72.0,0.0,0.0,0.0,0.0,0.0,0.0,0.0,0.7203
0.0,0.0,0.0,0.0,2.0,0.0,0.0,83.0,0.0,0.0,0.0,0.0,0.0,15.0,0.0,0.0,0.0,0.0,0.0,0.0,0.0,0.0,0.0,0.0,0.0,6.664
0.0,0.0,0.0,0.0,4.0,0.0,0.0,80.0,0.0,0.0,0.0,0.0,0.0,16.0,0.0,0.0,0.0,0.0,0.0,0.0,0.0,0.0,0.0,0.0,0.0,7.056
0.0,0.0,0.0,0.0,5.0,0.0,0.0,80.0,0.0,0.0,0.0,0.0,0.0,15.0,0.0,0.0,0.0,0.0,0.0,0.0,0.0,0.0,0.0,0.0,0.0,7.056
0.0,0.0,0.0,0.0,5.59,0.0,0.0,0.0,0.0,0.0,0.0,0.0,0.0,0.0,0.0,0.0,0.0,94.41,0.0,0.0,0.0,0.0,0.0,0.0,0.0,0.49
0.0,0.0,0.0,0.0,6.0,0.0,0.0,80.0,0.0,0.0,0.0,0.0,0.0,14.0,0.0,0.0,0.0,0.0,0.0,0.0,0.0,0.0,0.0,0.0,0.0,7.448
0.0,0.0,0.0,0.0,8.0,0.0,0.0,80.0,0.0,0.0,0.0,0.0,0.0,12.0,0.0,0.0,0.0,0.0,0.0,0.0,0.0,0.0,0.0,0.0,0.0,7.35
0.0,0.0,0.0,0.0,10.0,0.0,0.0,80.0,0.0,0.0,0.0,0.0,0.0,10.0,0.0,0.0,0.0,0.0,0.0,0.0,0.0,0.0,0.0,0.0,0.0,7.938
0.0,0.0,0.0,0.0,11.62,0.0,0.0,0.0,0.0,0.0,0.0,0.0,0.0,0.0,0.0,0.0,0.0,88.37999999999998,0.0,0.0,0.0,0.0,0.0,0.0,0.0,0.441
0.0,0.0,0.0,0.0,12.0,0.0,0.0,80.0,0.0,0.0,0.0,0.0,0.0,8.0,0.0,0.0,0.0,0.0,0.0,0.0,0.0,0.0,0.0,0.0,0.0,8.134
0.0,0.0,0.0,0.0,14.0,0.0,0.0,80.0,0.0,0.0,0.0,0.0,0.0,6.0,0.0,0.0,0.0,0.0,0.0,0.0,0.0,0.0,0.0,0.0,0.0,8.134
0.0,0.0,0.0,0.0,16.0,0.0,0.0,80.0,0.0,0.0,0.0,0.0,0.0,4.0,0.0,0.0,0.0,0.0,0.0,0.0,0.0,0.0,0.0,0.0,0.0,9.016
0.0,0.0,0.0,8.33,0.0,0.0,0.0,0.0,0.0,6.9433333333333325,25.0,0.0,0.0,0.0,0.0,59.71666666666666,0.0,0.0,0.0,0.0,0.0,0.0,0.0,0.0,0.0,2.01
0.0,0.0,0.0,13.74,0.0,0.0,0.0,0.0,11.04,14.976666666666667,0.0,0.0,0.0,0.0,0.0,60.25333333333333,0.0,0.0,0.0,0.0,0.0,0.0,0.0,0.0,0.0,2.303
0.0,0.0,0.0,14.53,0.0,0.0,0.0,0.0,11.17,4.096666666666667,0.0,12.29,0.0,0.0,0.0,57.913333333333334,0.0,0.0,0.0,0.0,0.0,0.0,0.0,0.0,0.0,2.673
0.0,0.0,0.0,14.75,0.0,0.0,0.0,0.0,9.840000000000002,15.299999999999999,0.0,0.0,0.0,0.0,0.0,60.11,0.0,0.0,0.0,0.0,0.0,0.0,0.0,0.0,0.0,2.342
0.0,0.0,0.0,15.15,0.0,0.0,0.0,0.0,12.12,13.13,0.0,0.0,0.0,0.0,0.0,59.59,0.0,0.0,0.0,0.0,0.0,0.0,0.0,0.0,0.0,2.2455
0.0,0.0,0.0,16.42,0.0,0.0,0.0,0.0,13.09,11.479999999999999,0.0,0.0,0.0,0.0,0.0,59.00999999999999,0.0,0.0,0.0,0.0,0.0,0.0,0.0,0.0,0.0,2.341
0.0,0.0,0.0,17.46,0.0,0.0,0.0,0.0,9.52,13.756666666666668,0.0,0.0,0.0,0.0,0.0,59.263333333333335,0.0,0.0,0.0,0.0,0.0,0.0,0.0,0.0,0.0,2.3815
0.0,0.0,0.0,17.47,0.0,0.0,0.0,0.0,14.04,9.98,0.0,0.0,0.0,0.0,0.0,58.5,0.0,0.0,0.0,0.0,0.0,0.0,0.0,0.0,0.0,2.352
0.0,0.0,0.0,17.81,0.0,0.0,0.0,0.0,0.0,10.046666666666667,13.7,0.0,0.0,0.0,0.0,58.45333333333333,0.0,0.0,0.0,0.0,0.0,0.0,0.0,0.0,0.0,2.094
0.0,0.0,0.0,17.81,0.0,0.0,0.0,0.0,6.85,10.046666666666667,6.85,0.0,0.0,0.0,0.0,58.45333333333333,0.0,0.0,0.0,0.0,0.0,0.0,0.0,0.0,0.0,2.35
0.0,0.0,0.0,17.81,0.0,0.0,0.0,0.0,13.7,10.046666666666667,0.0,0.0,0.0,0.0,0.0,58.45333333333333,0.0,0.0,0.0,0.0,0.0,0.0,0.0,0.0,0.0,2.56
0.0,0.0,0.0,18.51,0.0,0.0,0.0,0.0,14.83,8.64,0.0,0.0,0.0,0.0,0.0,58.03,0.0,0.0,0.0,0.0,0.0,0.0,0.0,0.0,0.0,2.303
0.0,0.0,0.0,19.45,0.0,0.0,0.0,0.0,15.54,7.423333333333333,0.0,0.0,0.0,0.0,0.0,57.596666666666664,0.0,0.0,0.0,0.0,0.0,0.0,0.0,0.0,0.0,2.283
0.0,0.0,0.0,20.0,0.0,0.0,0.0,0.0,6.67,14.443333333333333,0.0,0.0,0.0,0.0,0.0,58.88666666666667,0.0,0.0,0.0,0.0,0.0,0.0,0.0,0.0,0.0,2.331
0.0,0.0,0.0,20.0,0.0,0.0,0.0,0.0,9.23,12.306666666666667,0.0,0.0,0.0,0.0,0.0,58.46333333333334,0.0,0.0,0.0,0.0,0.0,0.0,0.0,0.0,0.0,2.303
0.0,0.0,0.0,20.25,0.0,0.0,0.0,0.0,16.05,6.3066666666666675,0.0,0.0,0.0,0.0,0.0,56.92333333333334,0.0,0.0,0.0,0.0,0.0,0.0,0.0,0.0,0.0,2.691
0.0,0.0,0.0,20.34,0.0,0.0,0.0,0.0,0.0,6.336666666666667,16.12,0.0,0.0,0.0,0.0,57.193333333333335,0.0,0.0,0.0,0.0,0.0,0.0,0.0,0.0,0.0,2.315
0.0,0.0,0.0,20.34,0.0,0.0,0.0,0.0,8.06,6.336666666666667,8.06,0.0,0.0,0.0,0.0,57.193333333333335,0.0,0.0,0.0,0.0,0.0,0.0,0.0,0.0,0.0,2.1865
0.0,0.0,0.0,20.34,0.0,0.0,0.0,0.0,16.12,6.336666666666667,0.0,0.0,0.0,0.0,0.0,57.193333333333335,0.0,0.0,0.0,0.0,0.0,0.0,0.0,0.0,0.0,2.585
0.0,0.0,0.0,22.39,0.0,0.0,0.0,0.0,8.96,10.946666666666667,0.0,0.0,0.0,0.0,0.0,57.71333333333334,0.0,0.0,0.0,0.0,0.0,0.0,0.0,0.0,0.0,2.283
0.0,0.0,0.0,22.58,0.0,0.0,0.0,0.0,6.45,12.903333333333334,0.0,0.0,0.0,0.0,0.0,58.06666666666666,0.0,0.0,0.0,0.0,0.0,0.0,0.0,0.0,0.0,2.332
0.0,0.0,0.0,24.64,0.0,0.0,0.0,0.0,8.699999999999998,9.663333333333332,0.0,0.0,0.0,0.0,0.0,57.00666666666666,0.0,0.0,0.0,0.0,0.0,0.0,0.0,0.0,0.0,2.3105
0.0,0.0,0.0,26.76,0.0,0.0,0.0,0.0,8.449999999999998,8.450000000000001,0.0,0.0,0.0,0.0,0.0,56.34,0.0,0.0,0.0,0.0,0.0,0.0,0.0,0.0,0.0,1.98
0.0,0.0,1.01,0.0,0.0,0.0,20.2,0.0,0.0,0.0,0.0,0.0,24.24,0.0,0.0,0.0,0.0,0.0,2.02,2.02,0.0,50.51,0.0,0.0,0.0,6.1
0.0,0.0,2.0,0.0,0.0,0.0,0.0,80.0,0.0,0.0,0.0,0.0,0.0,18.0,0.0,0.0,0.0,0.0,0.0,0.0,0.0,0.0,0.0,0.0,0.0,7.252
0.0,0.0,2.0,0.0,0.0,0.0,0.0,83.0,0.0,0.0,0.0,0.0,0.0,15.0,0.0,0.0,0.0,0.0,0.0,0.0,0.0,0.0,0.0,0.0,0.0,6.762
0.0,0.0,2.06,0.0,0.0,0.0,0.0,82.47,0.0,0.0,0.0,0.0,0.0,15.46,0.0,0.0,0.0,0.0,0.0,0.0,0.0,0.0,0.0,0.0,0.0,7.35
0.0,0.0,4.0,0.0,0.0,0.0,0.0,80.0,0.0,0.0,0.0,0.0,0.0,16.0,0.0,0.0,0.0,0.0,0.0,0.0,0.0,0.0,0.0,0.0,0.0,7.888999999999999
0.0,0.0,4.0,0.0,0.0,0.0,0.0,81.0,0.0,0.0,0.0,0.0,0.0,15.0,0.0,0.0,0.0,0.0,0.0,0.0,0.0,0.0,0.0,0.0,0.0,7.35
0.0,0.0,4.0,0.0,4.0,0.0,0.0,77.0,3.0,0.0,0.0,0.0,0.0,9.5,0.0,0.0,0.0,0.0,2.5,0.0,0.0,0.0,0.0,0.0,0.0,8.526
0.0,0.0,5.0,0.0,0.0,0.0,0.0,80.0,0.0,0.0,0.0,0.0,0.0,15.0,0.0,0.0,0.0,0.0,0.0,0.0,0.0,0.0,0.0,0.0,0.0,7.611333333333334
0.0,0.0,6.0,0.0,0.0,0.0,0.0,79.0,0.0,0.0,0.0,0.0,0.0,15.0,0.0,0.0,0.0,0.0,0.0,0.0,0.0,0.0,0.0,0.0,0.0,7.546
0.0,0.0,7.0,0.0,0.0,0.0,0.0,80.0,0.0,0.0,0.0,0.0,0.0,13.0,0.0,0.0,0.0,0.0,0.0,0.0,0.0,0.0,0.0,0.0,0.0,7.497
0.0,0.0,8.0,0.0,0.0,0.0,0.0,77.0,0.0,0.0,0.0,0.0,0.0,15.0,0.0,0.0,0.0,0.0,0.0,0.0,0.0,0.0,0.0,0.0,0.0,8.036
0.0,0.0,8.0,0.0,0.0,0.0,0.0,80.0,0.0,0.0,0.0,0.0,0.0,0.0,0.0,0.0,0.0,0.0,12.0,0.0,0.0,0.0,0.0,0.0,0.0,8.918
0.0,0.0,10.0,0.0,0.0,0.0,0.0,80.0,0.0,0.0,0.0,0.0,0.0,10.0,0.0,0.0,0.0,0.0,0.0,0.0,0.0,0.0,0.0,0.0,0.0,8.82
0.0,0.0,10.0,0.0,0.0,0.0,0.0,82.0,0.0,0.0,0.0,0.0,0.0,0.0,0.0,0.0,0.0,0.0,8.0,0.0,0.0,0.0,0.0,0.0,0.0,9.1
0.0,0.0,10.0,0.0,10.0,0.0,0.0,80.0,0.0,0.0,0.0,0.0,0.0,0.0,0.0,0.0,0.0,0.0,0.0,0.0,0.0,0.0,0.0,0.0,0.0,9.604
0.0,0.0,11.0,0.0,9.0,0.0,0.0,80.0,0.0,0.0,0.0,0.0,0.0,0.0,0.0,0.0,0.0,0.0,0.0,0.0,0.0,0.0,0.0,0.0,0.0,9.604
0.0,0.0,12.0,0.0,0.0,0.0,0.0,75.0,0.0,0.0,0.0,0.0,0.0,0.0,0.0,0.0,0.0,0.0,13.0,0.0,0.0,0.0,0.0,0.0,0.0,8.722
0.0,0.0,12.0,0.0,0.0,0.0,0.0,77.0,0.0,0.0,0.0,0.0,0.0,0.0,0.0,0.0,0.0,0.0,11.0,0.0,0.0,0.0,0.0,0.0,0.0,8.722
0.0,0.0,12.0,0.0,0.0,0.0,0.0,78.0,0.0,0.0,0.0,0.0,0.0,0.0,0.0,0.0,0.0,0.0,10.0,0.0,0.0,0.0,0.0,0.0,0.0,9.1
0.0,0.0,12.0,0.0,0.0,0.0,0.0,79.5,0.0,0.0,0.0,0.0,0.0,0.0,0.0,0.0,0.0,0.0,8.5,0.0,0.0,0.0,0.0,0.0,0.0,8.33
0.0,0.0,12.0,0.0,0.0,0.0,0.0,80.0,0.0,0.0,0.0,0.0,0.0,0.0,0.0,0.0,0.0,0.0,8.0,0.0,0.0,0.0,0.0,0.0,0.0,9.9
0.0,0.0,12.0,0.0,0.0,0.0,0.0,81.0,0.0,0.0,0.0,0.0,0.0,0.0,0.0,0.0,0.0,0.0,7.0,0.0,0.0,0.0,0.0,0.0,0.0,8.232
0.0,0.0,12.0,0.0,0.0,0.0,0.0,83.0,0.0,0.0,0.0,0.0,0.0,0.0,0.0,0.0,0.0,0.0,5.0,0.0,0.0,0.0,0.0,0.0,0.0,8.134
0.0,0.0,12.0,0.0,0.0,0.0,0.0,86.0,0.0,0.0,0.0,0.0,0.0,0.0,0.0,0.0,0.0,0.0,2.0,0.0,0.0,0.0,0.0,0.0,0.0,7.742
0.0,0.0,12.0,0.0,8.0,0.0,0.0,80.0,0.0,0.0,0.0,0.0,0.0,0.0,0.0,0.0,0.0,0.0,0.0,0.0,0.0,0.0,0.0,0.0,0.0,9.31
0.0,0.0,13.0,0.0,0.0,0.0,0.0,80.0,0.0,0.0,0.0,0.0,0.0,0.0,0.0,0.0,0.0,0.0,7.0,0.0,0.0,0.0,0.0,0.0,0.0,9.506
0.0,0.0,13.0,0.0,0.0,0.0,0.0,80.0,0.0,0.0,0.0,0.0,0.0,7.0,0.0,0.0,0.0,0.0,0.0,0.0,0.0,0.0,0.0,0.0,0.0,8.966999999999999
0.0,0.0,14.0,0.0,0.0,0.0,0.0,76.0,0.0,0.0,0.0,0.0,0.0,0.0,0.0,0.0,0.0,0.0,10.0,0.0,0.0,0.0,0.0,0.0,0.0,10.1
0.0,0.0,14.0,0.0,0.0,0.0,0.0,78.0,0.0,0.0,0.0,0.0,0.0,0.0,0.0,0.0,0.0,0.0,8.0,0.0,0.0,0.0,0.0,0.0,0.0,10.7
0.0,0.0,14.0,0.0,6.0,0.0,0.0,80.0,0.0,0.0,0.0,0.0,0.0,0.0,0.0,0.0,0.0,0.0,0.0,0.0,0.0,0.0,0.0,0.0,0.0,9.8
0.0,0.0,15.0,0.0,0.0,0.0,0.0,71.0,0.0,0.0,0.0,0.0,0.0,0.0,0.0,0.0,0.0,0.0,14.0,0.0,0.0,0.0,0.0,0.0,0.0,10.78
0.0,0.0,15.0,0.0,0.0,0.0,0.0,75.0,0.0,0.0,0.0,0.0,0.0,0.0,0.0,0.0,0.0,0.0,10.0,0.0,0.0,0.0,0.0,0.0,0.0,10.29
0.0,0.0,15.0,0.0,0.0,0.0,0.0,77.0,0.0,0.0,0.0,0.0,0.0,0.0,0.0,0.0,0.0,0.0,8.0,0.0,0.0,0.0,0.0,0.0,0.0,10.29
0.0,0.0,15.0,0.0,0.0,0.0,0.0,77.0,0.0,0.0,0.0,0.0,0.0,8.0,0.0,0.0,0.0,0.0,0.0,0.0,0.0,0.0,0.0,0.0,0.0,9.8
0.0,0.0,15.0,0.0,0.0,0.0,0.0,79.0,0.0,0.0,0.0,0.0,0.0,0.0,0.0,0.0,0.0,0.0,6.0,0.0,0.0,0.0,0.0,0.0,0.0,10.29
0.0,0.0,15.0,0.0,0.0,0.0,0.0,79.0,0.0,0.0,0.0,0.0,0.0,6.0,0.0,0.0,0.0,0.0,0.0,0.0,0.0,0.0,0.0,0.0,0.0,9.702
0.0,0.0,15.0,0.0,0.0,0.0,0.0,80.0,0.0,0.0,0.0,0.0,0.0,0.0,0.0,0.0,0.0,0.0,5.0,0.0,0.0,0.0,0.0,0.0,0.0,9.898
0.0,0.0,15.0,0.0,0.0,0.0,0.0,80.0,0.0,0.0,0.0,0.0,0.0,5.0,0.0,0.0,0.0,0.0,0.0,0.0,0.0,0.0,0.0,0.0,0.0,9.212
0.0,0.0,15.0,0.0,0.0,0.0,0.0,80.0,0.0,5.0,0.0,0.0,0.0,0.0,0.0,0.0,0.0,0.0,0.0,0.0,0.0,0.0,0.0,0.0,0.0,9.359
0.0,0.0,15.0,0.0,0.0,0.0,0.0,81.0,0.0,0.0,0.0,0.0,0.0,0.0,0.0,0.0,0.0,0.0,4.0,0.0,0.0,0.0,0.0,0.0,0.0,9.898
0.0,0.0,15.0,0.0,0.0,0.0,0.0,81.0,0.0,0.0,0.0,0.0,0.0,4.0,0.0,0.0,0.0,0.0,0.0,0.0,0.0,0.0,0.0,0.0,0.0,9.506
0.0,0.0,15.0,0.0,0.0,0.0,0.0,83.0,0.0,0.0,0.0,0.0,0.0,2.0,0.0,0.0,0.0,0.0,0.0,0.0,0.0,0.0,0.0,0.0,0.0,9.31
0.0,0.0,15.0,0.0,0.0,0.0,0.0,85.0,0.0,0.0,0.0,0.0,0.0,0.0,0.0,0.0,0.0,0.0,0.0,0.0,0.0,0.0,0.0,0.0,0.0,8.987
0.0,0.0,15.0,0.0,4.0,0.0,0.0,81.0,0.0,0.0,0.0,0.0,0.0,0.0,0.0,0.0,0.0,0.0,0.0,0.0,0.0,0.0,0.0,0.0,0.0,10.39
0.0,0.0,15.0,0.0,5.0,0.0,0.0,80.0,0.0,0.0,0.0,0.0,0.0,0.0,0.0,0.0,0.0,0.0,0.0,0.0,0.0,0.0,0.0,0.0,0.0,9.702
0.0,0.0,15.0,0.0,6.0,0.0,0.0,79.0,0.0,0.0,0.0,0.0,0.0,0.0,0.0,0.0,0.0,0.0,0.0,0.0,0.0,0.0,0.0,0.0,0.0,10.19
0.0,0.0,16.0,0.0,0.0,0.0,0.0,74.0,0.0,0.0,0.0,0.0,0.0,0.0,0.0,0.0,0.0,0.0,10.0,0.0,0.0,0.0,0.0,0.0,0.0,11.2
0.0,0.0,16.0,0.0,0.0,0.0,0.0,76.0,0.0,0.0,0.0,0.0,0.0,0.0,0.0,0.0,0.0,0.0,8.0,0.0,0.0,0.0,0.0,0.0,0.0,11.2
0.0,0.0,16.0,0.0,0.0,0.0,0.0,80.0,0.0,0.0,0.0,0.0,0.0,4.0,0.0,0.0,0.0,0.0,0.0,0.0,0.0,0.0,0.0,0.0,0.0,9.408
0.0,0.0,17.0,0.0,0.0,0.0,0.0,83.0,0.0,0.0,0.0,0.0,0.0,0.0,0.0,0.0,0.0,0.0,0.0,0.0,0.0,0.0,0.0,0.0,0.0,9.68
0.0,0.0,17.0,0.0,3.0,0.0,0.0,80.0,0.0,0.0,0.0,0.0,0.0,0.0,0.0,0.0,0.0,0.0,0.0,0.0,0.0,0.0,0.0,0.0,0.0,10.09
0.0,0.0,18.0,0.0,0.0,0.0,0.0,72.0,0.0,0.0,0.0,0.0,0.0,0.0,0.0,0.0,0.0,0.0,10.0,0.0,0.0,0.0,0.0,0.0,0.0,12.0
0.0,0.0,18.0,0.0,0.0,0.0,0.0,74.0,0.0,0.0,0.0,0.0,0.0,0.0,0.0,0.0,0.0,0.0,8.0,0.0,0.0,0.0,0.0,0.0,0.0,12.0
0.0,0.0,18.0,0.0,0.0,0.0,0.0,80.0,0.0,0.0,0.0,0.0,0.0,2.0,0.0,0.0,0.0,0.0,0.0,0.0,0.0,0.0,0.0,0.0,0.0,9.996
0.0,0.0,20.0,0.0,0.0,0.0,0.0,40.0,0.0,0.0,0.0,0.0,40.0,0.0,0.0,0.0,0.0,0.0,0.0,0.0,0.0,0.0,0.0,0.0,0.0,10.23
0.0,0.0,20.0,0.0,0.0,0.0,0.0,80.0,0.0,0.0,0.0,0.0,0.0,0.0,0.0,0.0,0.0,0.0,0.0,0.0,0.0,0.0,0.0,0.0,0.0,10.344999999999999
0.0,0.0,23.0,0.0,0.0,0.0,0.0,77.0,0.0,0.0,0.0,0.0,0.0,0.0,0.0,0.0,0.0,0.0,0.0,0.0,0.0,0.0,0.0,0.0,0.0,11.8
0.0,0.0,30.0,0.0,0.0,0.0,0.0,0.0,0.0,0.0,0.0,0.0,70.0,0.0,0.0,0.0,0.0,0.0,0.0,0.0,0.0,0.0,0.0,0.0,0.0,6.86
0.0,0.0,33.0,0.0,0.0,0.0,0.0,0.0,0.0,0.0,0.0,0.0,67.0,0.0,0.0,0.0,0.0,0.0,0.0,0.0,0.0,0.0,0.0,0.0,0.0,6.958
0.0,0.0,36.0,0.0,0.0,0.0,0.0,0.0,0.0,0.0,0.0,0.0,64.0,0.0,0.0,0.0,0.0,0.0,0.0,0.0,0.0,0.0,0.0,0.0,0.0,7.35
0.0,0.0,39.0,0.0,0.0,0.0,0.0,0.0,0.0,0.0,0.0,0.0,61.0,0.0,0.0,0.0,0.0,0.0,0.0,0.0,0.0,0.0,0.0,0.0,0.0,7.644
0.0,1.1,0.0,0.0,0.0,0.0,0.0,0.0,0.0,3.3,0.0,0.0,0.0,0.0,0.0,0.0,2.2,77.79999999999998,0.0,0.0,15.6,0.0,0.0,0.0,0.0,0.8624
0.0,1.1,0.0,0.0,0.0,0.0,0.0,0.0,0.0,13.31,0.0,0.0,0.0,0.0,0.0,0.0,2.2,69.47,0.0,0.0,13.91,0.0,0.0,0.0,0.0,1.196
0.0,1.1199999999999999,0.0,0.0,0.0,0.0,0.0,0.0,0.0,14.92,0.0,0.0,0.0,0.0,0.0,0.0,0.0,56.58,0.0,27.38,0.0,0.0,0.0,0.0,0.0,1.9012
0.0,2.2,0.0,0.0,0.0,0.0,0.0,0.0,0.0,6.7,0.0,0.0,0.0,0.0,0.0,0.0,4.5,72.2,0.0,0.0,14.4,0.0,0.0,0.0,0.0,1.039
0.0,2.2,0.0,0.0,0.0,0.0,0.0,0.0,0.0,16.68,0.0,0.0,0.0,0.0,0.0,0.0,4.5,63.84,0.0,0.0,12.79,0.0,0.0,0.0,0.0,1.46
0.0,2.804,0.0,0.0,0.0,0.0,0.0,0.0,0.0,18.67,0.0,0.0,0.0,0.0,0.0,0.0,0.0,55.696000000000005,0.0,22.83,0.0,0.0,0.0,0.0,0.0,1.862
0.0,3.3,0.0,0.0,0.0,0.0,0.0,0.0,0.0,0.0,0.0,0.0,0.0,0.0,0.0,0.0,6.7,75.0,0.0,0.0,15.0,0.0,0.0,0.0,0.0,0.9016
0.0,3.3,0.0,0.0,0.0,0.0,0.0,0.0,0.0,10.0,0.0,0.0,0.0,0.0,0.0,0.0,6.7,66.7,0.0,0.0,13.3,0.0,0.0,0.0,0.0,1.235
0.0,3.3,0.0,0.0,0.0,0.0,0.0,0.0,0.0,20.0,0.0,0.0,0.0,0.0,0.0,0.0,6.7,58.3,0.0,0.0,11.7,0.0,0.0,0.0,0.0,1.666
0.0,4.0,0.0,0.0,0.0,0.0,3.3333333333333335,0.0,0.0,28.333333333333332,0.0,0.0,0.0,0.0,0.0,0.0,0.0,64.33333333333333,0.0,0.0,0.0,0.0,0.0,0.0,0.0,205.0
0.0,4.0,0.0,0.0,0.0,10.0,0.0,0.0,0.0,23.333333333333332,0.0,0.0,0.0,0.0,0.0,0.0,0.0,62.666666666666664,0.0,0.0,0.0,0.0,0.0,0.0,0.0,1.81594
0.0,4.008,0.0,0.0,0.0,0.0,0.0,0.0,0.0,21.34,0.0,0.0,0.0,0.0,0.0,0.0,0.0,55.072,0.0,19.58,0.0,0.0,0.0,0.0,0.0,1.8326
0.0,4.39,0.0,0.0,0.0,0.0,0.0,0.0,0.0,23.23,0.0,0.0,0.0,0.0,0.0,0.0,8.87,52.84,0.0,0.0,10.67,0.0,0.0,0.0,0.0,1.882
0.0,4.4,0.0,0.0,0.0,0.0,0.0,0.0,0.0,13.3,0.0,0.0,0.0,0.0,0.0,0.0,8.9,61.1,0.0,0.0,12.3,0.0,0.0,0.0,0.0,1.45
0.0,4.41,0.0,0.0,0.0,0.0,0.0,0.0,0.0,3.31,0.0,0.0,0.0,0.0,0.0,0.0,8.82,69.54,0.0,0.0,13.93,0.0,0.0,0.0,0.0,1.029
0.0,5.0,0.0,0.0,0.0,0.0,0.0,0.0,0.0,0.0,0.0,0.0,0.0,0.0,0.0,0.0,0.0,0.0,20.0,0.0,75.0,0.0,0.0,0.0,0.0,1.323
0.0,5.0,0.0,0.0,0.0,0.0,0.0,0.0,0.0,0.0,0.0,0.0,0.0,0.0,0.0,0.0,0.0,95.0,0.0,0.0,0.0,0.0,0.0,0.0,0.0,0.6124666666666666
0.0,5.0,0.0,0.0,0.0,0.0,0.0,0.0,0.0,5.0,0.0,0.0,0.0,0.0,0.0,0.0,0.0,90.0,0.0,0.0,0.0,0.0,0.0,0.0,0.0,0.88
0.0,5.0,0.0,0.0,0.0,0.0,0.0,0.0,0.0,20.0,0.0,0.0,0.0,0.0,0.0,0.0,0.0,75.0,0.0,0.0,0.0,0.0,0.0,0.0,0.0,1.72
0.0,5.0,0.0,0.0,0.0,0.0,0.0,0.0,0.0,35.0,0.0,0.0,0.0,0.0,0.0,0.0,0.0,60.0,0.0,0.0,0.0,0.0,0.0,0.0,0.0,2.2344
0.0,5.0,0.0,0.0,0.0,0.0,0.0,0.0,5.0,30.0,0.0,0.0,0.0,0.0,0.0,60.0,0.0,0.0,0.0,0.0,0.0,0.0,0.0,0.0,0.0,2.1180000000000003
0.0,5.42,0.0,0.0,0.0,0.0,0.0,0.0,0.0,0.0,0.0,0.0,0.0,0.0,0.0,0.0,0.0,92.59,0.0,0.0,0.0,0.0,1.99,0.0,0.0,0.5782
0.0,5.59,0.0,0.0,0.0,0.0,0.0,0.0,0.0,6.69,0.0,0.0,0.0,0.0,0.0,0.0,11.09,63.84,0.0,0.0,12.79,0.0,0.0,0.0,0.0,1.215
0.0,5.59,0.0,0.0,0.0,0.0,0.0,0.0,0.0,16.68,0.0,0.0,0.0,0.0,0.0,0.0,11.09,55.54,0.0,0.0,11.09,0.0,0.0,0.0,0.0,1.637
0.0,5.61,0.0,0.0,0.0,0.0,0.0,0.0,0.0,26.63,0.0,0.0,0.0,0.0,0.0,0.0,11.11,47.25,0.0,0.0,9.41,0.0,0.0,0.0,0.0,1.911
0.0,5.612,0.0,0.0,0.0,0.0,0.0,0.0,0.0,24.92,0.0,0.0,0.0,0.0,0.0,0.0,0.0,54.228,0.0,15.24,0.0,0.0,0.0,0.0,0.0,1.764
0.0,5.79,0.0,0.0,0.0,0.0,0.0,0.0,0.0,0.0,0.0,0.0,0.0,0.0,0.0,0.0,0.0,87.84999999999998,0.0,0.0,0.0,0.0,6.36,0.0,0.0,0.5684
0.0,6.0,0.0,0.0,0.0,0.0,0.0,0.0,0.0,0.0,0.0,0.0,0.0,0.0,0.0,0.0,0.0,94.0,0.0,0.0,0.0,0.0,0.0,0.0,0.0,0.686
0.0,6.0,0.0,0.0,0.0,0.0,3.3333333333333335,0.0,0.0,26.666666666666668,0.0,0.0,0.0,0.0,0.0,0.0,0.0,64.0,0.0,0.0,0.0,0.0,0.0,0.0,0.0,184.0
0.0,6.0,0.0,0.0,0.0,7.5,0.0,0.0,0.0,23.333333333333332,0.0,0.0,0.0,0.0,0.0,0.0,0.0,63.166666666666664,0.0,0.0,0.0,0.0,0.0,0.0,0.0,1.80516
0.0,6.1,0.0,0.0,0.0,0.0,0.0,0.0,0.0,18.2,0.0,0.0,0.0,0.0,0.0,0.0,12.1,53.0,0.0,0.0,10.6,0.0,0.0,0.0,0.0,1.48
0.0,6.2,0.0,0.0,0.0,0.0,0.0,0.0,0.0,0.0,0.0,0.0,0.0,0.0,0.0,0.0,0.0,82.42,0.0,0.0,0.0,0.0,11.37,0.0,0.0,0.735
0.0,6.69,0.0,0.0,0.0,0.0,0.0,0.0,0.0,0.0,0.0,0.0,0.0,0.0,0.0,0.0,0.0,76.15,0.0,0.0,0.0,0.0,17.16,0.0,0.0,0.8036
0.0,6.7,0.0,0.0,0.0,0.0,0.0,0.0,0.0,10.0,0.0,0.0,0.0,0.0,0.0,0.0,13.3,58.3,0.0,0.0,11.7,0.0,0.0,0.0,0.0,1.48
0.0,6.7,0.0,0.0,0.0,0.0,0.0,0.0,0.0,20.0,0.0,0.0,0.0,0.0,0.0,0.0,13.3,50.0,0.0,0.0,10.0,0.0,0.0,0.0,0.0,1.578
0.0,7.72,0.0,0.0,0.0,0.0,0.0,0.0,0.0,3.31,0.0,0.0,0.0,0.0,0.0,0.0,15.53,61.22,0.0,0.0,12.22,0.0,0.0,0.0,0.0,1.205
0.0,7.8,0.0,0.0,0.0,0.0,0.0,0.0,0.0,13.3,0.0,0.0,0.0,0.0,0.0,0.0,15.5,52.8,0.0,0.0,10.6,0.0,0.0,0.0,0.0,1.627
0.0,7.864,0.0,0.0,0.0,0.0,0.0,0.0,0.0,29.91,0.0,0.0,0.0,0.0,0.0,0.0,0.0,53.076,0.0,9.15,0.0,0.0,0.0,0.0,0.0,1.6954
0.0,7.92,0.0,0.0,0.0,0.0,0.0,0.0,0.0,0.0,0.0,0.0,0.0,0.0,0.0,0.0,0.0,60.13,0.0,0.0,0.0,0.0,31.94,0.0,0.0,0.735
0.0,8.0,0.0,0.0,0.0,0.0,0.0,0.0,0.0,0.0,0.0,0.0,0.0,0.0,0.0,0.0,0.0,92.0,0.0,0.0,0.0,0.0,0.0,0.0,0.0,0.6958
0.0,8.0,0.0,0.0,0.0,0.0,0.0,0.0,0.0,0.0,0.0,0.0,0.0,0.0,0.0,60.0,32.0,0.0,0.0,0.0,0.0,0.0,0.0,0.0,0.0,1.5
0.0,8.0,0.0,0.0,0.0,0.0,0.0,0.0,0.0,26.0,0.0,0.0,0.0,0.0,0.0,66.0,0.0,0.0,0.0,0.0,0.0,0.0,0.0,0.0,0.0,2.2586666666666666
0.0,8.0,0.0,0.0,0.0,0.0,0.0,0.0,0.0,26.666666666666668,0.0,0.0,0.0,0.0,0.0,0.0,0.0,65.33333333333334,0.0,0.0,0.0,0.0,0.0,0.0,0.0,149.0
0.0,8.0,0.0,0.0,0.0,0.0,3.3333333333333335,0.0,0.0,25.0,0.0,0.0,0.0,0.0,0.0,0.0,0.0,63.666666666666664,0.0,0.0,0.0,0.0,0.0,0.0,0.0,177.0
0.0,8.0,0.0,0.0,0.0,5.0,0.0,0.0,0.0,23.333333333333332,0.0,0.0,0.0,0.0,0.0,0.0,0.0,63.666666666666664,0.0,0.0,0.0,0.0,0.0,0.0,0.0,1.7542
0.0,8.9,0.0,0.0,0.0,0.0,0.0,0.0,0.0,6.7,0.0,0.0,0.0,0.0,0.0,0.0,17.8,55.5,0.0,0.0,11.1,0.0,0.0,0.0,0.0,1.46
0.0,8.91,0.0,0.0,0.0,0.0,0.0,0.0,0.0,16.72,0.0,0.0,0.0,0.0,0.0,0.0,17.72,47.25,0.0,0.0,9.41,0.0,0.0,0.0,0.0,1.862
0.0,9.57,0.0,0.0,0.0,2.13,0.0,0.0,0.0,28.72,0.0,0.0,0.0,0.0,0.0,0.0,0.0,59.57,0.0,0.0,0.0,0.0,0.0,0.0,0.0,2.509
0.0,9.83,0.0,0.0,0.0,0.0,0.0,0.0,0.0,22.46,0.0,0.0,0.0,0.0,0.0,0.0,0.0,44.85,0.0,0.0,22.4,0.0,0.0,0.0,0.0,2.408
0.0,9.840000000000002,0.0,0.0,0.0,0.0,0.0,0.0,0.0,22.49,0.0,0.0,0.0,0.0,0.0,0.0,0.0,44.92,0.0,0.0,22.43,0.0,0.0,0.0,0.0,2.373
0.0,9.85,0.0,0.0,0.0,0.0,0.0,0.0,0.0,22.52,0.0,0.0,0.0,0.0,0.0,0.0,0.0,44.97,0.0,0.0,22.46,0.0,0.0,0.0,0.0,2.474
0.0,9.86,0.0,0.0,0.0,0.0,0.0,0.0,0.0,22.54,0.0,0.0,0.0,0.0,0.0,0.0,0.0,45.02,0.0,0.0,22.48,0.0,0.0,0.0,0.0,2.433
0.0,9.87,0.0,0.0,0.0,0.0,0.0,0.0,0.0,22.55,0.0,0.0,0.0,0.0,0.0,0.0,0.0,45.05,0.0,0.0,22.49,0.0,0.0,0.0,0.0,2.32
0.0,9.87,0.0,0.0,0.0,0.0,0.0,0.0,0.0,22.56,0.0,0.0,0.0,0.0,0.0,0.0,0.0,45.06,0.0,0.0,22.5,0.0,0.0,0.0,0.0,2.289
0.0,9.95,0.0,0.0,0.0,0.0,0.0,0.0,0.0,29.85,0.0,0.0,0.0,0.0,0.0,0.0,0.0,59.7,0.0,0.0,0.0,0.0,0.0,0.0,0.0,2.799
0.0,9.97,0.0,0.0,0.0,0.0,0.0,0.0,0.0,29.9,0.0,0.0,0.0,0.0,0.0,0.0,0.0,59.78,0.0,0.0,0.0,0.0,0.0,0.0,0.0,2.731
0.0,9.98,0.0,0.0,0.0,0.0,0.0,0.0,0.0,29.93,0.0,0.0,0.0,0.0,0.0,0.0,0.0,59.85,0.0,0.0,0.0,0.0,0.0,0.0,0.0,2.799
0.0,9.98,0.0,0.0,0.0,0.0,0.0,0.0,0.0,29.95,0.0,0.0,0.0,0.0,0.0,0.0,0.0,59.9,0.0,0.0,0.0,0.0,0.0,0.0,0.0,2.731
0.0,9.99,0.0,0.0,0.0,0.0,0.0,0.0,0.0,29.99,0.0,0.0,0.0,0.0,0.0,60.0,0.0,0.0,0.0,0.0,0.0,0.0,0.0,0.0,0.0,6.0
0.0,10.0,0.0,0.0,0.0,0.0,0.0,0.0,0.0,0.0,0.0,0.0,0.0,0.0,0.0,0.0,0.0,0.0,15.0,0.0,75.0,0.0,0.0,0.0,0.0,1.323
0.0,10.0,0.0,0.0,0.0,0.0,0.0,0.0,0.0,0.0,0.0,0.0,0.0,0.0,0.0,0.0,0.0,0.0,20.0,0.0,70.0,0.0,0.0,0.0,0.0,1.3524
0.0,10.0,0.0,0.0,0.0,0.0,0.0,0.0,0.0,0.0,0.0,0.0,0.0,0.0,0.0,90.0,0.0,0.0,0.0,0.0,0.0,0.0,0.0,0.0,0.0,0.0992
0.0,10.0,0.0,0.0,0.0,0.0,0.0,0.0,0.0,5.0,0.0,0.0,0.0,0.0,0.0,0.0,0.0,85.0,0.0,0.0,0.0,0.0,0.0,0.0,0.0,1.03
0.0,10.0,0.0,0.0,0.0,0.0,0.0,0.0,0.0,10.0,0.0,0.0,0.0,0.0,0.0,0.0,0.0,80.0,0.0,0.0,0.0,0.0,0.0,0.0,0.0,1.116
0.0,10.0,0.0,0.0,0.0,0.0,0.0,0.0,0.0,10.0,0.0,0.0,0.0,0.0,0.0,0.0,20.0,50.0,0.0,0.0,10.0,0.0,0.0,0.0,0.0,1.597
0.0,10.0,0.0,0.0,0.0,0.0,0.0,0.0,0.0,15.0,0.0,0.0,0.0,0.0,0.0,0.0,0.0,75.0,0.0,0.0,0.0,0.0,0.0,0.0,0.0,1.43
0.0,10.0,0.0,0.0,0.0,0.0,0.0,0.0,0.0,25.0,0.0,0.0,0.0,0.0,0.0,0.0,0.0,65.0,0.0,0.0,0.0,0.0,0.0,0.0,0.0,2.0776
0.0,10.0,0.0,0.0,0.0,0.0,0.0,0.0,0.0,30.0,0.0,0.0,0.0,0.0,0.0,0.0,0.0,25.0,0.0,0.0,35.0,0.0,0.0,0.0,0.0,1.833
0.0,10.0,0.0,0.0,0.0,0.0,0.0,0.0,0.0,30.0,0.0,0.0,0.0,0.0,0.0,0.0,0.0,30.0,0.0,0.0,30.0,0.0,0.0,0.0,0.0,2.019
0.0,10.0,0.0,0.0,0.0,0.0,0.0,0.0,0.0,30.0,0.0,0.0,0.0,0.0,0.0,0.0,0.0,32.0,0.0,0.0,28.0,0.0,0.0,0.0,0.0,2.058
0.0,10.0,0.0,0.0,0.0,0.0,0.0,0.0,0.0,30.0,0.0,0.0,0.0,0.0,0.0,0.0,0.0,35.0,0.0,0.0,25.0,0.0,0.0,0.0,0.0,2.156
0.0,10.0,0.0,0.0,0.0,0.0,0.0,0.0,0.0,35.0,0.0,0.0,0.0,0.0,0.0,0.0,0.0,55.0,0.0,0.0,0.0,0.0,0.0,0.0,0.0,2.543
0.0,10.0,0.0,0.0,0.0,0.0,0.0,0.0,0.0,37.5,0.0,0.0,0.0,0.0,0.0,0.0,0.0,15.0,0.0,0.0,37.5,0.0,0.0,0.0,0.0,1.744
0.0,10.0,0.0,0.0,0.0,2.5,0.0,0.0,0.0,23.333333333333332,0.0,0.0,0.0,0.0,0.0,0.0,0.0,64.16666666666666,0.0,0.0,0.0,0.0,0.0,0.0,0.0,1.7297
0.0,11.248000000000001,0.0,0.0,0.0,0.0,0.0,0.0,0.0,37.44,0.0,0.0,0.0,0.0,0.0,0.0,0.0,51.312,0.0,0.0,0.0,0.0,0.0,0.0,0.0,1.6464
0.0,12.0,0.0,0.0,0.0,0.0,0.0,0.0,0.0,0.0,0.0,0.0,0.0,0.0,0.0,0.0,0.0,18.0,0.0,0.0,0.0,0.0,70.0,0.0,0.0,1.029
0.0,12.0,0.0,0.0,0.0,0.0,0.0,0.0,0.0,0.0,0.0,0.0,0.0,0.0,0.0,0.0,0.0,88.0,0.0,0.0,0.0,0.0,0.0,0.0,0.0,0.8428
0.0,12.0,0.0,0.0,0.0,0.0,0.0,0.0,0.0,28.0,0.0,0.0,0.0,0.0,0.0,0.0,0.0,56.0,0.0,0.0,4.0,0.0,0.0,0.0,0.0,1.676
0.0,12.0,0.0,0.0,0.0,0.0,0.0,0.0,0.0,28.0,0.0,0.0,0.0,0.0,0.0,0.0,0.0,60.0,0.0,0.0,0.0,0.0,0.0,0.0,0.0,1.901
0.0,12.0,0.0,0.0,0.0,0.0,0.0,0.0,0.0,31.0,0.0,0.0,0.0,0.0,0.0,0.0,0.0,51.0,0.0,0.0,6.0,0.0,0.0,0.0,0.0,1.999
0.0,12.0,0.0,0.0,0.0,0.0,0.0,0.0,0.0,33.0,0.0,0.0,0.0,0.0,0.0,0.0,0.0,55.0,0.0,0.0,0.0,0.0,0.0,0.0,0.0,2.474
0.0,13.331999999999999,0.0,0.0,0.0,0.0,0.0,0.0,0.0,33.33,0.0,0.0,0.0,0.0,0.0,0.0,0.0,19.997999999999998,0.0,0.0,33.33,0.0,0.0,0.0,0.0,1.656
0.0,13.87,0.0,0.0,0.0,0.0,0.0,0.0,0.0,0.0,0.0,0.0,0.0,0.0,0.0,0.0,0.0,65.8,0.0,0.0,0.0,0.0,20.34,0.0,0.0,0.931
0.0,14.0,0.0,0.0,0.0,0.0,3.3333333333333335,0.0,0.0,20.0,0.0,0.0,0.0,0.0,0.0,0.0,0.0,62.666666666666664,0.0,0.0,0.0,0.0,0.0,0.0,0.0,173.0
0.0,14.41,0.0,0.0,0.0,0.0,0.0,0.0,0.0,30.38,0.0,0.0,0.0,0.0,0.0,55.21,0.0,0.0,0.0,0.0,0.0,0.0,0.0,0.0,0.0,2.122
0.0,14.67,0.0,0.0,0.0,0.0,0.0,0.0,0.0,26.42,0.0,0.0,0.0,0.0,0.0,58.91,0.0,0.0,0.0,0.0,0.0,0.0,0.0,0.0,0.0,1.965
0.0,15.0,0.0,0.0,0.0,0.0,0.0,0.0,0.0,0.0,0.0,0.0,0.0,0.0,0.0,0.0,0.0,0.0,10.0,0.0,75.0,0.0,0.0,0.0,0.0,1.1956
0.0,15.0,0.0,0.0,0.0,0.0,0.0,0.0,0.0,0.0,0.0,0.0,0.0,0.0,0.0,0.0,0.0,0.0,15.0,0.0,70.0,0.0,0.0,0.0,0.0,1.372
0.0,15.0,0.0,0.0,0.0,0.0,0.0,0.0,0.0,0.0,0.0,0.0,0.0,0.0,0.0,0.0,0.0,0.0,20.0,0.0,65.0,0.0,0.0,0.0,0.0,1.568
0.0,15.0,0.0,0.0,0.0,0.0,0.0,0.0,0.0,15.0,0.0,0.0,0.0,0.0,0.0,0.0,0.0,70.0,0.0,0.0,0.0,0.0,0.0,0.0,0.0,1.7
0.0,15.0,0.0,0.0,0.0,0.0,0.0,0.0,0.0,25.0,0.0,0.0,0.0,0.0,0.0,60.0,0.0,0.0,0.0,0.0,0.0,0.0,0.0,0.0,0.0,1.965
0.0,15.0,0.0,0.0,0.0,0.0,0.0,0.0,0.0,30.0,0.0,0.0,0.0,0.0,0.0,0.0,0.0,55.0,0.0,0.0,0.0,0.0,0.0,0.0,0.0,2.397
0.0,15.0,0.0,0.0,0.0,0.0,0.0,0.0,0.0,30.0,0.0,0.0,0.0,0.0,0.0,55.0,0.0,0.0,0.0,0.0,0.0,0.0,0.0,0.0,0.0,2.121
0.0,15.0,0.0,0.0,0.0,0.0,0.0,0.0,0.0,35.0,0.0,0.0,0.0,0.0,0.0,0.0,0.0,50.0,0.0,0.0,0.0,0.0,0.0,0.0,0.0,2.651
0.0,15.0,0.0,0.0,0.0,0.0,0.0,0.0,0.0,35.0,0.0,0.0,0.0,0.0,0.0,50.0,0.0,0.0,0.0,0.0,0.0,0.0,0.0,0.0,0.0,2.578
0.0,15.0,0.0,0.0,0.0,0.0,0.0,0.0,0.0,40.0,0.0,0.0,0.0,0.0,0.0,45.0,0.0,0.0,0.0,0.0,0.0,0.0,0.0,0.0,0.0,2.711
0.0,15.09,0.0,0.0,0.0,0.0,0.0,0.0,0.0,0.0,0.0,0.0,0.0,0.0,0.0,0.0,0.0,57.26,0.0,0.0,0.0,0.0,27.65,0.0,0.0,0.98
0.0,16.0,0.0,0.0,0.0,0.0,0.0,0.0,0.0,0.0,0.0,0.0,0.0,0.0,0.0,0.0,0.0,24.0,0.0,0.0,0.0,0.0,60.0,0.0,0.0,1.078
0.0,16.0,0.0,0.0,0.0,0.0,0.0,0.0,0.0,0.0,0.0,0.0,0.0,0.0,0.0,60.0,24.0,0.0,0.0,0.0,0.0,0.0,0.0,0.0,0.0,1.5
0.0,16.0,0.0,0.0,0.0,0.0,0.0,0.0,0.0,20.0,0.0,0.0,0.0,0.0,0.0,64.0,0.0,0.0,0.0,0.0,0.0,0.0,0.0,0.0,0.0,2.109666666666666
0.0,16.0,0.0,0.0,0.0,5.0,0.0,0.0,0.0,16.666666666666668,0.0,0.0,0.0,0.0,0.0,0.0,0.0,62.333333333333336,0.0,0.0,0.0,0.0,0.0,0.0,0.0,1.60034
0.0,16.54,0.0,0.0,0.0,0.0,0.0,0.0,0.0,0.0,0.0,0.0,0.0,0.0,0.0,0.0,0.0,47.08,0.0,0.0,0.0,0.0,36.38,0.0,0.0,1.205
0.0,18.0,0.0,0.0,0.0,0.0,3.3333333333333335,0.0,0.0,16.666666666666668,0.0,0.0,0.0,0.0,0.0,0.0,0.0,62.0,0.0,0.0,0.0,0.0,0.0,0.0,0.0,143.0
0.0,19.8,0.0,0.0,0.0,0.0,0.0,0.0,0.0,20.16,0.0,0.0,0.0,0.0,0.0,60.04,0.0,0.0,0.0,0.0,0.0,0.0,0.0,0.0,0.0,1.744
0.0,19.85,0.0,0.0,0.0,0.0,0.0,0.0,0.0,19.85,0.0,0.0,0.0,0.0,0.0,0.0,0.0,39.7,0.0,0.0,19.85,0.0,0.0,0.0,0.0,2.408
0.0,19.94,0.0,0.0,0.0,0.0,0.0,0.0,0.0,19.94,0.0,0.0,0.0,0.0,0.0,0.0,0.0,39.86,0.0,0.0,19.94,0.0,0.0,0.0,0.0,2.474
0.0,20.0,0.0,0.0,0.0,0.0,0.0,0.0,0.0,0.0,0.0,0.0,0.0,0.0,0.0,0.0,0.0,0.0,0.0,0.0,80.0,0.0,0.0,0.0,0.0,1.078
0.0,20.0,0.0,0.0,0.0,0.0,0.0,0.0,0.0,0.0,0.0,0.0,0.0,0.0,0.0,0.0,0.0,0.0,10.0,0.0,70.0,0.0,0.0,0.0,0.0,1.274
0.0,20.0,0.0,0.0,0.0,0.0,0.0,0.0,0.0,0.0,0.0,0.0,0.0,0.0,0.0,0.0,0.0,0.0,15.0,0.0,65.0,0.0,0.0,0.0,0.0,1.4602
0.0,20.0,0.0,0.0,0.0,0.0,0.0,0.0,0.0,0.0,0.0,0.0,0.0,0.0,0.0,0.0,0.0,0.0,20.0,0.0,60.0,0.0,0.0,0.0,0.0,1.5778
0.0,20.0,0.0,0.0,0.0,0.0,0.0,0.0,0.0,0.0,0.0,0.0,0.0,0.0,0.0,0.0,0.0,0.0,30.0,0.0,50.0,0.0,0.0,0.0,0.0,2.1168
0.0,20.0,0.0,0.0,0.0,0.0,0.0,0.0,0.0,0.0,0.0,0.0,0.0,0.0,0.0,0.0,0.0,30.0,0.0,0.0,0.0,0.0,50.0,0.0,0.0,1.098
0.0,20.0,0.0,0.0,0.0,0.0,0.0,0.0,0.0,0.0,0.0,0.0,0.0,0.0,0.0,0.0,0.0,80.0,0.0,0.0,0.0,0.0,0.0,0.0,0.0,0.9486
0.0,20.0,0.0,0.0,0.0,0.0,0.0,0.0,0.0,0.0,0.0,0.0,0.0,0.0,0.0,60.0,20.0,0.0,0.0,0.0,0.0,0.0,0.0,0.0,0.0,1.44
0.0,20.0,0.0,0.0,0.0,0.0,0.0,0.0,0.0,0.0,0.0,0.0,0.0,0.0,0.0,80.0,0.0,0.0,0.0,0.0,0.0,0.0,0.0,0.0,0.0,0.4996666666666667
0.0,20.0,0.0,0.0,0.0,0.0,0.0,0.0,0.0,5.0,0.0,0.0,0.0,0.0,0.0,0.0,0.0,75.0,0.0,0.0,0.0,0.0,0.0,0.0,0.0,1.28
0.0,20.0,0.0,0.0,0.0,0.0,0.0,0.0,0.0,15.0,0.0,0.0,0.0,0.0,0.0,0.0,0.0,65.0,0.0,0.0,0.0,0.0,0.0,0.0,0.0,1.78
0.0,20.0,0.0,0.0,0.0,0.0,0.0,0.0,0.0,16.666666666666668,0.0,0.0,0.0,0.0,0.0,0.0,0.0,63.333333333333336,0.0,0.0,0.0,0.0,0.0,0.0,0.0,136.0
0.0,20.0,0.0,0.0,0.0,0.0,0.0,0.0,0.0,20.0,0.0,0.0,0.0,0.0,0.0,0.0,0.0,40.0,0.0,0.0,20.0,0.0,0.0,0.0,0.0,2.2936666666666667
0.0,20.0,0.0,0.0,0.0,0.0,0.0,0.0,0.0,20.0,0.0,0.0,0.0,0.0,0.0,0.0,0.0,60.0,0.0,0.0,0.0,0.0,0.0,0.0,0.0,2.011
0.0,20.0,0.0,0.0,0.0,0.0,0.0,0.0,0.0,22.0,0.0,0.0,0.0,0.0,0.0,0.0,0.0,58.0,0.0,0.0,0.0,0.0,0.0,0.0,0.0,1.5
0.0,20.0,0.0,0.0,0.0,0.0,0.0,0.0,0.0,25.0,0.0,0.0,0.0,0.0,0.0,0.0,0.0,55.0,0.0,0.0,0.0,0.0,0.0,0.0,0.0,2.372
0.0,20.0,0.0,0.0,0.0,0.0,0.0,0.0,0.0,30.0,0.0,0.0,0.0,0.0,0.0,0.0,0.0,50.0,0.0,0.0,0.0,0.0,0.0,0.0,0.0,2.605
0.0,20.0,0.0,0.0,0.0,0.0,6.666666666666667,0.0,0.0,13.333333333333334,0.0,0.0,0.0,0.0,0.0,0.0,0.0,60.00000000000001,0.0,0.0,0.0,0.0,0.0,0.0,0.0,146.0
0.0,22.0,0.0,0.0,0.0,0.0,0.0,0.0,0.0,10.0,0.0,0.0,0.0,0.0,0.0,0.0,0.0,68.0,0.0,0.0,0.0,0.0,0.0,0.0,0.0,1.5092
0.0,22.0,0.0,0.0,0.0,0.0,3.3333333333333335,0.0,0.0,13.333333333333334,0.0,0.0,0.0,0.0,0.0,0.0,0.0,61.333333333333336,0.0,0.0,0.0,0.0,0.0,0.0,0.0,137.0
0.0,23.09,0.0,0.0,0.0,0.0,0.0,0.0,0.0,0.0,0.0,0.0,0.0,0.0,0.0,74.17,0.0,2.74,0.0,0.0,0.0,0.0,0.0,0.0,0.0,1.225
0.0,23.74,0.0,0.0,0.0,0.0,0.0,0.0,0.0,0.0,0.0,0.0,0.0,0.0,0.0,0.0,0.0,67.56,0.0,0.0,0.0,0.0,8.699999999999998,0.0,0.0,1.107
0.0,24.0,0.0,0.0,0.0,0.0,0.0,0.0,0.0,0.0,0.0,0.0,0.0,0.0,0.0,0.0,0.0,36.0,0.0,0.0,0.0,0.0,40.0,0.0,0.0,1.284
0.0,24.0,0.0,0.0,0.0,0.0,0.0,0.0,0.0,0.0,0.0,0.0,0.0,0.0,0.0,60.0,16.0,0.0,0.0,0.0,0.0,0.0,0.0,0.0,0.0,1.42
0.0,24.0,0.0,0.0,0.0,0.0,0.0,0.0,0.0,13.0,0.0,0.0,0.0,0.0,0.0,63.0,0.0,0.0,0.0,0.0,0.0,0.0,0.0,0.0,0.0,2.0105
0.0,24.0,0.0,0.0,0.0,0.0,6.666666666666667,0.0,0.0,10.0,0.0,0.0,0.0,0.0,0.0,0.0,0.0,59.333333333333336,0.0,0.0,0.0,0.0,0.0,0.0,0.0,138.0
0.0,24.01,0.0,0.0,0.0,0.0,0.0,0.0,0.0,39.98,0.0,0.0,0.0,0.0,0.0,36.01,0.0,0.0,0.0,0.0,0.0,0.0,0.0,0.0,0.0,3.822
0.0,24.31,0.0,0.0,0.0,0.0,0.0,0.0,0.0,30.14,0.0,0.0,0.0,0.0,0.0,45.55,0.0,0.0,0.0,0.0,0.0,0.0,0.0,0.0,0.0,2.492
0.0,25.0,0.0,0.0,0.0,0.0,0.0,0.0,0.0,0.0,0.0,0.0,0.0,0.0,0.0,0.0,0.0,0.0,0.0,0.0,75.0,0.0,0.0,0.0,0.0,1.127
0.0,25.0,0.0,0.0,0.0,0.0,0.0,0.0,0.0,0.0,0.0,0.0,0.0,0.0,0.0,0.0,0.0,0.0,10.0,0.0,65.0,0.0,0.0,0.0,0.0,1.3328
0.0,25.0,0.0,0.0,0.0,0.0,0.0,0.0,0.0,0.0,0.0,0.0,0.0,0.0,0.0,0.0,0.0,0.0,20.0,0.0,55.0,0.0,0.0,0.0,0.0,1.7248
0.0,25.0,0.0,0.0,0.0,0.0,0.0,0.0,0.0,0.0,0.0,0.0,0.0,0.0,0.0,0.0,0.0,75.0,0.0,0.0,0.0,0.0,0.0,0.0,0.0,1.039
0.0,25.0,0.0,0.0,0.0,0.0,0.0,0.0,0.0,15.0,0.0,0.0,0.0,0.0,0.0,60.0,0.0,0.0,0.0,0.0,0.0,0.0,0.0,0.0,0.0,1.557
0.0,25.0,0.0,0.0,0.0,0.0,0.0,0.0,0.0,25.0,0.0,0.0,0.0,0.0,0.0,0.0,0.0,50.0,0.0,0.0,0.0,0.0,0.0,0.0,0.0,2.28
0.0,25.0,0.0,0.0,0.0,0.0,0.0,0.0,0.0,30.0,0.0,0.0,0.0,0.0,0.0,0.0,0.0,45.0,0.0,0.0,0.0,0.0,0.0,0.0,0.0,2.791
0.0,25.0,0.0,0.0,0.0,0.0,0.0,0.0,0.0,30.0,0.0,0.0,0.0,0.0,0.0,45.0,0.0,0.0,0.0,0.0,0.0,0.0,0.0,0.0,0.0,2.492
0.0,25.0,0.0,0.0,0.0,0.0,0.0,0.0,0.0,35.0,0.0,0.0,0.0,0.0,0.0,0.0,0.0,40.0,0.0,0.0,0.0,0.0,0.0,0.0,0.0,2.8
0.0,26.01,0.0,0.0,0.0,0.0,0.0,0.0,0.0,34.98,0.0,0.0,0.0,0.0,0.0,39.01,0.0,0.0,0.0,0.0,0.0,0.0,0.0,0.0,0.0,3.724
0.0,27.0,0.0,0.0,0.0,0.0,0.0,0.0,0.0,0.0,0.0,0.0,0.0,0.0,0.0,0.0,0.0,0.0,14.0,0.0,59.0,0.0,0.0,0.0,0.0,1.5288
0.0,28.0,0.0,0.0,0.0,0.0,0.0,0.0,0.0,0.0,0.0,0.0,0.0,0.0,0.0,0.0,0.0,42.0,0.0,0.0,0.0,0.0,30.0,0.0,0.0,1.333
0.0,28.0,0.0,0.0,0.0,0.0,0.0,0.0,0.0,0.0,0.0,0.0,0.0,0.0,0.0,0.0,12.0,60.0,0.0,0.0,0.0,0.0,0.0,0.0,0.0,1.47
0.0,28.0,0.0,0.0,0.0,0.0,0.0,0.0,0.0,0.0,0.0,0.0,0.0,0.0,0.0,72.0,0.0,0.0,0.0,0.0,0.0,0.0,0.0,0.0,0.0,0.95
0.0,28.0,0.0,0.0,0.0,0.0,0.0,0.0,0.0,30.0,0.0,0.0,0.0,0.0,0.0,0.0,0.0,42.0,0.0,0.0,0.0,0.0,0.0,0.0,0.0,1.7
0.0,28.0,0.0,0.0,0.0,0.0,6.666666666666667,0.0,0.0,6.666666666666667,0.0,0.0,0.0,0.0,0.0,0.0,0.0,58.66666666666667,0.0,0.0,0.0,0.0,0.0,0.0,0.0,104.0
0.0,28.0,0.0,0.0,0.0,0.0,13.333333333333334,0.0,0.0,3.3333333333333335,0.0,0.0,0.0,0.0,0.0,0.0,0.0,55.33333333333333,0.0,0.0,0.0,0.0,0.0,0.0,0.0,141.0
0.0,28.01,0.0,0.0,0.0,0.0,0.0,0.0,0.0,29.97,0.0,0.0,0.0,0.0,0.0,42.02,0.0,0.0,0.0,0.0,0.0,0.0,0.0,0.0,0.0,3.626
0.0,28.6,0.0,0.0,0.0,0.0,0.0,0.0,0.0,0.0,0.0,0.0,0.0,0.0,0.0,71.40000000000002,0.0,0.0,0.0,0.0,0.0,0.0,0.0,0.0,0.0,0.686
0.0,29.0,0.0,0.0,0.0,0.0,0.0,0.0,0.0,0.0,0.0,0.0,0.0,0.0,0.0,0.0,0.0,0.0,38.0,0.0,33.0,0.0,0.0,0.0,0.0,2.3912
0.0,29.0,0.0,0.0,0.0,0.0,0.0,0.0,0.0,0.0,0.0,0.0,0.0,0.0,0.0,0.0,0.0,14.0,0.0,0.0,57.0,0.0,0.0,0.0,0.0,0.784
0.0,29.0,0.0,0.0,0.0,0.0,0.0,0.0,0.0,0.0,0.0,0.0,0.0,0.0,0.0,0.0,0.0,35.5,0.0,0.0,35.5,0.0,0.0,0.0,0.0,0.833
0.0,29.0,0.0,0.0,0.0,0.0,0.0,0.0,0.0,0.0,0.0,0.0,0.0,0.0,0.0,0.0,0.0,42.0,0.0,0.0,29.0,0.0,0.0,0.0,0.0,0.8526
0.0,29.0,0.0,0.0,0.0,0.0,0.0,0.0,0.0,0.0,0.0,0.0,0.0,0.0,0.0,0.0,0.0,71.0,0.0,0.0,0.0,0.0,0.0,0.0,0.0,0.686
0.0,29.94,0.0,0.0,0.0,0.0,0.0,0.0,0.0,0.0,0.0,0.0,0.0,0.0,0.0,0.0,0.0,42.62,0.0,0.0,0.0,0.0,27.44,0.0,0.0,0.9604
0.0,30.0,0.0,0.0,0.0,0.0,0.0,0.0,0.0,0.0,0.0,0.0,0.0,0.0,0.0,0.0,0.0,0.0,0.0,0.0,70.0,0.0,0.0,0.0,0.0,1.176
0.0,30.0,0.0,0.0,0.0,0.0,0.0,0.0,0.0,0.0,0.0,0.0,0.0,0.0,0.0,0.0,0.0,0.0,10.0,0.0,60.0,0.0,0.0,0.0,0.0,1.4798
0.0,30.0,0.0,0.0,0.0,0.0,0.0,0.0,0.0,0.0,0.0,0.0,0.0,0.0,0.0,0.0,0.0,0.0,15.0,0.0,55.0,0.0,0.0,0.0,0.0,1.5288
0.0,30.0,0.0,0.0,0.0,0.0,0.0,0.0,0.0,0.0,0.0,0.0,0.0,0.0,0.0,0.0,0.0,0.0,20.0,0.0,50.0,0.0,0.0,0.0,0.0,1.8718
0.0,30.0,0.0,0.0,0.0,0.0,0.0,0.0,0.0,0.0,0.0,0.0,0.0,0.0,0.0,0.0,0.0,0.0,25.0,0.0,45.0,0.0,0.0,0.0,0.0,2.0286
0.0,30.0,0.0,0.0,0.0,0.0,0.0,0.0,0.0,0.0,0.0,0.0,0.0,0.0,0.0,0.0,0.0,0.0,30.0,0.0,40.0,0.0,0.0,0.0,0.0,2.1168
0.0,30.0,0.0,0.0,0.0,0.0,0.0,0.0,0.0,0.0,0.0,0.0,0.0,0.0,0.0,0.0,0.0,45.0,0.0,0.0,0.0,0.0,25.0,0.0,0.0,1.372
0.0,30.0,0.0,0.0,0.0,0.0,0.0,0.0,0.0,0.0,0.0,0.0,0.0,0.0,0.0,0.0,0.0,50.0,0.0,0.0,20.0,0.0,0.0,0.0,0.0,1.3
0.0,30.0,0.0,0.0,0.0,0.0,0.0,0.0,0.0,0.0,0.0,0.0,0.0,0.0,0.0,0.0,0.0,70.0,0.0,0.0,0.0,0.0,0.0,0.0,0.0,1.27
0.0,30.0,0.0,0.0,0.0,0.0,0.0,0.0,0.0,10.0,0.0,0.0,0.0,0.0,0.0,0.0,0.0,60.0,0.0,0.0,0.0,0.0,0.0,0.0,0.0,1.726
0.0,30.0,0.0,0.0,0.0,0.0,0.0,0.0,0.0,25.0,0.0,0.0,0.0,0.0,0.0,0.0,0.0,45.0,0.0,0.0,0.0,0.0,0.0,0.0,0.0,2.603
0.0,30.0,0.0,0.0,0.0,0.0,0.0,0.0,0.0,25.0,0.0,0.0,0.0,0.0,0.0,45.0,0.0,0.0,0.0,0.0,0.0,0.0,0.0,0.0,0.0,3.577
0.0,30.0,0.0,0.0,0.0,0.0,0.0,0.0,0.0,30.0,0.0,0.0,0.0,0.0,0.0,0.0,0.0,40.0,0.0,0.0,0.0,0.0,0.0,0.0,0.0,2.953
0.0,30.0,0.0,0.0,0.0,0.0,0.0,0.0,0.0,30.0,0.0,0.0,0.0,0.0,0.0,40.0,0.0,0.0,0.0,0.0,0.0,0.0,0.0,0.0,0.0,2.621
0.0,30.0,0.0,0.0,0.0,0.0,13.333333333333334,0.0,0.0,1.6666666666666667,0.0,0.0,0.0,0.0,0.0,0.0,0.0,55.0,0.0,0.0,0.0,0.0,0.0,0.0,0.0,145.0
0.0,31.31,0.0,0.0,0.0,0.0,0.0,0.0,0.0,0.0,0.0,0.0,0.0,0.0,0.0,0.0,0.0,37.13,0.0,0.0,0.0,0.0,31.56,0.0,0.0,0.9016
0.0,31.82,0.0,0.0,0.0,0.0,0.0,0.0,0.0,13.64,0.0,0.0,0.0,0.0,0.0,0.0,0.0,54.54,0.0,0.0,0.0,0.0,0.0,0.0,0.0,1.88
0.0,32.0,0.0,0.0,0.0,0.0,0.0,0.0,0.0,0.0,0.0,0.0,0.0,0.0,0.0,0.0,0.0,48.0,0.0,0.0,0.0,0.0,20.0,0.0,0.0,1.421
0.0,32.0,0.0,0.0,0.0,0.0,0.0,0.0,0.0,0.0,0.0,0.0,0.0,0.0,0.0,0.0,0.0,65.0,0.0,3.0,0.0,0.0,0.0,0.0,0.0,0.712
0.0,32.0,0.0,0.0,0.0,0.0,0.0,0.0,0.0,0.0,0.0,0.0,0.0,0.0,0.0,60.0,8.0,0.0,0.0,0.0,0.0,0.0,0.0,0.0,0.0,1.37
0.0,32.0,0.0,0.0,0.0,0.0,0.0,0.0,0.0,6.666666666666667,0.0,0.0,0.0,0.0,0.0,0.0,0.0,61.333333333333336,0.0,0.0,0.0,0.0,0.0,0.0,0.0,120.0
0.0,32.0,0.0,0.0,0.0,0.0,0.0,0.0,0.0,7.0,0.0,0.0,0.0,0.0,0.0,61.0,0.0,0.0,0.0,0.0,0.0,0.0,0.0,0.0,0.0,1.862
0.0,32.0,0.0,0.0,0.0,0.0,0.0,0.0,0.0,20.0,0.0,0.0,0.0,0.0,0.0,0.0,0.0,48.0,0.0,0.0,0.0,0.0,0.0,0.0,0.0,1.695
0.0,32.0,0.0,0.0,0.0,0.0,0.0,0.0,0.0,20.0,0.0,0.0,0.0,0.0,0.0,48.0,0.0,0.0,0.0,0.0,0.0,0.0,0.0,0.0,0.0,2.626
0.0,32.0,0.0,0.0,0.0,0.0,6.666666666666667,0.0,0.0,3.3333333333333335,0.0,0.0,0.0,0.0,0.0,0.0,0.0,58.0,0.0,0.0,0.0,0.0,0.0,0.0,0.0,146.0
0.0,32.0,0.0,0.0,0.0,0.0,10.0,0.0,0.0,1.6666666666666667,0.0,0.0,0.0,0.0,0.0,0.0,0.0,56.333333333333336,0.0,0.0,0.0,0.0,0.0,0.0,0.0,145.0
0.0,32.0,0.0,0.0,0.0,0.0,13.333333333333334,0.0,0.0,0.0,0.0,0.0,0.0,0.0,0.0,0.0,0.0,54.666666666666664,0.0,0.0,0.0,0.0,0.0,0.0,0.0,115.0
0.0,33.0,0.0,0.0,0.0,0.0,0.0,0.0,0.0,0.0,0.0,0.0,0.0,0.0,0.0,0.0,0.0,65.0,0.0,2.0,0.0,0.0,0.0,0.0,0.0,1.09
0.0,34.0,0.0,0.0,0.0,0.0,0.0,0.0,0.0,0.0,0.0,0.0,0.0,0.0,0.0,0.0,0.0,51.0,0.0,0.0,0.0,0.0,15.0,0.0,0.0,1.401
0.0,34.0,0.0,0.0,0.0,0.0,0.0,0.0,0.0,0.0,0.0,0.0,0.0,0.0,0.0,0.0,0.0,65.0,0.0,1.0,0.0,0.0,0.0,0.0,0.0,0.79
0.0,34.0,0.0,0.0,0.0,0.0,0.0,0.0,0.0,15.0,0.0,0.0,0.0,0.0,0.0,0.0,0.0,51.0,0.0,0.0,0.0,0.0,0.0,0.0,0.0,1.68
0.0,34.0,0.0,0.0,0.0,0.0,0.0,0.0,0.0,15.01,0.0,0.0,0.0,0.0,0.0,50.99,0.0,0.0,0.0,0.0,0.0,0.0,0.0,0.0,0.0,1.352
0.0,35.0,0.0,0.0,0.0,0.0,0.0,0.0,0.0,0.0,0.0,0.0,0.0,0.0,0.0,0.0,0.0,0.0,0.0,0.0,65.0,0.0,0.0,0.0,0.0,1.225
0.0,35.0,0.0,0.0,0.0,0.0,0.0,0.0,0.0,0.0,0.0,0.0,0.0,0.0,0.0,0.0,0.0,0.0,10.0,0.0,55.0,0.0,0.0,0.0,0.0,1.5582
0.0,35.0,0.0,0.0,0.0,0.0,0.0,0.0,0.0,0.0,0.0,0.0,0.0,0.0,0.0,0.0,0.0,0.0,15.0,0.0,50.0,0.0,0.0,0.0,0.0,1.7444
0.0,35.0,0.0,0.0,0.0,0.0,0.0,0.0,0.0,0.0,0.0,0.0,0.0,0.0,0.0,0.0,0.0,0.0,20.0,0.0,45.0,0.0,0.0,0.0,0.0,1.9306
0.0,35.0,0.0,0.0,0.0,0.0,0.0,0.0,0.0,0.0,0.0,0.0,0.0,0.0,0.0,0.0,0.0,0.0,25.0,0.0,40.0,0.0,0.0,0.0,0.0,1.8522
0.0,35.0,0.0,0.0,0.0,0.0,0.0,0.0,0.0,5.0,0.0,0.0,0.0,0.0,0.0,0.0,0.0,60.0,0.0,0.0,0.0,0.0,0.0,0.0,0.0,1.65
0.0,35.0,0.0,0.0,0.0,0.0,0.0,0.0,0.0,10.0,0.0,0.0,0.0,0.0,0.0,0.0,0.0,55.0,0.0,0.0,0.0,0.0,0.0,0.0,0.0,1.708
0.0,35.21,0.0,0.0,0.0,0.0,0.0,0.0,0.0,11.99,0.0,0.0,0.0,0.0,0.0,52.81,0.0,0.0,0.0,0.0,0.0,0.0,0.0,0.0,0.0,0.735
0.0,35.70000000000001,0.0,0.0,0.0,0.0,0.0,0.0,0.0,0.0,0.0,0.0,0.0,0.0,0.0,0.0,0.0,52.56,0.0,0.0,0.0,0.0,11.73,0.0,0.0,1.147
0.0,36.0,0.0,0.0,0.0,0.0,0.0,0.0,0.0,0.0,0.0,0.0,0.0,0.0,0.0,60.0,4.0,0.0,0.0,0.0,0.0,0.0,0.0,0.0,0.0,1.32
0.0,36.0,0.0,0.0,0.0,0.0,0.0,0.0,0.0,3.3333333333333335,0.0,0.0,0.0,0.0,0.0,0.0,0.0,60.666666666666664,0.0,0.0,0.0,0.0,0.0,0.0,0.0,131.0
0.0,36.0,0.0,0.0,0.0,0.0,0.0,0.0,0.0,9.99,0.0,0.0,0.0,0.0,0.0,54.01,0.0,0.0,0.0,0.0,0.0,0.0,0.0,0.0,0.0,0.784
0.0,36.0,0.0,0.0,0.0,0.0,0.0,0.0,0.0,10.0,0.0,0.0,0.0,0.0,0.0,0.0,0.0,54.0,0.0,0.0,0.0,0.0,0.0,0.0,0.0,1.67
0.0,36.0,0.0,0.0,0.0,0.0,3.3333333333333335,0.0,0.0,1.6666666666666667,0.0,0.0,0.0,0.0,0.0,0.0,0.0,59.0,0.0,0.0,0.0,0.0,0.0,0.0,0.0,119.0
0.0,36.0,0.0,0.0,0.0,0.0,6.666666666666667,0.0,0.0,0.0,0.0,0.0,0.0,0.0,0.0,0.0,0.0,57.333333333333336,0.0,0.0,0.0,0.0,0.0,0.0,0.0,146.0
0.0,36.0,10.0,0.0,0.0,0.0,0.0,0.0,0.0,0.0,0.0,0.0,0.0,0.0,0.0,0.0,0.0,54.0,0.0,0.0,0.0,0.0,0.0,0.0,0.0,1.65
0.0,36.8,0.0,0.0,0.0,0.0,0.0,0.0,0.0,8.0,0.0,0.0,0.0,0.0,0.0,55.2,0.0,0.0,0.0,0.0,0.0,0.0,0.0,0.0,0.0,0.833
0.0,37.0,0.0,0.0,0.0,0.0,0.0,0.0,0.0,0.0,0.0,0.0,0.0,0.0,0.0,0.0,0.0,60.0,0.0,3.0,0.0,0.0,0.0,0.0,0.0,0.885
0.0,37.8,0.0,0.0,0.0,0.0,0.0,0.0,0.0,0.0,0.0,0.0,0.0,0.0,5.5,0.0,0.0,56.7,0.0,0.0,0.0,0.0,0.0,0.0,0.0,1.6
0.0,38.0,0.0,0.0,0.0,0.0,0.0,0.0,0.0,0.0,0.0,0.0,0.0,0.0,0.0,0.0,0.0,57.0,0.0,0.0,0.0,0.0,5.0,0.0,0.0,1.372
0.0,38.0,0.0,0.0,0.0,0.0,0.0,0.0,0.0,0.0,0.0,0.0,0.0,0.0,0.0,0.0,0.0,60.0,0.0,2.0,0.0,0.0,0.0,0.0,0.0,0.717
0.0,38.0,0.0,0.0,0.0,0.0,0.0,0.0,0.0,0.0,0.0,0.0,0.0,0.0,0.0,0.0,0.0,62.0,0.0,0.0,0.0,0.0,0.0,0.0,0.0,1.30928
0.0,38.0,0.0,0.0,0.0,0.0,0.0,0.0,0.0,0.0,0.0,0.0,0.0,0.0,0.0,0.0,2.0,30.0,0.0,0.0,30.0,0.0,0.0,0.0,0.0,1.4308
0.0,38.0,0.0,0.0,0.0,0.0,0.0,0.0,0.0,5.0,0.0,0.0,0.0,0.0,0.0,57.0,0.0,0.0,0.0,0.0,0.0,0.0,0.0,0.0,0.0,1.45
0.0,38.8,0.0,0.0,0.0,0.0,0.0,0.0,0.0,0.0,0.0,0.0,0.0,0.0,0.0,0.0,0.0,58.2,0.0,0.0,0.0,0.0,3.0,0.0,0.0,1.37
0.0,38.8,0.0,0.0,0.0,0.0,0.0,0.0,0.0,0.0,0.0,0.0,0.0,0.0,3.0,0.0,0.0,58.2,0.0,0.0,0.0,0.0,0.0,0.0,0.0,1.53
0.0,38.8,3.0,0.0,0.0,0.0,0.0,0.0,0.0,0.0,0.0,0.0,0.0,0.0,0.0,0.0,0.0,58.2,0.0,0.0,0.0,0.0,0.0,0.0,0.0,1.62
0.0,39.0,0.0,0.0,0.0,0.0,0.0,0.0,0.0,0.0,0.0,0.0,0.0,0.0,0.0,0.0,0.0,58.0,0.0,3.0,0.0,0.0,0.0,0.0,0.0,0.651
0.0,39.0,0.0,0.0,0.0,0.0,0.0,0.0,0.0,0.0,0.0,0.0,0.0,0.0,0.0,0.0,0.0,60.0,0.0,1.0,0.0,0.0,0.0,0.0,0.0,0.906
0.0,39.44,0.0,0.0,0.0,0.0,0.0,0.0,0.0,0.0,0.0,0.0,0.0,0.0,0.0,0.0,0.0,59.15999999999999,0.0,0.0,0.0,0.0,1.4,0.0,0.0,1.4
0.0,39.480000000000004,1.3,0.0,0.0,0.0,0.0,0.0,0.0,0.0,0.0,0.0,0.0,0.0,0.0,0.0,0.0,59.220000000000006,0.0,0.0,0.0,0.0,0.0,0.0,0.0,1.48
0.0,39.519999999999996,0.0,0.0,0.0,0.0,0.0,0.0,0.0,0.0,0.0,0.0,0.0,0.0,1.2,0.0,0.0,59.279999999999994,0.0,0.0,0.0,0.0,0.0,0.0,0.0,1.5
0.0,39.6,0.0,0.0,0.0,0.0,0.0,0.0,0.0,0.0,0.0,0.0,0.0,0.0,0.0,0.0,0.0,59.4,0.0,0.0,0.0,0.0,0.0,0.0,0.0,1.53
0.0,39.6,0.0,0.0,0.0,0.0,0.0,0.0,0.0,1.01,0.0,0.0,0.0,0.0,0.0,59.39,0.0,0.0,0.0,0.0,0.0,0.0,0.0,0.0,0.0,1.715
0.0,39.64,0.0,0.0,0.0,0.0,0.0,0.0,0.0,0.0,0.0,0.0,0.0,0.0,0.0,59.459999999999994,0.0,0.0,0.0,0.0,0.0,0.0,0.0,0.0,0.0,1.637
0.0,39.72,0.0,0.0,0.0,0.0,0.0,0.0,0.0,0.0,0.0,0.0,0.0,0.0,0.0,59.58,0.0,0.0,0.0,0.0,0.0,0.0,0.0,0.0,0.0,1.695
0.0,39.8,0.0,0.0,0.0,0.0,0.0,0.0,0.0,0.5,0.0,0.0,0.0,0.0,0.0,59.7,0.0,0.0,0.0,0.0,0.0,0.0,0.0,0.0,0.0,1.637
0.0,39.82,0.0,0.0,0.0,0.0,0.0,0.0,0.0,0.0,0.0,0.0,0.0,0.0,0.0,59.73,0.0,0.0,0.0,0.0,0.0,0.0,0.0,0.0,0.0,1.6755
0.0,39.86,0.0,0.0,0.0,0.0,0.0,0.0,0.0,0.0,0.0,0.0,0.0,0.0,0.0,59.790000000000006,0.0,0.0,0.0,0.0,0.0,0.0,0.0,0.0,0.0,1.695
0.0,39.88,0.0,0.0,0.0,0.0,0.0,0.0,0.0,0.3,0.0,0.0,0.0,0.0,0.0,59.82,0.0,0.0,0.0,0.0,0.0,0.0,0.0,0.0,0.0,1.49
0.0,39.92,0.0,0.0,0.0,0.0,0.0,0.0,0.0,0.0,0.0,0.0,0.0,0.0,0.0,59.879999999999995,0.0,0.0,0.0,0.0,0.0,0.0,0.0,0.0,0.0,1.666
0.0,39.96,0.0,0.0,0.0,0.0,0.0,0.0,0.0,0.1,0.0,0.0,0.0,0.0,0.0,59.94,0.0,0.0,0.0,0.0,0.0,0.0,0.0,0.0,0.0,1.485
0.0,39.98,0.0,0.0,0.0,0.0,0.0,0.0,0.0,0.05,0.0,0.0,0.0,0.0,0.0,59.97,0.0,0.0,0.0,0.0,0.0,0.0,0.0,0.0,0.0,1.47
0.0,39.998,0.0,0.0,0.0,0.0,0.0,0.0,0.0,0.0,0.0,0.0,0.0,0.0,0.0,0.0,0.0,5.382000000000001,0.0,0.0,54.62,0.0,0.0,0.0,0.0,1.568
0.0,39.998,0.0,0.0,0.0,0.0,0.0,0.0,0.0,0.0,0.0,0.0,0.0,0.0,0.0,0.0,0.0,10.002,0.0,0.0,50.0,0.0,0.0,0.0,0.0,1.568
0.0,39.998000000000005,0.0,0.0,0.0,0.0,0.0,0.0,0.0,0.0,0.0,0.0,0.0,0.0,0.0,0.0,0.0,28.601999999999997,0.0,0.0,31.4,0.0,0.0,0.0,0.0,1.568
0.0,40.0,0.0,0.0,0.0,0.0,0.0,0.0,0.0,0.0,0.0,0.0,0.0,0.0,0.0,0.0,0.0,0.0,0.0,0.0,60.0,0.0,0.0,0.0,0.0,1.274
0.0,40.0,0.0,0.0,0.0,0.0,0.0,0.0,0.0,0.0,0.0,0.0,0.0,0.0,0.0,0.0,0.0,0.0,10.0,0.0,50.0,0.0,0.0,0.0,0.0,1.5582
0.0,40.0,0.0,0.0,0.0,0.0,0.0,0.0,0.0,0.0,0.0,0.0,0.0,0.0,0.0,0.0,0.0,0.0,15.0,0.0,45.0,0.0,0.0,0.0,0.0,1.8032
0.0,40.0,0.0,0.0,0.0,0.0,0.0,0.0,0.0,0.0,0.0,0.0,0.0,0.0,0.0,0.0,0.0,0.0,20.0,0.0,40.0,0.0,0.0,0.0,0.0,1.813
0.0,40.0,0.0,0.0,0.0,0.0,0.0,0.0,0.0,0.0,0.0,0.0,0.0,0.0,0.0,0.0,0.0,0.0,25.0,0.0,35.0,0.0,0.0,0.0,0.0,1.7934
0.0,40.0,0.0,0.0,0.0,0.0,0.0,0.0,0.0,0.0,0.0,0.0,0.0,0.0,0.0,0.0,0.0,0.0,30.0,0.0,30.0,0.0,0.0,0.0,0.0,2.5088
0.0,40.0,0.0,0.0,0.0,0.0,0.0,0.0,0.0,0.0,0.0,0.0,0.0,0.0,0.0,0.0,0.0,7.590000000000001,0.0,0.0,52.41,0.0,0.0,0.0,0.0,1.568
0.0,40.0,0.0,0.0,0.0,0.0,0.0,0.0,0.0,0.0,0.0,0.0,0.0,0.0,0.0,0.0,0.0,56.0,0.0,4.0,0.0,0.0,0.0,0.0,0.0,0.89
0.0,40.0,0.0,0.0,0.0,0.0,0.0,0.0,0.0,0.0,0.0,0.0,0.0,0.0,0.0,0.0,0.0,58.0,0.0,2.0,0.0,0.0,0.0,0.0,0.0,1.05
0.0,40.0,0.0,0.0,0.0,0.0,0.0,0.0,0.0,0.0,0.0,0.0,0.0,0.0,0.0,0.0,0.0,59.0,0.0,1.0,0.0,0.0,0.0,0.0,0.0,0.939
0.0,40.0,0.0,0.0,0.0,0.0,0.0,0.0,0.0,0.0,0.0,0.0,0.0,0.0,0.0,0.0,0.0,60.0,0.0,0.0,0.0,0.0,0.0,0.0,0.0,1.47
0.0,40.0,0.0,0.0,0.0,0.0,0.0,0.0,0.0,0.0,0.0,0.0,0.0,0.0,0.0,30.0,0.0,0.0,0.0,0.0,30.0,0.0,0.0,0.0,0.0,1.2348
0.0,40.0,0.0,0.0,0.0,0.0,0.0,0.0,0.0,0.0,0.0,0.0,0.0,0.0,0.0,40.0,0.0,20.0,0.0,0.0,0.0,0.0,0.0,0.0,0.0,1.284
0.0,40.0,0.0,0.0,0.0,0.0,0.0,0.0,0.0,0.0,0.0,0.0,0.0,0.0,0.0,45.0,0.0,15.0,0.0,0.0,0.0,0.0,0.0,0.0,0.0,1.25
0.0,40.0,0.0,0.0,0.0,0.0,0.0,0.0,0.0,0.0,0.0,0.0,0.0,0.0,0.0,50.0,0.0,10.0,0.0,0.0,0.0,0.0,0.0,0.0,0.0,1.235
0.0,40.0,0.0,0.0,0.0,0.0,0.0,0.0,0.0,0.0,0.0,0.0,0.0,0.0,0.0,60.0,0.0,0.0,0.0,0.0,0.0,0.0,0.0,0.0,0.0,1.1021111111111113
0.0,40.0,0.0,0.0,0.0,0.0,0.0,0.0,0.0,30.0,0.0,0.0,0.0,0.0,0.0,0.0,0.0,30.0,0.0,0.0,0.0,0.0,0.0,0.0,0.0,3.17
0.0,40.002,0.0,0.0,0.0,0.0,0.0,0.0,0.0,0.0,0.0,0.0,0.0,0.0,0.0,0.0,0.0,16.247999999999998,0.0,0.0,43.75,0.0,0.0,0.0,0.0,1.568
0.0,40.988,0.0,0.0,0.0,0.0,0.0,0.0,0.0,0.0,0.0,0.0,0.0,0.0,0.0,0.0,0.0,3.102,0.0,0.0,55.91,0.0,0.0,0.0,0.0,1.617
0.0,41.0,0.0,0.0,0.0,0.0,0.0,0.0,0.0,0.0,0.0,0.0,0.0,0.0,0.0,0.0,0.0,58.0,0.0,1.0,0.0,0.0,0.0,0.0,0.0,0.92
0.0,41.02,0.0,0.0,0.0,0.0,0.0,0.0,0.0,0.0,0.0,0.0,0.0,0.0,0.0,0.0,0.0,38.93,0.0,0.0,0.0,0.0,20.05,0.0,0.0,0.8624
0.0,41.67,0.0,0.0,0.0,0.0,0.0,0.0,0.0,0.0,0.0,0.0,0.0,0.0,0.0,58.33,0.0,0.0,0.0,0.0,0.0,0.0,0.0,0.0,0.0,1.392
0.0,42.0,0.0,0.0,0.0,0.0,0.0,0.0,0.0,0.0,0.0,0.0,0.0,0.0,0.0,0.0,0.0,55.0,0.0,3.0,0.0,0.0,0.0,0.0,0.0,1.01
0.0,42.55,0.0,0.0,0.0,0.0,0.0,0.0,0.0,0.0,0.0,0.0,0.0,0.0,0.0,57.45,0.0,0.0,0.0,0.0,0.0,0.0,0.0,0.0,0.0,1.372
0.0,43.0,0.0,0.0,0.0,0.0,0.0,0.0,0.0,0.0,0.0,0.0,0.0,0.0,0.0,0.0,0.0,55.0,0.0,2.0,0.0,0.0,0.0,0.0,0.0,0.678
0.0,43.48,0.0,0.0,0.0,0.0,0.0,0.0,0.0,0.0,0.0,0.0,0.0,0.0,0.0,56.52,0.0,0.0,0.0,0.0,0.0,0.0,0.0,0.0,0.0,1.274
0.0,43.9,0.0,0.0,0.0,0.0,0.0,0.0,0.0,0.0,0.0,0.0,0.0,0.0,0.0,0.0,0.0,52.07,0.0,0.0,0.0,0.0,4.02,0.0,0.0,1.235
0.0,43.96,0.0,0.0,0.0,0.0,0.0,0.0,0.0,0.0,0.0,0.0,0.0,0.0,0.0,56.04,0.0,0.0,0.0,0.0,0.0,0.0,0.0,0.0,0.0,1.068
0.0,44.0,0.0,0.0,0.0,0.0,0.0,0.0,0.0,0.0,0.0,0.0,0.0,0.0,0.0,0.0,0.0,55.0,0.0,1.0,0.0,0.0,0.0,0.0,0.0,0.77
0.0,44.44,0.0,0.0,0.0,0.0,0.0,0.0,0.0,0.0,0.0,0.0,0.0,0.0,0.0,55.56,0.0,0.0,0.0,0.0,0.0,0.0,0.0,0.0,0.0,0.833
0.0,45.0,0.0,0.0,0.0,0.0,0.0,0.0,0.0,0.0,0.0,0.0,0.0,0.0,0.0,0.0,0.0,0.0,0.0,0.0,55.0,0.0,0.0,0.0,0.0,1.372
0.0,45.0,0.0,0.0,0.0,0.0,0.0,0.0,0.0,0.0,0.0,0.0,0.0,0.0,0.0,0.0,0.0,0.0,10.0,0.0,45.0,0.0,0.0,0.0,0.0,1.6366
0.0,45.0,0.0,0.0,0.0,0.0,0.0,0.0,0.0,0.0,0.0,0.0,0.0,0.0,0.0,0.0,0.0,0.0,15.0,0.0,40.0,0.0,0.0,0.0,0.0,1.9012
0.0,45.0,0.0,0.0,0.0,0.0,0.0,0.0,0.0,0.0,0.0,0.0,0.0,0.0,0.0,0.0,0.0,0.0,20.0,0.0,35.0,0.0,0.0,0.0,0.0,1.8424
0.0,45.0,0.0,0.0,0.0,0.0,0.0,0.0,0.0,0.0,0.0,0.0,0.0,0.0,0.0,0.0,0.0,0.0,25.0,0.0,30.0,0.0,0.0,0.0,0.0,2.4108
0.0,45.0,0.0,0.0,0.0,0.0,0.0,0.0,0.0,0.0,0.0,0.0,0.0,0.0,0.0,0.0,0.0,52.0,0.0,3.0,0.0,0.0,0.0,0.0,0.0,0.824
0.0,45.0,0.0,0.0,0.0,0.0,0.0,0.0,0.0,0.0,0.0,0.0,0.0,0.0,0.0,0.0,0.0,53.0,0.0,2.0,0.0,0.0,0.0,0.0,0.0,0.916
0.0,45.0,0.0,0.0,0.0,0.0,0.0,0.0,0.0,0.0,0.0,0.0,0.0,0.0,0.0,0.0,0.0,54.0,0.0,1.0,0.0,0.0,0.0,0.0,0.0,0.96
0.0,45.0,0.0,0.0,0.0,0.0,0.0,0.0,0.0,5.0,0.0,0.0,0.0,0.0,0.0,0.0,0.0,50.0,0.0,0.0,0.0,0.0,0.0,0.0,0.0,1.43
0.0,46.9,0.0,0.0,0.0,0.0,0.0,0.0,0.0,0.0,0.0,0.0,0.0,0.0,0.0,0.0,0.0,44.5,0.0,0.0,0.0,0.0,8.599999999999998,0.0,0.0,1.225
0.0,50.0,0.0,0.0,0.0,0.0,0.0,0.0,0.0,0.0,0.0,0.0,0.0,0.0,0.0,0.0,0.0,0.0,0.0,0.0,50.0,0.0,0.0,0.0,0.0,1.421
0.0,50.0,0.0,0.0,0.0,0.0,0.0,0.0,0.0,0.0,0.0,0.0,0.0,0.0,0.0,0.0,0.0,0.0,10.0,0.0,40.0,0.0,0.0,0.0,0.0,1.7836
0.0,50.0,0.0,0.0,0.0,0.0,0.0,0.0,0.0,0.0,0.0,0.0,0.0,0.0,0.0,0.0,0.0,0.0,13.0,0.0,37.0,0.0,0.0,0.0,0.0,1.7052
0.0,50.0,0.0,0.0,0.0,0.0,0.0,0.0,0.0,0.0,0.0,0.0,0.0,0.0,0.0,0.0,0.0,0.0,15.0,0.0,35.0,0.0,0.0,0.0,0.0,1.96
0.0,50.0,0.0,0.0,0.0,0.0,0.0,0.0,0.0,0.0,0.0,0.0,0.0,0.0,0.0,0.0,0.0,5.0,0.0,0.0,45.0,0.0,0.0,0.0,0.0,3.43
0.0,50.0,0.0,0.0,0.0,0.0,0.0,0.0,0.0,0.0,0.0,0.0,0.0,0.0,0.0,0.0,0.0,15.0,0.0,0.0,35.0,0.0,0.0,0.0,0.0,2.842
0.0,50.0,0.0,0.0,0.0,0.0,0.0,0.0,0.0,0.0,0.0,0.0,0.0,0.0,0.0,0.0,0.0,25.0,0.0,0.0,25.0,0.0,0.0,0.0,0.0,2.058
0.0,50.0,0.0,0.0,0.0,0.0,0.0,0.0,0.0,0.0,0.0,0.0,0.0,0.0,0.0,0.0,0.0,30.0,0.0,0.0,20.0,0.0,0.0,0.0,0.0,1.96
0.0,50.0,0.0,0.0,0.0,0.0,0.0,0.0,0.0,0.0,0.0,0.0,0.0,0.0,0.0,0.0,0.0,47.0,0.0,3.0,0.0,0.0,0.0,0.0,0.0,0.77
0.0,50.0,0.0,0.0,0.0,0.0,0.0,0.0,0.0,0.0,0.0,0.0,0.0,0.0,0.0,0.0,0.0,48.0,0.0,2.0,0.0,0.0,0.0,0.0,0.0,0.973
0.0,50.0,0.0,0.0,0.0,0.0,0.0,0.0,0.0,0.0,0.0,0.0,0.0,0.0,0.0,0.0,0.0,49.0,0.0,1.0,0.0,0.0,0.0,0.0,0.0,0.803
0.0,50.0,0.0,0.0,0.0,0.0,0.0,0.0,0.0,0.0,0.0,0.0,0.0,0.0,0.0,0.0,0.0,50.0,0.0,0.0,0.0,0.0,0.0,0.0,0.0,1.04
0.0,50.0,0.0,0.0,0.0,0.0,0.0,0.0,0.0,0.0,0.0,0.0,0.0,0.0,0.0,50.0,0.0,0.0,0.0,0.0,0.0,0.0,0.0,0.0,0.0,1.568
0.0,50.0,0.0,0.0,0.0,0.0,0.0,0.0,0.0,10.0,0.0,0.0,0.0,0.0,0.0,0.0,0.0,40.0,0.0,0.0,0.0,0.0,0.0,0.0,0.0,1.968
0.0,50.0,0.0,0.0,0.0,0.0,0.0,0.0,50.0,0.0,0.0,0.0,0.0,0.0,0.0,0.0,0.0,0.0,0.0,0.0,0.0,0.0,0.0,0.0,0.0,7.4
0.0,50.34,0.0,0.0,0.0,0.0,0.0,0.0,0.0,0.0,0.0,0.0,0.0,0.0,0.0,0.0,0.0,35.82,0.0,0.0,0.0,0.0,13.84,0.0,0.0,1.186
0.0,54.57,0.0,0.0,0.0,0.0,0.0,0.0,0.0,0.0,0.0,0.0,0.0,0.0,0.0,0.0,0.0,41.43,0.0,0.0,0.0,0.0,4.0,0.0,0.0,0.8526
0.0,57.0,0.0,0.0,0.0,0.0,0.0,0.0,0.0,0.0,0.0,0.0,0.0,0.0,0.0,0.0,0.0,29.0,0.0,0.0,14.0,0.0,0.0,0.0,0.0,0.7448
0.0,58.28,0.0,0.0,0.0,0.0,0.0,0.0,0.0,0.0,0.0,0.0,0.0,0.0,0.0,0.0,0.0,33.18,0.0,0.0,0.0,0.0,8.55,0.0,0.0,0.9604
0.0,60.0,0.0,0.0,0.0,0.0,0.0,0.0,0.0,0.0,0.0,0.0,0.0,0.0,0.0,0.0,0.0,0.0,0.0,0.0,40.0,0.0,0.0,0.0,0.0,1.568
0.0,65.0,0.0,0.0,0.0,0.0,0.0,0.0,0.0,0.0,0.0,0.0,0.0,0.0,0.0,0.0,0.0,0.0,0.0,0.0,35.0,0.0,0.0,0.0,0.0,1.666
1.2,39.519999999999996,0.0,0.0,0.0,0.0,0.0,0.0,0.0,0.0,0.0,0.0,0.0,0.0,0.0,0.0,0.0,59.279999999999994,0.0,0.0,0.0,0.0,0.0,0.0,0.0,1.5
3.0,38.8,0.0,0.0,0.0,0.0,0.0,0.0,0.0,0.0,0.0,0.0,0.0,0.0,0.0,0.0,0.0,58.2,0.0,0.0,0.0,0.0,0.0,0.0,0.0,1.55
5.0,0.0,0.0,0.0,0.0,0.0,50.0,0.0,0.0,0.0,0.0,0.0,0.0,0.0,0.0,0.0,0.0,0.0,0.0,0.0,0.0,0.0,0.0,0.0,45.0,5.375
5.0,0.0,0.0,0.0,5.0,0.0,0.0,72.0,0.0,0.0,0.0,0.0,0.0,16.0,0.0,0.0,0.0,0.0,2.0,0.0,0.0,0.0,0.0,0.0,0.0,7.546
5.0,0.0,5.0,0.0,5.0,0.0,0.0,70.0,2.0,0.0,0.0,0.0,0.0,10.0,0.0,0.0,0.0,0.0,3.0,0.0,0.0,0.0,0.0,0.0,0.0,8.44
5.0,0.0,6.0,0.0,0.0,0.0,0.0,0.0,0.0,0.0,0.0,0.0,72.0,14.0,0.0,0.0,0.0,0.0,3.0,0.0,0.0,0.0,0.0,0.0,0.0,6.174
5.0,0.0,7.0,0.0,2.0,0.0,0.0,0.0,0.0,0.0,0.0,0.0,72.0,14.0,0.0,0.0,0.0,0.0,0.0,0.0,0.0,0.0,0.0,0.0,0.0,6.174
8.0,0.0,0.0,0.0,0.0,0.0,18.0,0.0,0.0,0.0,0.0,0.0,9.0,0.0,0.0,0.0,0.0,0.0,0.0,0.0,0.0,0.0,0.0,0.0,65.0,3.773
10.0,0.0,0.0,0.0,0.0,0.0,0.0,0.0,0.0,0.0,0.0,0.0,45.0,0.0,0.0,0.0,0.0,0.0,0.0,0.0,0.0,20.0,0.0,0.0,25.0,7.75
10.0,0.0,0.0,0.0,0.0,0.0,5.0,0.0,0.0,0.0,0.0,0.0,40.0,0.0,0.0,0.0,0.0,0.0,0.0,0.0,0.0,17.0,0.0,0.0,28.0,8.45
10.0,0.0,0.0,0.0,0.0,0.0,14.85,0.0,0.0,0.0,0.0,0.0,10.35,0.0,0.0,0.0,0.0,0.0,0.0,0.0,0.0,0.0,0.0,0.0,64.8,5.831
10.0,0.0,0.0,0.0,0.0,0.0,17.55,0.0,0.0,0.0,0.0,0.0,9.9,0.0,0.0,0.0,0.0,0.0,0.0,0.0,0.0,0.0,0.0,0.0,62.55,6.7914
10.0,0.0,0.0,0.0,0.0,0.0,20.0,0.0,0.0,0.0,0.0,0.0,8.0,0.0,0.0,0.0,0.0,0.0,0.0,0.0,0.0,5.0,0.0,0.0,57.0,5.4
10.0,0.0,0.0,0.0,0.0,0.0,20.0,0.0,0.0,0.0,0.0,60.0,10.0,0.0,0.0,0.0,0.0,0.0,0.0,0.0,0.0,0.0,0.0,0.0,0.0,2.0
10.0,0.0,0.0,0.0,0.0,0.0,25.0,0.0,0.0,0.0,0.0,0.0,10.0,0.0,0.0,0.0,0.0,0.0,0.0,0.0,0.0,0.0,0.0,0.0,55.0,6.01
10.0,0.0,0.0,0.0,0.0,0.0,30.0,0.0,0.0,0.0,0.0,0.0,5.0,0.0,0.0,0.0,0.0,0.0,0.0,0.0,0.0,0.0,0.0,0.0,55.0,5.2
15.0,0.0,0.0,0.0,0.0,0.0,0.0,0.0,0.0,0.0,0.0,55.0,10.0,20.0,0.0,0.0,0.0,0.0,0.0,0.0,0.0,0.0,0.0,0.0,0.0,3.0
