Al,As,B,Ba,Ca,Ga,Gd,Ge,La,Li,Mg,Na,Nb,P,S,Sb,Se,Si,Te,Ti,Tl,W,Y,Zn,Zr,ND
0.0,0.0,0.0,0.0,0.0,0.0,0.0,0.0,0.0,0.0,0.0,0.0,0.0,0.0,0.0,0.0,0.0,20.0,80.0,0.0,0.0,0.0,0.0,0.0,0.0,3.2
0.0,0.0,0.0,0.0,0.0,0.0,0.0,0.0,0.0,0.0,0.0,0.0,0.0,0.0,0.0,0.0,97.5,0.0,2.5,0.0,0.0,0.0,0.0,0.0,0.0,1.913
0.0,0.0,0.0,0.0,0.0,0.0,0.0,0.0,0.0,0.0,0.0,0.0,0.0,0.0,0.0,4.0,0.0,16.32,79.68,0.0,0.0,0.0,0.0,0.0,0.0,4.2399998
0.0,0.0,0.0,0.0,0.0,0.0,0.0,0.0,0.0,0.0,0.0,0.0,0.0,0.0,0.0,6.0,0.0,15.98,78.02,0.0,0.0,0.0,0.0,0.0,0.0,3.02
0.0,0.0,0.0,0.0,0.0,0.0,0.0,0.0,0.0,0.0,0.0,0.0,0.0,0.0,0.0,15.0,70.0,15.0,0.0,0.0,0.0,0.0,0.0,0.0,0.0,3.3
0.0,0.0,0.0,0.0,0.0,0.0,0.0,0.0,0.0,0.0,0.0,0.0,0.0,0.0,1.95,0.0,98.05,0.0,0.0,0.0,0.0,0.0,0.0,0.0,0.0,2.9000001
0.0,0.0,0.0,0.0,0.0,0.0,0.0,0.0,0.0,0.0,0.0,0.0,0.0,0.0,14.0,0.0,86.0,0.0,0.0,0.0,0.0,0.0,0.0,0.0,0.0,2.7550001
0.0,0.0,0.0,0.0,0.0,0.0,0.0,0.0,0.0,0.0,0.0,0.0,0.0,0.0,25.67,0.0,74.33,0.0,0.0,0.0,0.0,0.0,0.0,0.0,0.0,2.6240001
0.0,0.0,0.0,0.0,0.0,0.0,0.0,0.0,0.0,0.0,0.0,0.0,0.0,0.0,38.1,0.0,61.9,0.0,0.0,0.0,0.0,0.0,0.0,0.0,0.0,2.49
0.0,0.0,0.0,0.0,0.0,0.0,0.0,0.0,0.0,0.0,0.0,0.0,0.0,0.0,45.08,0.0,54.92,0.0,0.0,0.0,0.0,0.0,0.0,0.0,0.0,2.4230001
0.0,0.0,0.0,0.0,0.0,0.0,0.0,0.0,0.0,0.0,0.0,0.0,0.0,0.0,51.35,0.0,48.65,0.0,0.0,0.0,0.0,0.0,0.0,0.0,0.0,2.365
0.0,0.0,0.0,0.0,0.0,0.0,0.0,0.0,0.0,0.0,0.0,0.0,0.0,0.0,58.07,0.0,41.93,0.0,0.0,0.0,0.0,0.0,0.0,0.0,0.0,2.3069999
0.0,0.0,0.0,0.0,0.0,0.0,0.0,0.0,0.0,0.0,0.0,0.0,0.0,0.0,65.01,0.0,34.99,0.0,0.0,0.0,0.0,0.0,0.0,0.0,0.0,2.2479999
0.0,0.0,0.0,0.0,0.0,0.0,0.0,0.0,0.0,0.0,0.0,0.0,0.0,0.0,68.59,0.0,31.41,0.0,0.0,0.0,0.0,0.0,0.0,0.0,0.0,2.22
0.0,0.0,0.0,0.0,0.0,0.0,0.0,0.0,0.0,0.0,0.0,0.0,0.0,0.0,72.58,0.0,27.42,0.0,0.0,0.0,0.0,0.0,0.0,0.0,0.0,2.1930001
0.0,0.0,0.0,0.0,0.0,0.0,0.0,0.0,0.0,0.0,0.0,0.0,0.0,0.0,76.4,0.0,23.6,0.0,0.0,0.0,0.0,0.0,0.0,0.0,0.0,2.1630001
0.0,0.0,0.0,0.0,0.0,0.0,0.0,0.0,0.0,0.0,0.0,0.0,0.0,0.0,80.41,0.0,19.59,0.0,0.0,0.0,0.0,0.0,0.0,0.0,0.0,2.1340001
0.0,0.0,0.0,0.0,0.0,0.0,0.0,0.0,0.0,0.0,0.0,0.0,0.0,0.0,84.08,0.0,15.92,0.0,0.0,0.0,0.0,0.0,0.0,0.0,0.0,2.1070001
0.0,0.0,0.0,0.0,0.0,0.0,0.0,0.0,0.0,0.0,0.0,0.0,0.0,0.0,88.08,0.0,11.92,0.0,0.0,0.0,0.0,0.0,0.0,0.0,0.0,2.0780001
0.0,0.0,0.0,0.0,0.0,0.0,0.0,0.0,0.0,0.0,0.0,0.0,0.0,0.0,92.02,0.0,7.98,0.0,0.0,0.0,0.0,0.0,0.0,0.0,0.0,2.05
0.0,0.0,0.0,0.0,0.0,0.0,0.0,0.0,0.0,0.0,0.0,0.0,0.0,0.0,96.14,0.0,3.86,0.0,0.0,0.0,0.0,0.0,0.0,0.0,0.0,2.0220001
0.0,0.0,0.0,0.0,0.0,0.0,0.0,0.0,0.0,0.0,0.0,0.0,0.0,0.0,100.0,0.0,0.0,0.0,0.0,0.0,0.0,0.0,0.0,0.0,0.0,1.9980000000000002
0.0,0.0,0.0,0.0,0.0,0.0,0.0,0.0,0.0,0.0,0.0,0.0,0.0,4.76,0.0,0.0,95.24,0.0,0.0,0.0,0.0,0.0,0.0,0.0,0.0,2.4300001
0.0,0.0,0.0,0.0,0.0,0.0,0.0,0.0,0.0,0.0,0.0,0.0,0.0,5.56,0.0,0.0,0.0,16.67,77.78,0.0,0.0,0.0,0.0,0.0,0.0,3.45
0.0,0.0,0.0,0.0,0.0,0.0,0.0,0.0,0.0,0.0,0.0,0.0,0.0,7.69,0.0,0.0,92.31,0.0,0.0,0.0,0.0,0.0,0.0,0.0,0.0,2.3499999
0.0,0.0,0.0,0.0,0.0,0.0,0.0,0.0,0.0,0.0,0.0,0.0,0.0,9.09,0.0,0.0,90.91,0.0,0.0,0.0,0.0,0.0,0.0,0.0,0.0,2.4000001
0.0,0.0,0.0,0.0,0.0,0.0,0.0,0.0,0.0,0.0,0.0,0.0,0.0,10.0,0.0,0.0,0.0,15.0,75.0,0.0,0.0,0.0,0.0,0.0,0.0,3.4000001
0.0,0.0,0.0,0.0,0.0,0.0,0.0,0.0,0.0,0.0,0.0,0.0,0.0,10.0,0.0,0.0,90.0,0.0,0.0,0.0,0.0,0.0,0.0,0.0,0.0,2.4200001
0.0,0.0,0.0,0.0,0.0,0.0,0.0,0.0,0.0,0.0,0.0,0.0,0.0,12.0,0.0,0.0,48.02,0.0,39.98,0.0,0.0,0.0,0.0,0.0,0.0,2.6400001
0.0,0.0,0.0,0.0,0.0,0.0,0.0,0.0,0.0,0.0,0.0,0.0,0.0,15.0,0.0,0.0,0.0,15.0,70.0,0.0,0.0,0.0,0.0,0.0,0.0,3.3
0.0,0.0,0.0,0.0,0.0,0.0,0.0,0.0,0.0,0.0,0.0,0.0,0.0,16.0,0.0,0.0,64.0,0.0,20.0,0.0,0.0,0.0,0.0,0.0,0.0,2.55
0.0,0.0,0.0,0.0,0.0,0.0,0.0,0.0,0.0,0.0,0.0,0.0,0.0,20.0,0.0,0.0,50.0,0.0,30.0,0.0,0.0,0.0,0.0,0.0,0.0,2.5599998999999998
0.0,0.0,0.0,0.0,0.0,0.0,0.0,0.0,0.0,0.0,0.0,0.0,0.0,20.0,0.0,0.0,80.0,0.0,0.0,0.0,0.0,0.0,0.0,0.0,0.0,2.34000005
0.0,0.0,0.0,0.0,0.0,0.0,0.0,0.0,0.0,0.0,0.0,0.0,0.0,22.27,0.0,0.0,55.68,0.0,22.05,0.0,0.0,0.0,0.0,0.0,0.0,2.51
0.0,0.0,0.0,0.0,0.0,0.0,0.0,0.0,0.0,0.0,0.0,0.0,0.0,28.57,0.0,0.0,71.43,0.0,0.0,0.0,0.0,0.0,0.0,0.0,0.0,2.3499999
0.0,0.0,0.0,0.0,0.0,0.0,0.0,0.0,0.0,0.0,0.0,0.0,0.0,28.571428571428573,0.0,0.0,71.42857142857143,0.0,0.0,0.0,0.0,0.0,0.0,0.0,0.0,2.5
0.0,0.0,0.0,0.0,0.0,0.0,0.0,0.0,0.0,0.0,0.0,0.0,0.0,40.0,0.0,0.0,60.0,0.0,0.0,0.0,0.0,0.0,0.0,0.0,0.0,2.3099998999999998
0.0,0.0,0.0,0.0,0.0,0.0,0.0,0.0,0.0,0.0,0.0,0.0,0.0,50.0,0.0,0.0,50.0,0.0,0.0,0.0,0.0,0.0,0.0,0.0,0.0,2.22
0.0,0.0,0.0,0.0,0.0,0.0,0.0,0.0,0.0,0.0,0.0,0.0,0.0,60.0,0.0,0.0,40.0,0.0,0.0,0.0,0.0,0.0,0.0,0.0,0.0,2.1400001
0.0,0.0,0.0,0.0,0.0,0.0,0.0,0.0,0.0,0.0,0.0,0.0,0.0,62.0,0.0,0.0,38.0,0.0,0.0,0.0,0.0,0.0,0.0,0.0,0.0,2.1600001
0.0,0.0,0.0,0.0,0.0,0.0,0.0,0.0,0.0,0.0,0.0,0.0,0.0,65.0,0.0,0.0,35.0,0.0,0.0,0.0,0.0,0.0,0.0,0.0,0.0,2.1700001
0.0,0.0,0.0,0.0,0.0,0.0,0.0,0.0,0.0,0.0,0.0,0.0,0.0,70.0,0.0,0.0,30.0,0.0,0.0,0.0,0.0,0.0,0.0,0.0,0.0,2.25
0.0,0.0,0.0,0.0,0.0,0.0,0.0,0.0,0.0,0.0,0.0,0.0,0.0,75.0,0.0,0.0,25.0,0.0,0.0,0.0,0.0,0.0,0.0,0.0,0.0,2.21
0.0,0.0,0.0,0.0,0.0,0.0,0.0,0.0,0.0,0.0,0.0,0.0,0.0,80.0,0.0,0.0,20.0,0.0,0.0,0.0,0.0,0.0,0.0,0.0,0.0,2.1900001000000002
0.0,0.0,0.0,0.0,0.0,0.0,0.0,3.0,0.0,0.0,0.0,0.0,0.0,0.0,29.0,68.0,0.0,0.0,0.0,0.0,0.0,0.0,0.0,0.0,0.0,2.74
0.0,0.0,0.0,0.0,0.0,0.0,0.0,4.76,0.0,0.0,0.0,0.0,0.0,0.0,9.52,0.0,85.71,0.0,0.0,0.0,0.0,0.0,0.0,0.0,0.0,2.45
0.0,0.0,0.0,0.0,0.0,0.0,0.0,4.76,0.0,0.0,0.0,0.0,0.0,0.0,19.05,0.0,76.19,0.0,0.0,0.0,0.0,0.0,0.0,0.0,0.0,2.3599999
0.0,0.0,0.0,0.0,0.0,0.0,0.0,4.76,0.0,0.0,0.0,0.0,0.0,0.0,28.57,0.0,66.67,0.0,0.0,0.0,0.0,0.0,0.0,0.0,0.0,2.3199999
0.0,0.0,0.0,0.0,0.0,0.0,0.0,4.76,0.0,0.0,0.0,0.0,0.0,0.0,38.1,0.0,57.14,0.0,0.0,0.0,0.0,0.0,0.0,0.0,0.0,2.3
0.0,0.0,0.0,0.0,0.0,0.0,0.0,5.0,0.0,0.0,0.0,0.0,0.0,0.0,0.0,0.0,95.0,0.0,0.0,0.0,0.0,0.0,0.0,0.0,0.0,2.6700001
0.0,0.0,0.0,0.0,0.0,0.0,0.0,6.0,0.0,0.0,0.0,0.0,0.0,0.0,34.0,60.0,0.0,0.0,0.0,0.0,0.0,0.0,0.0,0.0,0.0,2.7
0.0,0.0,0.0,0.0,0.0,0.0,0.0,7.5,0.0,0.0,0.0,0.0,0.0,0.0,0.0,10.0,82.5,0.0,0.0,0.0,0.0,0.0,0.0,0.0,0.0,2.6270001
0.0,0.0,0.0,0.0,0.0,0.0,0.0,10.0,0.0,0.0,0.0,0.0,0.0,0.0,0.0,10.0,80.0,0.0,0.0,0.0,0.0,0.0,0.0,0.0,0.0,2.6229999
0.0,0.0,0.0,0.0,0.0,0.0,0.0,10.0,0.0,0.0,0.0,0.0,0.0,0.0,9.0,0.0,81.0,0.0,0.0,0.0,0.0,0.0,0.0,0.0,0.0,2.4300001
0.0,0.0,0.0,0.0,0.0,0.0,0.0,10.0,0.0,0.0,0.0,0.0,0.0,0.0,18.0,0.0,72.0,0.0,0.0,0.0,0.0,0.0,0.0,0.0,0.0,2.3499999
0.0,0.0,0.0,0.0,0.0,0.0,0.0,10.0,0.0,0.0,0.0,0.0,0.0,0.0,27.0,0.0,63.0,0.0,0.0,0.0,0.0,0.0,0.0,0.0,0.0,2.3900001
0.0,0.0,0.0,0.0,0.0,0.0,0.0,10.0,0.0,0.0,0.0,0.0,0.0,0.0,36.0,0.0,54.0,0.0,0.0,0.0,0.0,0.0,0.0,0.0,0.0,2.3
0.0,0.0,0.0,0.0,0.0,0.0,0.0,12.5,0.0,0.0,0.0,0.0,0.0,0.0,0.0,5.0,82.5,0.0,0.0,0.0,0.0,0.0,0.0,0.0,0.0,2.529
0.0,0.0,0.0,0.0,0.0,0.0,0.0,12.5,0.0,0.0,0.0,0.0,0.0,0.0,0.0,10.0,77.5,0.0,0.0,0.0,0.0,0.0,0.0,0.0,0.0,2.6099999
0.0,0.0,0.0,0.0,0.0,0.0,0.0,12.5,0.0,0.0,0.0,0.0,0.0,0.0,0.0,15.0,72.5,0.0,0.0,0.0,0.0,0.0,0.0,0.0,0.0,2.7019999
0.0,0.0,0.0,0.0,0.0,0.0,0.0,12.5,0.0,0.0,0.0,0.0,0.0,0.0,0.0,20.0,67.5,0.0,0.0,0.0,0.0,0.0,0.0,0.0,0.0,2.803
0.0,0.0,0.0,0.0,0.0,0.0,0.0,12.5,0.0,0.0,0.0,0.0,0.0,0.0,0.0,25.0,62.5,0.0,0.0,0.0,0.0,0.0,0.0,0.0,0.0,2.9330001
0.0,0.0,0.0,0.0,0.0,0.0,0.0,14.29,0.0,0.0,0.0,0.0,0.0,0.0,85.70999999999998,0.0,0.0,0.0,0.0,0.0,0.0,0.0,0.0,0.0,0.0,2.155
0.0,0.0,0.0,0.0,0.0,0.0,0.0,15.0,0.0,0.0,0.0,0.0,0.0,0.0,0.0,0.0,0.0,0.0,85.0,0.0,0.0,0.0,0.0,0.0,0.0,3.9
0.0,0.0,0.0,0.0,0.0,0.0,0.0,15.0,0.0,0.0,0.0,0.0,0.0,0.0,0.0,10.0,75.0,0.0,0.0,0.0,0.0,0.0,0.0,0.0,0.0,2.5980000000000003
0.0,0.0,0.0,0.0,0.0,0.0,0.0,15.0,0.0,0.0,0.0,0.0,0.0,15.0,0.0,0.0,0.0,0.0,70.0,0.0,0.0,0.0,0.0,0.0,0.0,3.5
0.0,0.0,0.0,0.0,0.0,0.0,0.0,15.0,0.0,0.0,0.0,0.0,0.0,20.0,0.0,0.0,0.0,0.0,65.0,0.0,0.0,0.0,0.0,0.0,0.0,3.5
0.0,0.0,0.0,0.0,0.0,0.0,0.0,15.0,0.0,0.0,0.0,0.0,0.0,20.0,65.0,0.0,0.0,0.0,0.0,0.0,0.0,0.0,0.0,0.0,0.0,1.95
0.0,0.0,0.0,0.0,0.0,0.0,0.0,16.67,0.0,0.0,0.0,0.0,0.0,0.0,8.33,0.0,75.0,0.0,0.0,0.0,0.0,0.0,0.0,0.0,0.0,2.5999999
0.0,0.0,0.0,0.0,0.0,0.0,0.0,16.67,0.0,0.0,0.0,0.0,0.0,0.0,16.67,0.0,66.67,0.0,0.0,0.0,0.0,0.0,0.0,0.0,0.0,2.4300001
0.0,0.0,0.0,0.0,0.0,0.0,0.0,16.67,0.0,0.0,0.0,0.0,0.0,0.0,25.0,0.0,58.33,0.0,0.0,0.0,0.0,0.0,0.0,0.0,0.0,2.3
0.0,0.0,0.0,0.0,0.0,0.0,0.0,16.67,0.0,0.0,0.0,0.0,0.0,0.0,33.33,0.0,50.0,0.0,0.0,0.0,0.0,0.0,0.0,0.0,0.0,2.3699999
0.0,0.0,0.0,0.0,0.0,0.0,0.0,17.5,0.0,0.0,0.0,0.0,0.0,0.0,0.0,10.0,72.5,0.0,0.0,0.0,0.0,0.0,0.0,0.0,0.0,2.5880001
0.0,0.0,0.0,0.0,0.0,0.0,0.0,17.5,0.0,0.0,0.0,0.0,0.0,0.0,0.0,22.5,60.0,0.0,0.0,0.0,0.0,0.0,0.0,0.0,0.0,2.8139998999999998
0.0,0.0,0.0,0.0,0.0,0.0,0.0,18.0,0.0,0.0,0.0,0.0,0.0,0.0,0.0,0.0,82.0,0.0,0.0,0.0,0.0,0.0,0.0,0.0,0.0,2.4489999
0.0,0.0,0.0,0.0,0.0,0.0,0.0,19.0,0.0,0.0,0.0,0.0,0.0,0.0,0.0,0.0,9.0,0.0,72.0,0.0,0.0,0.0,0.0,0.0,0.0,3.3
0.0,0.0,0.0,0.0,0.0,0.0,0.0,19.0,0.0,0.0,0.0,0.0,0.0,0.0,37.0,44.0,0.0,0.0,0.0,0.0,0.0,0.0,0.0,0.0,0.0,2.8
0.0,0.0,0.0,0.0,0.0,0.0,0.0,20.0,0.0,0.0,0.0,0.0,0.0,0.0,0.0,0.0,80.0,0.0,0.0,0.0,0.0,0.0,0.0,0.0,0.0,1.60633335
0.0,0.0,0.0,0.0,0.0,0.0,0.0,20.0,0.0,0.0,0.0,0.0,0.0,0.0,0.0,5.0,75.0,0.0,0.0,0.0,0.0,0.0,0.0,0.0,0.0,2.5069999999999997
0.0,0.0,0.0,0.0,0.0,0.0,0.0,20.0,0.0,0.0,0.0,0.0,0.0,0.0,0.0,10.0,70.0,0.0,0.0,0.0,0.0,0.0,0.0,0.0,0.0,2.5794999499999998
0.0,0.0,0.0,0.0,0.0,0.0,0.0,20.0,0.0,0.0,0.0,0.0,0.0,0.0,0.0,20.0,60.0,0.0,0.0,0.0,0.0,0.0,0.0,0.0,0.0,2.8080001
0.0,0.0,0.0,0.0,0.0,0.0,0.0,20.0,0.0,0.0,0.0,0.0,0.0,0.0,60.0,20.0,0.0,0.0,0.0,0.0,0.0,0.0,0.0,0.0,0.0,2.428
0.0,0.0,0.0,0.0,0.0,0.0,0.0,20.0,0.0,0.0,0.0,0.0,0.0,0.0,80.0,0.0,0.0,0.0,0.0,0.0,0.0,0.0,0.0,0.0,0.0,2.185
0.0,0.0,0.0,0.0,0.0,0.0,0.0,20.0,0.0,0.0,0.0,0.0,0.0,5.0,0.0,0.0,0.0,0.0,75.0,0.0,0.0,0.0,0.0,0.0,0.0,3.5
0.0,0.0,0.0,0.0,0.0,0.0,0.0,20.0,0.0,0.0,0.0,0.0,0.0,10.0,0.0,0.0,0.0,0.0,70.0,0.0,0.0,0.0,0.0,0.0,0.0,3.0999999
0.0,0.0,0.0,0.0,0.0,0.0,0.0,20.0,0.0,0.0,0.0,0.0,0.0,10.0,0.0,0.0,70.0,0.0,0.0,0.0,0.0,0.0,0.0,0.0,0.0,2.4000001
0.0,0.0,0.0,0.0,0.0,0.0,0.0,20.0,0.0,0.0,0.0,0.0,0.0,11.428571428571429,68.57142857142857,0.0,0.0,0.0,0.0,0.0,0.0,0.0,0.0,0.0,0.0,2.187
0.0,0.0,0.0,0.0,0.0,0.0,0.0,20.0,0.0,0.0,0.0,0.0,0.0,15.0,65.0,0.0,0.0,0.0,0.0,0.0,0.0,0.0,0.0,0.0,0.0,2.05
0.0,0.0,0.0,0.0,0.0,0.0,0.0,21.0,0.0,0.0,0.0,0.0,0.0,0.0,0.0,0.0,79.0,0.0,0.0,0.0,0.0,0.0,0.0,0.0,0.0,2.4419999
0.0,0.0,0.0,0.0,0.0,0.0,0.0,21.0,0.0,0.0,0.0,0.0,0.0,0.0,37.0,42.0,0.0,0.0,0.0,0.0,0.0,0.0,0.0,0.0,0.0,2.6800001
0.0,0.0,0.0,0.0,0.0,0.0,0.0,21.7,0.0,0.0,0.0,0.0,0.0,8.7,69.6,0.0,0.0,0.0,0.0,0.0,0.0,0.0,0.0,0.0,0.0,2.2119999
0.0,0.0,0.0,0.0,0.0,0.0,0.0,22.233333333333334,0.0,0.0,0.0,0.0,0.0,9.514285714285714,68.25238095238095,0.0,0.0,0.0,0.0,0.0,0.0,0.0,0.0,0.0,0.0,2.199
0.0,0.0,0.0,0.0,0.0,0.0,0.0,22.5,0.0,0.0,0.0,0.0,0.0,0.0,0.0,10.0,67.5,0.0,0.0,0.0,0.0,0.0,0.0,0.0,0.0,2.5580001
0.0,0.0,0.0,0.0,0.0,0.0,0.0,22.7,0.0,0.0,0.0,0.0,0.0,9.1,68.2,0.0,0.0,0.0,0.0,0.0,0.0,0.0,0.0,0.0,0.0,2.2149999
0.0,0.0,0.0,0.0,0.0,0.0,0.0,23.333333333333332,0.0,0.0,0.0,0.0,0.0,8.571428571428571,68.09523809523809,0.0,0.0,0.0,0.0,0.0,0.0,0.0,0.0,0.0,0.0,2.191
0.0,0.0,0.0,0.0,0.0,0.0,0.0,23.8,0.0,0.0,0.0,0.0,0.0,9.5,66.7,0.0,0.0,0.0,0.0,0.0,0.0,0.0,0.0,0.0,0.0,2.2130001
0.0,0.0,0.0,0.0,0.0,0.0,0.0,23.906666666666666,0.0,0.0,0.0,10.473333333333334,0.0,0.0,59.339999999999996,0.0,0.0,0.0,0.0,0.0,0.0,0.0,0.0,6.29,0.0,2.47
0.0,0.0,0.0,0.0,0.0,0.0,0.0,25.0,0.0,0.0,0.0,0.0,0.0,0.0,0.0,0.0,15.0,0.0,60.0,0.0,0.0,0.0,0.0,0.0,0.0,3.02
0.0,0.0,0.0,0.0,0.0,0.0,0.0,25.0,0.0,0.0,0.0,0.0,0.0,0.0,0.0,0.0,75.0,0.0,0.0,0.0,0.0,0.0,0.0,0.0,0.0,2.4686667
0.0,0.0,0.0,0.0,0.0,0.0,0.0,25.0,0.0,0.0,0.0,0.0,0.0,0.0,0.0,10.0,65.0,0.0,0.0,0.0,0.0,0.0,0.0,0.0,0.0,2.533
0.0,0.0,0.0,0.0,0.0,0.0,0.0,25.0,0.0,0.0,0.0,0.0,0.0,0.0,0.0,15.0,60.0,0.0,0.0,0.0,0.0,0.0,0.0,0.0,0.0,2.6600001
0.0,0.0,0.0,0.0,0.0,0.0,0.0,25.0,0.0,0.0,0.0,0.0,0.0,0.0,7.5,0.0,67.5,0.0,0.0,0.0,0.0,0.0,0.0,0.0,0.0,2.3
0.0,0.0,0.0,0.0,0.0,0.0,0.0,25.0,0.0,0.0,0.0,0.0,0.0,0.0,15.0,0.0,60.0,0.0,0.0,0.0,0.0,0.0,0.0,0.0,0.0,2.3900001
0.0,0.0,0.0,0.0,0.0,0.0,0.0,25.0,0.0,0.0,0.0,0.0,0.0,0.0,22.5,0.0,52.5,0.0,0.0,0.0,0.0,0.0,0.0,0.0,0.0,2.3299999
0.0,0.0,0.0,0.0,0.0,0.0,0.0,25.0,0.0,0.0,0.0,0.0,0.0,0.0,30.0,0.0,45.0,0.0,0.0,0.0,0.0,0.0,0.0,0.0,0.0,2.23
0.0,0.0,0.0,0.0,0.0,0.0,0.0,25.0,0.0,0.0,0.0,0.0,0.0,0.0,65.0,10.0,0.0,0.0,0.0,0.0,0.0,0.0,0.0,0.0,0.0,2.3410001
0.0,0.0,0.0,0.0,0.0,0.0,0.0,25.0,0.0,0.0,0.0,0.0,0.0,10.0,65.0,0.0,0.0,0.0,0.0,0.0,0.0,0.0,0.0,0.0,0.0,2.2249999
0.0,0.0,0.0,0.0,0.0,0.0,0.0,25.0,0.0,0.0,0.0,0.0,0.0,15.0,60.0,0.0,0.0,0.0,0.0,0.0,0.0,0.0,0.0,0.0,0.0,2.0
0.0,0.0,0.0,0.0,0.0,0.0,0.0,25.6,0.0,0.0,0.0,0.0,0.0,0.0,63.9,10.5,0.0,0.0,0.0,0.0,0.0,0.0,0.0,0.0,0.0,1.89
0.0,0.0,0.0,0.0,0.0,0.0,0.0,26.3,0.0,0.0,0.0,0.0,0.0,10.5,63.2,0.0,0.0,0.0,0.0,0.0,0.0,0.0,0.0,0.0,0.0,2.2190001
0.0,0.0,0.0,0.0,0.0,0.0,0.0,26.666666666666668,0.0,0.0,0.0,0.0,0.0,5.714285714285714,67.61904761904762,0.0,0.0,0.0,0.0,0.0,0.0,0.0,0.0,0.0,0.0,2.2090001
0.0,0.0,0.0,0.0,0.0,0.0,0.0,27.0,0.0,0.0,0.0,0.0,0.0,0.0,0.0,0.0,18.0,0.0,55.0,0.0,0.0,0.0,0.0,0.0,0.0,2.96
0.0,0.0,0.0,0.0,0.0,0.0,0.0,27.0,0.0,0.0,0.0,0.0,0.0,0.0,67.7,5.3,0.0,0.0,0.0,0.0,0.0,0.0,0.0,0.0,0.0,1.885
0.0,0.0,0.0,0.0,0.0,0.0,0.0,27.5,0.0,0.0,0.0,0.0,0.0,0.0,0.0,10.0,62.5,0.0,0.0,0.0,0.0,0.0,0.0,0.0,0.0,2.5699999
0.0,0.0,0.0,0.0,0.0,0.0,0.0,27.766666666666666,0.0,0.0,0.0,0.0,0.0,4.771428571428571,67.46190476190476,0.0,0.0,0.0,0.0,0.0,0.0,0.0,0.0,0.0,0.0,2.21749995
0.0,0.0,0.0,0.0,0.0,0.0,0.0,27.8,0.0,0.0,0.0,0.0,0.0,11.1,61.1,0.0,0.0,0.0,0.0,0.0,0.0,0.0,0.0,0.0,0.0,2.2249999
0.0,0.0,0.0,0.0,0.0,0.0,0.0,28.5,0.0,0.0,0.0,0.0,0.0,0.0,60.0,11.5,0.0,0.0,0.0,0.0,0.0,0.0,0.0,0.0,0.0,2.3199999
0.0,0.0,0.0,0.0,0.0,0.0,0.0,29.4,0.0,0.0,0.0,0.0,0.0,11.8,58.8,0.0,0.0,0.0,0.0,0.0,0.0,0.0,0.0,0.0,0.0,2.2739999
0.0,0.0,0.0,0.0,0.0,0.0,0.0,30.0,0.0,0.0,0.0,0.0,0.0,0.0,0.0,0.0,20.0,0.0,50.0,0.0,0.0,0.0,0.0,0.0,0.0,2.95
0.0,0.0,0.0,0.0,0.0,0.0,0.0,30.0,0.0,0.0,0.0,0.0,0.0,0.0,0.0,0.0,25.0,0.0,45.0,0.0,0.0,0.0,0.0,0.0,0.0,2.8499999
0.0,0.0,0.0,0.0,0.0,0.0,0.0,30.0,0.0,0.0,0.0,0.0,0.0,0.0,0.0,0.0,30.0,0.0,40.0,0.0,0.0,0.0,0.0,0.0,0.0,2.8
0.0,0.0,0.0,0.0,0.0,0.0,0.0,30.0,0.0,0.0,0.0,0.0,0.0,0.0,0.0,10.0,60.0,0.0,0.0,0.0,0.0,0.0,0.0,0.0,0.0,2.6240001
0.0,0.0,0.0,0.0,0.0,0.0,0.0,30.0,0.0,0.0,0.0,0.0,0.0,0.0,70.0,0.0,0.0,0.0,0.0,0.0,0.0,0.0,0.0,0.0,0.0,2.156
0.0,0.0,0.0,0.0,0.0,0.0,0.0,30.0,0.0,0.0,0.0,0.0,0.0,2.857142857142857,67.14285714285714,0.0,0.0,0.0,0.0,0.0,0.0,0.0,0.0,0.0,0.0,2.2285
0.0,0.0,0.0,0.0,0.0,0.0,0.0,30.0,0.0,0.0,0.0,0.0,0.0,5.0,65.0,0.0,0.0,0.0,0.0,0.0,0.0,0.0,0.0,0.0,0.0,2.1500001
0.0,0.0,0.0,0.0,0.0,0.0,0.0,30.0,0.0,0.0,0.0,0.0,0.0,10.0,60.0,0.0,0.0,0.0,0.0,0.0,0.0,0.0,0.0,0.0,0.0,2.1500001
0.0,0.0,0.0,0.0,0.0,0.0,0.0,31.0,0.0,0.0,0.0,0.0,0.0,0.0,63.0,0.0,0.0,0.0,0.0,0.0,6.0,0.0,0.0,0.0,0.0,2.318
0.0,0.0,0.0,0.0,0.0,0.0,0.0,32.5,0.0,0.0,0.0,0.0,0.0,0.0,0.0,0.0,22.5,0.0,45.0,0.0,0.0,0.0,0.0,0.0,0.0,2.9000001
0.0,0.0,0.0,0.0,0.0,0.0,0.0,32.5,0.0,0.0,0.0,0.0,0.0,0.0,0.0,10.0,57.5,0.0,0.0,0.0,0.0,0.0,0.0,0.0,0.0,2.7
0.0,0.0,0.0,0.0,0.0,0.0,0.0,33.3,0.0,0.0,0.0,0.0,0.0,0.0,0.0,0.0,66.7,0.0,0.0,0.0,0.0,0.0,0.0,0.0,0.0,2.372
0.0,0.0,0.0,0.0,0.0,0.0,0.0,33.33,0.0,0.0,0.0,0.0,0.0,0.0,0.0,0.0,33.33,0.0,33.33,0.0,0.0,0.0,0.0,0.0,0.0,2.2
0.0,0.0,0.0,0.0,0.0,0.0,0.0,33.33,0.0,0.0,0.0,0.0,0.0,0.0,0.0,0.0,66.67,0.0,0.0,0.0,0.0,0.0,0.0,0.0,0.0,2.2
0.0,0.0,0.0,0.0,0.0,0.0,0.0,33.333333333333336,0.0,0.0,0.0,0.0,0.0,0.0,66.66666666666667,0.0,0.0,0.0,0.0,0.0,0.0,0.0,0.0,0.0,0.0,2.15500005
0.0,0.0,0.0,0.0,0.0,0.0,0.0,33.8,0.0,0.0,0.0,0.0,0.0,0.0,66.2,0.0,0.0,0.0,0.0,0.0,0.0,0.0,0.0,0.0,0.0,1.868
0.0,0.0,0.0,0.0,0.0,0.0,0.0,35.0,0.0,0.0,0.0,0.0,0.0,0.0,0.0,5.0,60.0,0.0,0.0,0.0,0.0,0.0,0.0,0.0,0.0,2.5280001
0.0,0.0,0.0,0.0,0.0,0.0,0.0,35.0,0.0,0.0,0.0,0.0,0.0,0.0,41.0,24.0,0.0,0.0,0.0,0.0,0.0,0.0,0.0,0.0,0.0,2.5
0.0,0.0,0.0,0.0,0.0,0.0,0.0,35.0,0.0,0.0,0.0,0.0,0.0,5.0,60.0,0.0,0.0,0.0,0.0,0.0,0.0,0.0,0.0,0.0,0.0,2.2
0.0,0.0,0.0,0.0,0.0,0.0,0.0,36.0,0.0,0.0,0.0,0.0,0.0,0.0,0.0,0.0,64.0,0.0,0.0,0.0,0.0,0.0,0.0,0.0,0.0,2.4030001
0.0,0.0,0.0,0.0,0.0,0.0,0.0,38.0,0.0,0.0,0.0,0.0,0.0,0.0,0.0,0.0,62.0,0.0,0.0,0.0,0.0,0.0,0.0,0.0,0.0,2.4579999
0.0,0.0,0.0,0.0,0.0,0.0,0.0,40.0,0.0,0.0,0.0,0.0,0.0,0.0,0.0,0.0,60.0,0.0,0.0,0.0,0.0,0.0,0.0,0.0,0.0,2.6149999
0.0,0.0,0.0,0.0,0.0,0.0,0.0,40.0,0.0,0.0,0.0,0.0,0.0,0.0,6.0,0.0,54.0,0.0,0.0,0.0,0.0,0.0,0.0,0.0,0.0,2.47
0.0,0.0,0.0,0.0,0.0,0.0,0.0,40.0,0.0,0.0,0.0,0.0,0.0,0.0,12.0,0.0,48.0,0.0,0.0,0.0,0.0,0.0,0.0,0.0,0.0,2.5999999
0.0,0.0,0.0,0.0,0.0,0.0,0.0,40.0,0.0,0.0,0.0,0.0,0.0,0.0,18.0,0.0,42.0,0.0,0.0,0.0,0.0,0.0,0.0,0.0,0.0,2.46
0.0,0.0,0.0,0.0,0.0,0.0,0.0,40.0,0.0,0.0,0.0,0.0,0.0,0.0,24.0,0.0,36.0,0.0,0.0,0.0,0.0,0.0,0.0,0.0,0.0,2.5
0.0,0.0,0.0,0.0,0.0,0.0,0.0,40.0,0.0,0.0,0.0,0.0,0.0,0.0,30.0,0.0,30.0,0.0,0.0,0.0,0.0,0.0,0.0,0.0,0.0,2.5
0.0,0.0,0.0,0.0,0.0,0.0,0.0,40.0,0.0,0.0,0.0,0.0,0.0,0.0,36.0,0.0,24.0,0.0,0.0,0.0,0.0,0.0,0.0,0.0,0.0,2.5999999
0.0,0.0,0.0,0.0,0.0,0.0,0.0,40.0,0.0,0.0,0.0,0.0,0.0,0.0,42.0,0.0,18.0,0.0,0.0,0.0,0.0,0.0,0.0,0.0,0.0,2.53
0.0,0.0,0.0,0.0,0.0,0.0,0.0,40.0,0.0,0.0,0.0,0.0,0.0,0.0,48.0,0.0,12.0,0.0,0.0,0.0,0.0,0.0,0.0,0.0,0.0,2.3
0.0,0.0,0.0,0.0,0.0,0.0,0.0,40.0,0.0,0.0,0.0,0.0,0.0,0.0,54.0,0.0,6.0,0.0,0.0,0.0,0.0,0.0,0.0,0.0,0.0,2.27
0.0,0.0,0.0,0.0,0.0,0.0,0.0,40.0,0.0,0.0,0.0,0.0,0.0,0.0,60.0,0.0,0.0,0.0,0.0,0.0,0.0,0.0,0.0,0.0,0.0,2.3
0.0,0.0,0.0,0.0,0.0,0.0,0.0,40.0,0.0,0.0,0.0,0.0,0.0,5.0,55.0,0.0,0.0,0.0,0.0,0.0,0.0,0.0,0.0,0.0,0.0,2.0999999
0.0,0.0,0.0,0.0,0.0,0.0,0.0,42.0,0.0,0.0,0.0,0.0,0.0,0.0,0.0,0.0,58.0,0.0,0.0,0.0,0.0,0.0,0.0,0.0,0.0,2.5980000000000003
0.0,0.0,0.0,0.0,0.0,0.0,0.0,43.0,0.0,0.0,0.0,0.0,0.0,0.0,0.0,0.0,57.0,0.0,0.0,0.0,0.0,0.0,0.0,0.0,0.0,2.8199999
0.0,0.0,0.0,0.0,0.0,0.0,0.0,43.333333333333336,0.0,0.0,0.0,0.0,0.0,0.0,0.0,0.0,56.66666666666667,0.0,0.0,0.0,0.0,0.0,0.0,0.0,0.0,2.2
0.0,0.0,0.0,0.0,0.0,0.0,0.0,45.0,0.0,0.0,0.0,0.0,0.0,0.0,55.0,0.0,0.0,0.0,0.0,0.0,0.0,0.0,0.0,0.0,0.0,2.3199999
0.0,0.0,0.0,0.0,0.0,0.0,0.0,50.0,0.0,0.0,0.0,0.0,0.0,0.0,0.0,0.0,50.0,0.0,0.0,0.0,0.0,0.0,0.0,0.0,0.0,2.5999999
0.0,0.0,0.0,0.0,0.0,1.0,0.0,29.0,0.0,0.0,0.0,0.0,0.0,0.0,70.0,0.0,0.0,0.0,0.0,0.0,0.0,0.0,0.0,0.0,0.0,2.158
0.0,0.0,0.0,0.0,0.0,2.5,0.0,27.5,0.0,0.0,0.0,0.0,0.0,0.0,70.0,0.0,0.0,0.0,0.0,0.0,0.0,0.0,0.0,0.0,0.0,2.168
0.0,0.0,0.0,0.0,0.0,3.4166666666666665,0.0,17.93,0.0,0.0,0.0,0.0,0.0,0.0,64.26933333333334,14.384,0.0,0.0,0.0,0.0,0.0,0.0,0.0,0.0,0.0,2.5699999
0.0,0.0,0.0,0.0,0.0,3.7,0.0,18.3,0.0,0.0,0.0,0.0,0.0,0.0,78.0,0.0,0.0,0.0,0.0,0.0,0.0,0.0,0.0,0.0,0.0,2.13000005
0.0,0.0,0.0,0.0,0.0,3.9033333333333338,0.0,20.49,0.0,0.0,0.0,0.0,0.0,0.0,64.87866666666667,10.728,0.0,0.0,0.0,0.0,0.0,0.0,0.0,0.0,0.0,2.3
0.0,0.0,0.0,0.0,0.0,4.3,0.0,21.7,0.0,0.0,0.0,0.0,0.0,0.0,74.0,0.0,0.0,0.0,0.0,0.0,0.0,0.0,0.0,0.0,0.0,2.16150005
0.0,0.0,0.0,0.0,0.0,4.443333333333333,0.0,23.33,0.0,0.0,0.0,0.0,0.0,0.0,65.56066666666666,6.676,0.0,0.0,0.0,0.0,0.0,0.0,0.0,0.0,0.0,2.28
0.0,0.0,0.0,0.0,0.0,4.7,0.0,23.3,0.0,0.0,0.0,0.0,0.0,0.0,72.0,0.0,0.0,0.0,0.0,0.0,0.0,0.0,0.0,0.0,0.0,2.1719999999999997
0.0,0.0,0.0,0.0,0.0,5.0,0.0,16.0,0.0,0.0,0.0,0.0,0.0,0.0,0.0,0.0,79.0,0.0,0.0,0.0,0.0,0.0,0.0,0.0,0.0,1.5859999999999999
0.0,0.0,0.0,0.0,0.0,5.0,0.0,19.0,0.0,0.0,0.0,0.0,0.0,0.0,0.0,0.0,76.0,0.0,0.0,0.0,0.0,0.0,0.0,0.0,0.0,1.589
0.0,0.0,0.0,0.0,0.0,5.0,0.0,25.0,0.0,0.0,0.0,0.0,0.0,0.0,0.0,10.0,60.0,0.0,0.0,0.0,0.0,0.0,0.0,0.0,0.0,2.6710000000000003
0.0,0.0,0.0,0.0,0.0,5.0,0.0,25.0,0.0,0.0,0.0,0.0,0.0,0.0,69.5,0.0,0.0,0.0,0.0,0.0,0.0,0.0,0.0,0.0,0.0,2.4100001
0.0,0.0,0.0,0.0,0.0,5.0,0.0,25.0,0.0,0.0,0.0,0.0,0.0,0.0,70.0,0.0,0.0,0.0,0.0,0.0,0.0,0.0,0.0,0.0,0.0,2.174
0.0,0.0,0.0,0.0,0.0,5.08,0.0,29.099999999999998,0.0,0.0,0.0,0.0,0.0,0.0,65.82,0.0,0.0,0.0,0.0,0.0,0.0,0.0,0.0,0.0,0.0,2.1900001000000002
0.0,0.0,0.0,0.0,0.0,5.1,0.0,21.1,0.0,0.0,0.0,0.0,0.0,0.0,63.9,9.9,0.0,0.0,0.0,0.0,0.0,0.0,0.0,0.0,0.0,1.903
0.0,0.0,0.0,0.0,0.0,5.125,0.0,17.93,0.0,0.0,0.0,0.0,0.0,0.0,0.0,14.384,62.561,0.0,0.0,0.0,0.0,0.0,0.0,0.0,0.0,3.0409999
0.0,0.0,0.0,0.0,0.0,5.51,0.0,26.33,0.0,0.0,0.0,0.0,0.0,0.0,68.17,0.0,0.0,0.0,0.0,0.0,0.0,0.0,0.0,0.0,0.0,1.867
0.0,0.0,0.0,0.0,0.0,5.7,0.0,28.6,0.0,0.0,0.0,0.0,0.0,0.0,65.7,0.0,0.0,0.0,0.0,0.0,0.0,0.0,0.0,0.0,0.0,2.17400005
0.0,0.0,0.0,0.0,0.0,5.855,0.0,20.49,0.0,0.0,0.0,0.0,0.0,0.0,0.0,10.728,62.92700000000001,0.0,0.0,0.0,0.0,0.0,0.0,0.0,0.0,2.845
0.0,0.0,0.0,0.0,0.0,6.0,0.0,24.0,0.0,0.0,0.0,0.0,0.0,0.0,70.0,0.0,0.0,0.0,0.0,0.0,0.0,0.0,0.0,0.0,0.0,2.1700001
0.0,0.0,0.0,0.0,0.0,6.0,0.0,28.333333333333332,0.0,0.0,0.0,0.0,0.0,0.0,65.66666666666666,0.0,0.0,0.0,0.0,0.0,0.0,0.0,0.0,0.0,0.0,1.994
0.0,0.0,0.0,0.0,0.0,6.0,0.0,32.0,0.0,0.0,0.0,0.0,0.0,0.0,62.0,0.0,0.0,0.0,0.0,0.0,0.0,0.0,0.0,0.0,0.0,2.3099998999999998
0.0,0.0,0.0,0.0,0.0,6.3,0.0,31.7,0.0,0.0,0.0,0.0,0.0,0.0,62.0,0.0,0.0,0.0,0.0,0.0,0.0,0.0,0.0,0.0,0.0,2.31
0.0,0.0,0.0,0.0,0.0,6.665,0.0,23.33,0.0,0.0,0.0,0.0,0.0,0.0,0.0,6.676,63.339,0.0,0.0,0.0,0.0,0.0,0.0,0.0,0.0,2.75
0.0,0.0,0.0,0.0,0.0,7.5,0.0,22.5,0.0,0.0,0.0,0.0,0.0,0.0,70.0,0.0,0.0,0.0,0.0,0.0,0.0,0.0,0.0,0.0,0.0,2.1830000000000003
0.0,0.0,0.0,0.0,0.0,10.0,0.0,15.0,0.0,0.0,0.0,0.0,0.0,0.0,0.0,0.0,75.0,0.0,0.0,0.0,0.0,0.0,0.0,0.0,0.0,1.587
0.0,0.0,0.0,0.0,0.0,10.0,0.0,18.0,0.0,0.0,0.0,0.0,0.0,0.0,0.0,0.0,72.0,0.0,0.0,0.0,0.0,0.0,0.0,0.0,0.0,1.589
0.0,0.0,0.0,0.0,0.0,10.0,0.0,25.0,0.0,0.0,0.0,0.0,0.0,0.0,65.0,0.0,0.0,0.0,0.0,0.0,0.0,0.0,0.0,0.0,0.0,2.5799999
0.0,0.0,0.0,0.0,0.0,15.0,0.0,14.0,0.0,0.0,0.0,0.0,0.0,0.0,0.0,0.0,71.0,0.0,0.0,0.0,0.0,0.0,0.0,0.0,0.0,1.587
0.0,0.0,0.0,0.0,0.0,15.0,0.0,17.0,0.0,0.0,0.0,0.0,0.0,0.0,0.0,0.0,68.0,0.0,0.0,0.0,0.0,0.0,0.0,0.0,0.0,1.59
0.0,0.0,0.0,0.0,0.0,16.84,0.0,19.296666666666667,0.0,0.0,0.0,0.0,0.0,0.0,63.86333333333333,0.0,0.0,0.0,0.0,0.0,0.0,0.0,0.0,0.0,0.0,2.19
0.0,0.0,0.0,0.0,0.0,20.0,0.0,13.0,0.0,0.0,0.0,0.0,0.0,0.0,0.0,0.0,67.0,0.0,0.0,0.0,0.0,0.0,0.0,0.0,0.0,1.5880001
0.0,0.0,0.0,0.0,0.0,20.0,0.0,16.0,0.0,0.0,0.0,0.0,0.0,0.0,0.0,0.0,64.0,0.0,0.0,0.0,0.0,0.0,0.0,0.0,0.0,1.59
0.0,0.0,0.0,0.0,0.0,22.0,0.0,0.0,18.0,0.0,0.0,0.0,0.0,0.0,60.0,0.0,0.0,0.0,0.0,0.0,0.0,0.0,0.0,0.0,0.0,2.3795
0.0,0.0,0.0,0.0,0.0,24.0,0.0,0.0,6.0,0.0,0.0,16.666666666666668,0.0,0.0,53.333333333333336,0.0,0.0,0.0,0.0,0.0,0.0,0.0,0.0,0.0,0.0,2.1289999
0.0,0.0,0.0,0.0,0.0,24.0,0.0,0.0,8.0,0.0,0.0,13.333333333333334,0.0,0.0,54.666666666666664,0.0,0.0,0.0,0.0,0.0,0.0,0.0,0.0,0.0,0.0,2.1719999
0.0,0.0,0.0,0.0,0.0,24.0,0.0,0.0,10.0,0.0,0.0,10.0,0.0,0.0,56.0,0.0,0.0,0.0,0.0,0.0,0.0,0.0,0.0,0.0,0.0,2.2219999
0.0,0.0,0.0,0.0,0.0,24.0,0.0,0.0,12.0,0.0,0.0,6.666666666666667,0.0,0.0,57.333333333333336,0.0,0.0,0.0,0.0,0.0,0.0,0.0,0.0,0.0,0.0,2.24
0.0,0.0,0.0,0.0,0.0,24.8,0.0,0.0,15.2,0.0,0.0,0.0,0.0,0.0,60.0,0.0,0.0,0.0,0.0,0.0,0.0,0.0,0.0,0.0,0.0,2.48
0.0,0.0,0.0,0.0,0.0,25.6,0.0,0.0,14.4,0.0,0.0,0.0,0.0,0.0,60.0,0.0,0.0,0.0,0.0,0.0,0.0,0.0,0.0,0.0,0.0,2.49
0.0,0.0,0.0,0.0,0.0,26.0,0.0,0.0,14.0,0.0,0.0,0.0,0.0,0.0,60.0,0.0,0.0,0.0,0.0,0.0,0.0,0.0,0.0,0.0,0.0,2.475
0.0,0.0,0.0,0.0,0.0,26.0,7.0,0.0,6.9799999999999995,0.0,0.0,0.0,0.0,0.0,60.0,0.0,0.0,0.0,0.0,0.0,0.0,0.0,0.0,0.0,0.0,2.5999999
0.0,0.0,0.0,0.0,0.0,26.4,0.0,0.0,13.6,0.0,0.0,0.0,0.0,0.0,60.0,0.0,0.0,0.0,0.0,0.0,0.0,0.0,0.0,0.0,0.0,2.49
0.0,0.0,0.0,0.0,0.0,27.2,0.0,0.0,12.8,0.0,0.0,0.0,0.0,0.0,60.0,0.0,0.0,0.0,0.0,0.0,0.0,0.0,0.0,0.0,0.0,2.47
0.0,0.0,0.0,0.0,0.0,28.0,0.0,0.0,0.0,0.0,0.0,20.0,0.0,0.0,52.0,0.0,0.0,0.0,0.0,0.0,0.0,0.0,0.0,0.0,0.0,1.45
0.0,0.0,0.0,0.0,0.0,28.0,0.0,0.0,7.9879999999999995,0.0,0.0,6.666666666666667,0.0,0.0,57.333333333333336,0.0,0.0,0.0,0.0,0.0,0.0,0.0,0.0,0.0,0.0,2.3099998999999998
0.0,0.0,0.0,0.0,0.0,28.0,0.0,0.0,12.0,0.0,0.0,0.0,0.0,0.0,60.0,0.0,0.0,0.0,0.0,0.0,0.0,0.0,0.0,0.0,0.0,2.472071435714286
0.0,0.0,0.0,0.0,0.0,28.2,0.0,0.0,12.0,0.0,0.0,0.0,0.0,0.0,58.8,0.0,1.0,0.0,0.0,0.0,0.0,0.0,0.0,0.0,0.0,2.4130001
0.0,0.0,0.0,0.0,0.0,28.4,0.0,0.0,12.0,0.0,0.0,0.0,0.0,0.0,57.6,0.0,2.0,0.0,0.0,0.0,0.0,0.0,0.0,0.0,0.0,2.4189998999999998
0.0,0.0,0.0,0.0,0.0,28.5,0.0,0.0,12.0,0.0,0.0,0.0,0.0,0.0,57.0,0.0,2.5,0.0,0.0,0.0,0.0,0.0,0.0,0.0,0.0,2.4170001
0.0,0.0,0.0,0.0,0.0,28.6,0.0,0.0,12.0,0.0,0.0,0.0,0.0,0.0,56.4,0.0,3.0,0.0,0.0,0.0,0.0,0.0,0.0,0.0,0.0,2.4119999
0.0,0.0,0.0,0.0,0.0,29.0,0.0,0.0,12.0,0.0,0.0,0.0,0.0,0.0,54.0,0.0,5.0,0.0,0.0,0.0,0.0,0.0,0.0,0.0,0.0,2.388
0.0,0.0,0.0,0.0,0.0,30.0,0.0,0.0,10.0,0.0,0.0,0.0,0.0,0.0,60.0,0.0,0.0,0.0,0.0,0.0,0.0,0.0,0.0,0.0,0.0,2.44
0.0,0.0,0.0,0.0,5.0,28.0,0.0,0.0,7.9879999999999995,0.0,0.0,0.0,0.0,0.0,59.0,0.0,0.0,0.0,0.0,0.0,0.0,0.0,0.0,0.0,0.0,2.3800001
0.0,0.0,0.0,1.25,0.0,4.6,0.0,28.666666666666668,0.0,0.0,0.0,0.0,0.0,0.0,65.48333333333333,0.0,0.0,0.0,0.0,0.0,0.0,0.0,0.0,0.0,0.0,2.1700001
0.0,0.0,0.0,2.5,0.0,5.6,0.0,27.0,0.0,0.0,0.0,0.0,0.0,0.0,64.9,0.0,0.0,0.0,0.0,0.0,0.0,0.0,0.0,0.0,0.0,2.1800001
0.0,0.0,0.0,2.5,0.0,8.0,0.0,25.0,0.0,0.0,0.0,0.0,0.0,0.0,64.5,0.0,0.0,0.0,0.0,0.0,0.0,0.0,0.0,0.0,0.0,2.24
0.0,0.0,0.0,3.75,0.0,7.0,0.0,25.0,0.0,0.0,0.0,0.0,0.0,0.0,64.25,0.0,0.0,0.0,0.0,0.0,0.0,0.0,0.0,0.0,0.0,2.21
0.0,0.0,0.0,3.75,0.0,11.0,0.0,21.666666666666668,0.0,0.0,0.0,0.0,0.0,0.0,63.583333333333336,0.0,0.0,0.0,0.0,0.0,0.0,0.0,0.0,0.0,0.0,2.3099998999999998
0.0,0.0,0.0,4.35,0.0,20.29,0.0,13.526666666666666,0.0,0.0,0.0,0.0,0.0,0.0,61.83333333333333,0.0,0.0,0.0,0.0,0.0,0.0,0.0,0.0,0.0,0.0,2.22
0.0,0.0,0.0,5.0,0.0,4.0,0.0,26.666666666666668,0.0,0.0,0.0,0.0,0.0,0.0,64.33333333333334,0.0,0.0,0.0,0.0,0.0,0.0,0.0,0.0,0.0,0.0,2.22
0.0,0.0,0.0,5.0,0.0,6.0,0.0,25.0,0.0,0.0,0.0,0.0,0.0,0.0,64.0,0.0,0.0,0.0,0.0,0.0,0.0,0.0,0.0,0.0,0.0,2.24
0.0,0.0,0.0,6.25,0.0,3.0,0.0,26.666666666666668,0.0,0.0,0.0,0.0,0.0,0.0,64.08333333333334,0.0,0.0,0.0,0.0,0.0,0.0,0.0,0.0,0.0,0.0,2.21
0.0,0.0,0.0,6.25,0.0,7.0,0.0,23.333333333333332,0.0,0.0,0.0,0.0,0.0,0.0,63.416666666666664,0.0,0.0,0.0,0.0,0.0,0.0,0.0,0.0,0.0,0.0,2.21
0.0,0.0,0.0,7.5,0.0,4.0,0.0,25.0,0.0,0.0,0.0,0.0,0.0,0.0,63.5,0.0,0.0,0.0,0.0,0.0,0.0,0.0,0.0,0.0,0.0,2.25
0.0,0.0,0.0,7.5,0.0,8.0,0.0,21.666666666666668,0.0,0.0,0.0,0.0,0.0,0.0,62.833333333333336,0.0,0.0,0.0,0.0,0.0,0.0,0.0,0.0,0.0,0.0,2.28
0.0,0.0,25.59,3.81,9.090000000000002,0.0,0.0,0.0,4.1,1.48,0.0,0.0,8.349999999999998,0.0,0.0,0.0,0.0,20.33,0.0,4.56,0.0,0.0,0.0,21.76,0.93,1.7912599999999999
0.0,0.0,27.8,3.96,0.0,0.0,3.0,0.0,25.26,0.0,0.0,0.0,5.07,0.0,0.0,0.0,0.0,10.48,0.0,15.08,0.0,0.0,1.1,3.44,4.81,1.9537799999999999
0.0,0.0,27.8,4.96,0.0,0.0,3.0,0.0,24.26,0.0,0.0,0.0,5.07,0.0,0.0,0.0,0.0,10.48,0.0,15.08,0.0,0.0,1.1,3.44,4.81,1.94938
0.0,0.0,29.5,0.0,0.0,0.0,5.75,0.0,26.0,0.0,0.0,0.0,4.55,0.0,0.0,0.0,0.0,13.0,0.0,7.5,0.0,0.5,3.0,6.5,3.7,1.9107
0.0,0.0,30.5,0.0,0.0,0.0,5.5,0.0,26.0,0.0,0.0,0.0,4.55,0.0,0.0,0.0,0.0,13.0,0.0,7.5,0.0,0.5,2.0,6.5,3.95,1.90757
0.0,0.0,31.5,0.0,0.0,0.0,5.5,0.0,26.0,0.0,0.0,0.0,4.55,0.0,0.0,0.0,0.0,12.0,0.0,7.5,0.0,0.0,2.0,6.5,4.45,1.9092799999999999
0.0,0.0,31.65,0.0,0.0,0.0,6.0,0.0,25.5,0.0,0.0,0.0,5.05,0.0,0.0,0.0,0.0,12.0,0.0,7.349999999999999,0.0,0.0,2.0,6.0,4.45,1.9099400000000002
0.0,0.0,32.0,0.0,0.0,0.0,6.0,0.0,25.5,0.0,0.0,0.0,5.05,0.0,0.0,0.0,0.0,12.0,0.0,7.5,0.0,0.0,2.0,5.5,4.45,1.9103599999999998
0.0,0.0,33.0,0.0,0.0,0.0,6.0,0.0,25.5,0.0,0.0,0.0,5.05,0.0,0.0,0.0,0.0,11.0,0.0,7.3,0.0,0.0,2.2,5.5,4.45,1.91107
0.0,0.0,33.0,0.0,0.0,0.0,6.0,0.0,25.5,0.0,0.0,0.0,5.05,0.0,0.0,0.0,0.0,11.0,0.0,7.5,0.0,0.0,2.0,5.5,4.45,1.91231
0.0,0.0,33.7,3.81,9.090000000000002,0.0,0.0,0.0,4.1,1.48,0.0,0.0,8.349999999999998,0.0,0.0,0.0,0.0,12.22,0.0,4.56,0.0,0.0,0.0,21.76,0.93,1.80498
0.0,0.0,34.0,0.0,0.0,0.0,6.0,0.0,25.5,0.0,0.0,0.0,5.05,0.0,0.0,0.0,0.0,10.0,0.0,7.5,0.0,0.0,2.0,5.5,4.45,1.91389
0.0,0.0,34.5,0.0,0.0,0.0,6.0,0.0,25.5,0.0,0.0,0.0,5.05,0.0,0.0,0.0,0.0,9.5,0.0,7.5,0.0,0.0,2.0,5.5,4.45,1.91271
0.0,0.0,34.5,0.0,0.5,0.0,6.0,0.0,25.0,0.0,0.0,0.0,5.05,0.0,0.0,0.0,0.0,9.5,0.0,7.5,0.0,0.0,2.0,5.5,4.45,1.91271
0.0,0.0,34.5,0.5,0.0,0.0,6.0,0.0,25.0,0.0,0.0,0.0,5.05,0.0,0.0,0.0,0.0,9.5,0.0,7.5,0.0,0.0,2.0,5.5,4.45,1.9123
0.0,0.0,35.71,0.0,0.0,0.0,11.39,0.0,22.83,0.0,0.0,0.0,3.8,0.0,0.0,0.0,0.0,10.36,0.0,5.58,0.0,0.0,2.74,1.96,4.76,1.9
0.0,0.0,36.21,0.0,0.0,0.0,11.72,0.0,23.5,0.0,0.0,0.0,3.8,0.0,0.0,0.0,0.0,10.36,0.0,6.08,0.0,0.0,1.74,1.46,4.76,1.9
0.0,0.0,36.21,0.0,0.0,0.0,11.72,0.0,23.5,0.0,0.0,0.0,4.3,0.0,0.0,0.0,0.0,10.36,0.0,5.58,0.0,0.0,1.74,1.46,4.76,1.9
0.0,0.0,39.7,0.0,9.090000000000002,0.0,0.0,0.0,4.1,1.48,0.0,0.0,8.349999999999998,0.0,0.0,0.0,0.0,6.22,0.0,4.58,0.0,0.0,0.0,25.55,0.93,1.8175700000000001
0.0,0.0,39.7,3.81,9.090000000000002,0.0,0.0,0.0,4.1,1.48,0.0,0.0,8.349999999999998,0.0,0.0,0.0,0.0,6.22,0.0,4.56,0.0,0.0,0.0,21.76,0.93,1.81444
0.0,0.0,40.94,3.92,9.37,0.0,0.0,0.0,4.23,1.52,0.0,0.0,8.599999999999998,0.0,0.0,0.0,0.0,6.42,0.0,1.61,0.0,0.0,0.0,22.43,0.96,1.7915900000000002
0.0,0.0,41.41,1.88,9.48,0.0,0.0,0.0,0.0,1.54,0.0,0.0,8.699999999999998,0.0,0.0,0.0,0.0,6.49,0.0,4.76,0.0,0.0,0.0,24.77,0.97,1.79958
0.0,0.0,43.51,0.0,9.090000000000002,0.0,0.0,0.0,4.1,1.48,0.0,0.0,8.349999999999998,0.0,0.0,0.0,0.0,6.22,0.0,4.56,0.0,0.0,0.0,21.76,0.93,1.80713
0.0,0.0,43.7,3.81,2.59,0.0,0.0,0.0,4.1,1.48,0.0,0.0,11.35,0.0,0.0,0.0,0.0,7.72,0.0,2.56,0.0,0.0,0.0,21.76,0.93,1.80845
0.0,0.0,43.7,3.81,5.09,0.0,0.0,0.0,4.1,1.48,0.0,0.0,6.35,0.0,0.0,0.0,0.0,6.22,0.0,6.56,0.0,0.0,0.0,21.76,0.93,1.80741
0.0,0.0,43.7,3.81,5.09,0.0,0.0,0.0,4.1,1.48,0.0,0.0,11.35,0.0,0.0,0.0,0.0,6.22,0.0,1.56,0.0,0.0,0.0,21.76,0.93,1.80719
0.0,1.0,0.0,0.0,0.0,4.6,0.0,28.666666666666668,0.0,0.0,0.0,0.0,0.0,0.0,65.73333333333333,0.0,0.0,0.0,0.0,0.0,0.0,0.0,0.0,0.0,0.0,2.23
0.0,1.6800000000000002,0.0,0.0,0.0,0.0,0.0,27.766666666666666,0.0,0.0,0.0,0.0,0.0,3.5714285714285716,66.98190476190476,0.0,0.0,0.0,0.0,0.0,0.0,0.0,0.0,0.0,0.0,2.24
0.0,2.0,0.0,0.0,0.0,3.6,0.0,28.666666666666668,0.0,0.0,0.0,0.0,0.0,0.0,65.73333333333333,0.0,0.0,0.0,0.0,0.0,0.0,0.0,0.0,0.0,0.0,2.24
0.0,2.3,0.0,0.0,0.0,0.0,0.0,23.3,0.0,0.0,0.0,0.0,0.0,7.0,67.4,0.0,0.0,0.0,0.0,0.0,0.0,0.0,0.0,0.0,0.0,2.2390001
0.0,2.857142857142857,0.0,0.0,0.0,0.0,0.0,0.0,0.0,0.0,0.0,0.0,0.0,25.714285714285715,0.0,0.0,71.42857142857143,0.0,0.0,0.0,0.0,0.0,0.0,0.0,0.0,2.6300001
0.0,3.0,0.0,0.0,0.0,1.0,0.0,30.0,0.0,0.0,0.0,0.0,0.0,0.0,66.0,0.0,0.0,0.0,0.0,0.0,0.0,0.0,0.0,0.0,0.0,2.22
0.0,3.3600000000000003,0.0,0.0,0.0,0.0,0.0,27.766666666666666,0.0,0.0,0.0,0.0,0.0,2.3714285714285714,66.50190476190475,0.0,0.0,0.0,0.0,0.0,0.0,0.0,0.0,0.0,0.0,2.26
0.0,4.7,0.0,0.0,0.0,0.0,0.0,22.8,0.0,0.0,0.0,0.0,0.0,5.7,66.8,0.0,0.0,0.0,0.0,0.0,0.0,0.0,0.0,0.0,0.0,2.2750001
0.0,4.8,0.0,0.0,0.0,0.0,0.0,23.78,0.0,0.0,0.0,0.0,0.0,4.8,66.63,0.0,0.0,0.0,0.0,0.0,0.0,0.0,0.0,0.0,0.0,2.2590001
0.0,5.0,0.0,0.0,0.0,0.0,0.0,27.766666666666666,0.0,0.0,0.0,0.0,0.0,1.2,66.03333333333333,0.0,0.0,0.0,0.0,0.0,0.0,0.0,0.0,0.0,0.0,2.29
0.0,5.0,0.0,0.0,0.0,2.0,0.0,27.5,0.0,0.0,0.0,0.0,0.0,0.0,65.5,0.0,0.0,0.0,0.0,0.0,0.0,0.0,0.0,0.0,0.0,2.26
0.0,5.0,0.0,0.0,0.0,5.0,0.0,25.0,0.0,0.0,0.0,0.0,0.0,0.0,65.0,0.0,0.0,0.0,0.0,0.0,0.0,0.0,0.0,0.0,0.0,2.5799999
0.0,5.32,0.0,0.0,0.0,0.0,0.0,22.233333333333334,0.0,0.0,0.0,0.0,0.0,5.714285714285714,66.73238095238096,0.0,0.0,0.0,0.0,0.0,0.0,0.0,0.0,0.0,0.0,2.29
0.0,5.7,0.0,0.0,0.0,0.0,0.0,21.9,0.0,0.0,0.0,0.0,0.0,5.7,66.7,0.0,0.0,0.0,0.0,0.0,0.0,0.0,0.0,0.0,0.0,2.2850001
0.0,5.7,0.0,0.0,0.0,0.0,0.0,23.0,0.0,0.0,0.0,0.0,0.0,4.8,66.5,0.0,0.0,0.0,0.0,0.0,0.0,0.0,0.0,0.0,0.0,2.28
0.0,5.714285714285714,0.0,0.0,0.0,0.0,0.0,0.0,0.0,0.0,0.0,0.0,0.0,22.857142857142858,0.0,0.0,71.42857142857143,0.0,0.0,0.0,0.0,0.0,0.0,0.0,0.0,2.74
0.0,5.95,0.0,0.0,0.0,0.0,0.0,0.0,0.0,0.0,0.0,0.0,0.0,0.0,76.45,0.0,14.11,0.0,3.49,0.0,0.0,0.0,0.0,0.0,0.0,2.3
0.0,6.3,0.0,0.0,0.0,0.0,0.0,19.7,0.0,0.0,0.0,0.0,0.0,0.0,65.6,0.0,0.0,8.4,0.0,0.0,0.0,0.0,0.0,0.0,0.0,2.2409999
0.0,6.3,0.0,0.0,0.0,0.0,0.0,22.5,0.0,0.0,0.0,0.0,0.0,0.0,65.6,0.0,0.0,5.6,0.0,0.0,0.0,0.0,0.0,0.0,0.0,2.2520001
0.0,6.3,0.0,0.0,0.0,0.0,0.0,25.3,0.0,0.0,0.0,0.0,0.0,0.0,65.6,0.0,0.0,2.8,0.0,0.0,0.0,0.0,0.0,0.0,0.0,2.2639999
0.0,6.7,0.0,0.0,0.0,0.0,0.0,21.1,0.0,0.0,0.0,0.0,0.0,5.7,66.5,0.0,0.0,0.0,0.0,0.0,0.0,0.0,0.0,0.0,0.0,2.289
0.0,6.7,0.0,0.0,0.0,0.0,0.0,22.1,0.0,0.0,0.0,0.0,0.0,4.8,66.4,0.0,0.0,0.0,0.0,0.0,0.0,0.0,0.0,0.0,0.0,2.2780001
0.0,6.959999999999999,0.0,0.0,0.0,0.0,0.0,26.099999999999998,0.0,0.0,0.0,0.0,0.0,1.2285714285714284,65.71142857142857,0.0,0.0,0.0,0.0,0.0,0.0,0.0,0.0,0.0,0.0,2.3099998999999998
0.0,7.0,0.0,0.0,0.0,2.0,0.0,25.833333333333332,0.0,0.0,0.0,0.0,0.0,0.0,65.16666666666666,0.0,0.0,0.0,0.0,0.0,0.0,0.0,0.0,0.0,0.0,2.28
0.0,7.279999999999999,0.0,0.0,0.0,0.0,0.0,24.233333333333334,0.0,0.0,0.0,0.0,0.0,2.6,65.88666666666667,0.0,0.0,0.0,0.0,0.0,0.0,0.0,0.0,0.0,0.0,2.3199999
0.0,7.3,0.0,0.0,0.0,0.0,0.0,24.4,0.0,0.0,0.0,0.0,0.0,2.4,65.9,0.0,0.0,0.0,0.0,0.0,0.0,0.0,0.0,0.0,0.0,2.286
0.0,7.6,0.0,0.0,0.0,0.0,0.0,22.233333333333334,0.0,0.0,0.0,0.0,0.0,4.085714285714286,66.08095238095238,0.0,0.0,0.0,0.0,0.0,0.0,0.0,0.0,0.0,0.0,2.3199999
0.0,7.7,0.0,0.0,0.0,0.0,0.0,21.3,0.0,0.0,0.0,0.0,0.0,4.8,66.2,0.0,0.0,0.0,0.0,0.0,0.0,0.0,0.0,0.0,0.0,2.2980001
0.0,8.0,0.0,0.0,0.0,0.0,0.0,23.333333333333332,0.0,0.0,0.0,0.0,0.0,2.857142857142857,65.80952380952381,0.0,0.0,0.0,0.0,0.0,0.0,0.0,0.0,0.0,0.0,2.24
0.0,8.0,0.0,0.0,0.0,0.0,0.0,26.666666666666668,0.0,0.0,0.0,0.0,0.0,0.0,65.33333333333334,0.0,0.0,0.0,0.0,0.0,0.0,0.0,0.0,0.0,0.0,2.1700001
0.0,8.33,0.0,0.0,0.0,0.0,0.0,20.83,0.0,0.0,0.0,0.0,0.0,0.0,70.83,0.0,0.0,0.0,0.0,0.0,0.0,0.0,0.0,0.0,0.0,2.306
0.0,8.571428571428571,0.0,0.0,0.0,0.0,0.0,0.0,0.0,0.0,0.0,0.0,0.0,20.0,0.0,0.0,71.42857142857143,0.0,0.0,0.0,0.0,0.0,0.0,0.0,0.0,2.74
0.0,8.7,0.0,0.0,0.0,0.0,0.0,21.74,0.0,0.0,0.0,0.0,0.0,0.0,69.57,0.0,0.0,0.0,0.0,0.0,0.0,0.0,0.0,0.0,0.0,2.309
0.0,9.09,0.0,0.0,0.0,0.0,0.0,22.73,0.0,0.0,0.0,0.0,0.0,0.0,68.18,0.0,0.0,0.0,0.0,0.0,0.0,0.0,0.0,0.0,0.0,2.3099998999999998
0.0,9.1,0.0,0.0,0.0,0.0,0.0,0.0,0.0,0.0,0.0,0.0,0.0,0.0,90.9,0.0,0.0,0.0,0.0,0.0,0.0,0.0,0.0,0.0,0.0,1.97
0.0,9.352,0.0,0.0,0.0,0.0,0.0,22.209999999999997,0.0,0.0,0.0,0.0,0.0,2.8542857142857145,65.58371428571428,0.0,0.0,0.0,0.0,0.0,0.0,0.0,0.0,0.0,0.0,2.3299999
0.0,9.52,0.0,0.0,0.0,0.0,0.0,23.81,0.0,0.0,0.0,0.0,0.0,0.0,66.67,0.0,0.0,0.0,0.0,0.0,0.0,0.0,0.0,0.0,0.0,2.316
0.0,9.6,0.0,0.0,0.0,0.0,0.0,0.0,0.0,0.0,0.0,0.0,0.0,0.0,0.0,0.0,60.0,0.0,0.0,0.0,30.4,0.0,0.0,0.0,0.0,3.25
0.0,9.6,0.0,0.0,0.0,0.0,0.0,16.9,0.0,0.0,0.0,0.0,0.0,7.2,66.3,0.0,0.0,0.0,0.0,0.0,0.0,0.0,0.0,0.0,0.0,2.3169999
0.0,9.8,0.0,0.0,0.0,0.0,0.0,19.5,0.0,0.0,0.0,0.0,0.0,4.9,65.8,0.0,0.0,0.0,0.0,0.0,0.0,0.0,0.0,0.0,0.0,2.316
0.0,9.8,0.0,0.0,0.0,0.2,0.0,25.0,0.0,0.0,0.0,0.0,0.0,0.0,65.0,0.0,0.0,0.0,0.0,0.0,0.0,0.0,0.0,0.0,0.0,2.3080001
0.0,9.9,0.0,0.0,0.0,0.0,0.0,22.2,0.0,0.0,0.0,0.0,0.0,2.5,65.4,0.0,0.0,0.0,0.0,0.0,0.0,0.0,0.0,0.0,0.0,2.3139998999999998
0.0,10.0,0.0,0.0,0.0,0.0,0.0,0.0,0.0,0.0,0.0,0.0,0.0,0.0,0.0,0.0,90.0,0.0,0.0,0.0,0.0,0.0,0.0,0.0,0.0,2.6400001
0.0,10.0,0.0,0.0,0.0,0.0,0.0,0.0,0.0,0.0,0.0,0.0,0.0,0.0,90.0,0.0,0.0,0.0,0.0,0.0,0.0,0.0,0.0,0.0,0.0,2.0799999
0.0,10.0,0.0,0.0,0.0,0.0,0.0,10.0,0.0,0.0,0.0,0.0,0.0,0.0,0.0,0.0,60.0,0.0,20.0,0.0,0.0,0.0,0.0,0.0,0.0,2.8099998999999998
0.0,10.0,0.0,0.0,0.0,0.0,0.0,10.0,0.0,0.0,0.0,0.0,0.0,0.0,0.0,0.0,65.0,0.0,15.0,0.0,0.0,0.0,0.0,0.0,0.0,2.753
0.0,10.0,0.0,0.0,0.0,0.0,0.0,10.0,0.0,0.0,0.0,0.0,0.0,0.0,0.0,0.0,70.0,0.0,10.0,0.0,0.0,0.0,0.0,0.0,0.0,2.6319999999999997
0.0,10.0,0.0,0.0,0.0,0.0,0.0,10.0,0.0,0.0,0.0,0.0,0.0,0.0,0.0,0.0,80.0,0.0,0.0,0.0,0.0,0.0,0.0,0.0,0.0,2.5660000000000003
0.0,10.0,0.0,0.0,0.0,0.0,0.0,15.0,0.0,0.0,0.0,0.0,0.0,0.0,0.0,0.0,0.0,0.0,75.0,0.0,0.0,0.0,0.0,0.0,0.0,3.4000001
0.0,10.0,0.0,0.0,0.0,0.0,0.0,16.666666666666668,0.0,0.0,0.0,0.0,0.0,7.142857142857143,66.19047619047619,0.0,0.0,0.0,0.0,0.0,0.0,0.0,0.0,0.0,0.0,2.3099998999999998
0.0,10.0,0.0,0.0,0.0,0.0,0.0,20.0,0.0,0.0,0.0,0.0,0.0,0.0,65.0,0.0,0.0,5.0,0.0,0.0,0.0,0.0,0.0,0.0,0.0,2.2650001
0.0,10.0,0.0,0.0,0.0,0.0,0.0,22.5,0.0,0.0,0.0,0.0,0.0,0.0,65.0,0.0,0.0,2.5,0.0,0.0,0.0,0.0,0.0,0.0,0.0,2.283
0.0,10.0,0.0,0.0,0.0,0.0,0.0,25.0,0.0,0.0,0.0,0.0,0.0,0.0,65.0,0.0,0.0,0.0,0.0,0.0,0.0,0.0,0.0,0.0,0.0,2.3180001
0.0,10.47,0.0,0.0,0.0,0.0,0.0,0.0,0.0,0.0,0.0,0.0,0.0,0.0,89.53,0.0,0.0,0.0,0.0,0.0,0.0,0.0,0.0,0.0,0.0,2.1099999
0.0,10.53,0.0,0.0,0.0,0.0,0.0,26.32,0.0,0.0,0.0,0.0,0.0,0.0,63.16,0.0,0.0,0.0,0.0,0.0,0.0,0.0,0.0,0.0,0.0,2.289
0.0,11.1,0.0,0.0,0.0,0.0,0.0,0.0,0.0,0.0,0.0,0.0,0.0,0.0,88.9,0.0,0.0,0.0,0.0,0.0,0.0,0.0,0.0,0.0,0.0,2.1600001
0.0,11.11,0.0,0.0,0.0,0.0,0.0,27.78,0.0,0.0,0.0,0.0,0.0,0.0,61.11,0.0,0.0,0.0,0.0,0.0,0.0,0.0,0.0,0.0,0.0,2.2969999
0.0,11.32,0.0,0.0,0.0,0.0,0.0,22.233333333333334,0.0,0.0,0.0,0.0,0.0,1.4285714285714286,65.01809523809524,0.0,0.0,0.0,0.0,0.0,0.0,0.0,0.0,0.0,0.0,2.3800001
0.0,11.428571428571429,0.0,0.0,0.0,0.0,0.0,0.0,0.0,0.0,0.0,0.0,0.0,17.142857142857142,0.0,0.0,71.42857142857143,0.0,0.0,0.0,0.0,0.0,0.0,0.0,0.0,2.77
0.0,11.76,0.0,0.0,0.0,0.0,0.0,29.41,0.0,0.0,0.0,0.0,0.0,0.0,58.82,0.0,0.0,0.0,0.0,0.0,0.0,0.0,0.0,0.0,0.0,2.3199999
0.0,11.96,0.0,0.0,0.0,0.0,0.0,0.0,0.0,0.0,0.0,0.0,0.0,0.0,88.04,0.0,0.0,0.0,0.0,0.0,0.0,0.0,0.0,0.0,0.0,2.1900001000000002
0.0,12.0,0.0,0.0,0.0,0.0,0.0,16.666666666666668,0.0,0.0,0.0,0.0,0.0,5.714285714285714,65.61904761904762,0.0,0.0,0.0,0.0,0.0,0.0,0.0,0.0,0.0,0.0,2.3299999
0.0,12.0,0.0,0.0,0.0,0.0,0.0,20.0,0.0,0.0,0.0,0.0,0.0,2.857142857142857,65.14285714285714,0.0,0.0,0.0,0.0,0.0,0.0,0.0,0.0,0.0,0.0,2.3699999
0.0,12.0,0.0,0.0,0.0,0.0,0.0,33.0,0.0,0.0,0.0,0.0,0.0,0.0,0.0,0.0,55.0,0.0,0.0,0.0,0.0,0.0,0.0,0.0,0.0,2.5899999
0.0,12.5,0.0,0.0,0.0,0.0,0.0,0.0,0.0,0.0,0.0,0.0,0.0,0.0,60.0,27.5,0.0,0.0,0.0,0.0,0.0,0.0,0.0,0.0,0.0,3.0899999
0.0,12.5,0.0,0.0,0.0,0.0,0.0,0.0,0.0,0.0,0.0,0.0,0.0,0.0,87.5,0.0,0.0,0.0,0.0,0.0,0.0,0.0,0.0,0.0,0.0,2.23
0.0,12.5,0.0,0.0,0.0,0.0,0.0,31.25,0.0,0.0,0.0,0.0,0.0,0.0,56.25,0.0,0.0,0.0,0.0,0.0,0.0,0.0,0.0,0.0,0.0,2.3510001
0.0,14.0,0.0,0.0,0.0,0.0,0.0,16.666666666666668,0.0,0.0,0.0,0.0,0.0,4.285714285714286,65.04761904761905,0.0,0.0,0.0,0.0,0.0,0.0,0.0,0.0,0.0,0.0,2.3499999
0.0,14.0,0.0,0.0,0.0,0.0,0.0,18.333333333333332,0.0,0.0,0.0,0.0,0.0,2.857142857142857,64.80952380952381,0.0,0.0,0.0,0.0,0.0,0.0,0.0,0.0,0.0,0.0,2.4100001
0.0,14.0,0.0,0.0,0.0,0.0,0.0,20.0,0.0,0.0,0.0,0.0,0.0,0.0,33.0,0.0,33.0,0.0,0.0,0.0,0.0,0.0,0.0,0.0,0.0,2.5639998999999998
0.0,14.285714285714286,0.0,0.0,0.0,0.0,0.0,0.0,0.0,0.0,0.0,0.0,0.0,14.285714285714286,0.0,0.0,71.42857142857143,0.0,0.0,0.0,0.0,0.0,0.0,0.0,0.0,2.71
0.0,14.5,0.0,0.0,0.0,0.0,0.0,0.0,0.0,0.0,0.0,0.0,0.0,0.0,85.5,0.0,0.0,0.0,0.0,0.0,0.0,0.0,0.0,0.0,0.0,2.22
0.0,14.81,0.0,0.0,0.0,0.0,0.0,0.0,0.0,0.0,0.0,0.0,0.0,0.0,85.19,0.0,0.0,0.0,0.0,0.0,0.0,0.0,0.0,0.0,0.0,2.2
0.0,15.0,0.0,0.0,0.0,0.0,0.0,0.0,0.0,0.0,0.0,0.0,0.0,0.0,60.0,25.0,0.0,0.0,0.0,0.0,0.0,0.0,0.0,0.0,0.0,3.02
0.0,15.0,0.0,0.0,0.0,0.0,0.0,0.0,0.0,0.0,0.0,0.0,0.0,0.0,85.0,0.0,0.0,0.0,0.0,0.0,0.0,0.0,0.0,0.0,0.0,2.23
0.0,15.2,0.0,0.0,0.0,0.0,0.0,0.0,0.0,0.0,0.0,0.0,0.0,0.0,0.0,0.0,60.0,0.0,0.0,0.0,24.8,0.0,0.0,0.0,0.0,3.27
0.0,15.2,0.0,0.0,0.0,0.0,0.0,37.99,0.0,0.0,0.0,0.0,0.0,0.0,46.81,0.0,0.0,0.0,0.0,0.0,0.0,0.0,0.0,0.0,0.0,2.421
0.0,16.0,0.0,0.0,0.0,0.0,0.0,0.0,0.0,0.0,0.0,0.0,0.0,0.0,0.0,0.0,44.0,0.0,0.0,0.0,40.0,0.0,0.0,0.0,0.0,3.3199999
0.0,16.0,0.0,0.0,0.0,0.0,0.0,16.666666666666668,0.0,0.0,0.0,0.0,0.0,2.857142857142857,64.47619047619048,0.0,0.0,0.0,0.0,0.0,0.0,0.0,0.0,0.0,0.0,2.4000001
0.0,16.0,0.0,0.0,0.0,0.0,0.0,20.0,0.0,0.0,0.0,0.0,0.0,0.0,64.0,0.0,0.0,0.0,0.0,0.0,0.0,0.0,0.0,0.0,0.0,2.3099998999999998
0.0,16.7,0.0,0.0,0.0,0.0,0.0,0.0,0.0,0.0,0.0,0.0,0.0,0.0,83.3,0.0,0.0,0.0,0.0,0.0,0.0,0.0,0.0,0.0,0.0,2.27
0.0,17.142857142857142,0.0,0.0,0.0,0.0,0.0,0.0,0.0,0.0,0.0,0.0,0.0,11.428571428571429,0.0,0.0,71.42857142857143,0.0,0.0,0.0,0.0,0.0,0.0,0.0,0.0,2.6600001
0.0,17.17,0.0,0.0,0.0,0.0,0.0,0.0,0.0,0.0,0.0,0.0,0.0,0.0,82.83,0.0,0.0,0.0,0.0,0.0,0.0,0.0,0.0,0.0,0.0,2.23
0.0,18.0,0.0,0.0,0.0,0.0,0.0,16.666666666666668,0.0,0.0,0.0,0.0,0.0,1.4285714285714286,63.904761904761905,0.0,0.0,0.0,0.0,0.0,0.0,0.0,0.0,0.0,0.0,2.4100001
0.0,18.2,0.0,0.0,0.0,0.0,0.0,18.2,0.0,0.0,0.0,0.0,0.0,0.0,63.6,0.0,0.0,0.0,0.0,0.0,0.0,0.0,0.0,0.0,0.0,2.3929999
0.0,18.56,0.0,0.0,0.0,0.0,0.0,0.0,0.0,0.0,0.0,0.0,0.0,0.0,0.0,0.0,45.70666666666666,0.0,0.0,0.0,35.733333333333334,0.0,0.0,0.0,0.0,3.26
0.0,18.59,0.0,0.0,0.0,0.0,0.0,46.47,0.0,0.0,0.0,0.0,0.0,0.0,34.94,0.0,0.0,0.0,0.0,0.0,0.0,0.0,0.0,0.0,0.0,2.5339999
0.0,18.8,0.0,0.0,0.0,0.0,0.0,0.0,0.0,0.0,0.0,0.0,0.0,0.0,0.0,0.0,45.86666666666667,0.0,0.0,0.0,35.333333333333336,0.0,0.0,0.0,0.0,3.3099998999999998
0.0,19.2,0.0,0.0,0.0,0.0,0.0,0.0,0.0,0.0,0.0,0.0,0.0,0.0,0.0,0.0,46.13333333333333,0.0,0.0,0.0,34.666666666666664,0.0,0.0,0.0,0.0,3.22
0.0,20.0,0.0,0.0,0.0,0.0,0.0,0.0,0.0,0.0,0.0,0.0,0.0,0.0,0.0,0.0,46.66666666666667,0.0,0.0,0.0,33.333333333333336,0.0,0.0,0.0,0.0,3.1800001
0.0,20.0,0.0,0.0,0.0,0.0,0.0,0.0,0.0,0.0,0.0,0.0,0.0,0.0,0.0,0.0,80.0,0.0,0.0,0.0,0.0,0.0,0.0,0.0,0.0,2.71
0.0,20.0,0.0,0.0,0.0,0.0,0.0,0.0,0.0,0.0,0.0,0.0,0.0,0.0,0.0,5.0,0.0,30.0,45.0,0.0,0.0,0.0,0.0,0.0,0.0,2.95
0.0,20.0,0.0,0.0,0.0,0.0,0.0,0.0,0.0,0.0,0.0,0.0,0.0,0.0,46.66666666666667,0.0,0.0,0.0,0.0,0.0,33.333333333333336,0.0,0.0,0.0,0.0,2.95
0.0,20.0,0.0,0.0,0.0,0.0,0.0,0.0,0.0,0.0,0.0,0.0,0.0,0.0,60.0,20.0,0.0,0.0,0.0,0.0,0.0,0.0,0.0,0.0,0.0,2.9300001
0.0,20.0,0.0,0.0,0.0,0.0,0.0,0.0,0.0,0.0,0.0,0.0,0.0,0.0,80.0,0.0,0.0,0.0,0.0,0.0,0.0,0.0,0.0,0.0,0.0,2.32499995
0.0,20.0,0.0,0.0,0.0,0.0,0.0,0.0,0.0,0.0,0.0,0.0,0.0,8.571428571428571,0.0,0.0,71.42857142857143,0.0,0.0,0.0,0.0,0.0,0.0,0.0,0.0,2.73
0.0,20.0,0.0,0.0,0.0,0.0,0.0,10.0,0.0,0.0,0.0,0.0,0.0,0.0,0.0,0.0,0.0,0.0,70.0,0.0,0.0,0.0,0.0,0.0,0.0,3.55
0.0,20.0,0.0,0.0,0.0,0.0,0.0,20.0,0.0,0.0,0.0,0.0,0.0,0.0,0.0,0.0,60.0,0.0,0.0,0.0,0.0,0.0,0.0,0.0,0.0,2.7869999
0.0,20.0,0.0,0.0,0.0,0.0,0.0,20.0,0.0,0.0,0.0,0.0,0.0,0.0,60.0,0.0,0.0,0.0,0.0,0.0,0.0,0.0,0.0,0.0,0.0,2.279
0.0,20.0,0.0,0.0,0.0,0.0,0.0,25.0,0.0,0.0,0.0,0.0,0.0,0.0,0.0,0.0,25.0,0.0,30.0,0.0,0.0,0.0,0.0,0.0,0.0,2.95
0.0,20.4,0.0,0.0,0.0,0.0,0.0,0.0,0.0,0.0,0.0,0.0,0.0,0.0,0.0,0.0,46.93333333333334,0.0,0.0,0.0,32.666666666666664,0.0,0.0,0.0,0.0,3.27
0.0,20.52,0.0,0.0,0.0,0.0,0.0,0.0,0.0,0.0,0.0,0.0,0.0,0.0,0.0,0.0,47.01333333333333,0.0,0.0,0.0,32.46666666666667,0.0,0.0,0.0,0.0,3.22
0.0,20.79,0.0,0.0,0.0,0.0,0.0,0.0,0.0,0.0,0.0,0.0,0.0,0.0,79.21,0.0,0.0,0.0,0.0,0.0,0.0,0.0,0.0,0.0,0.0,2.27
0.0,21.080000000000002,0.0,0.0,0.0,0.0,0.0,0.0,0.0,0.0,0.0,0.0,0.0,0.0,0.0,0.0,47.38666666666667,0.0,0.0,0.0,31.53333333333333,0.0,0.0,0.0,0.0,3.22
0.0,21.2,0.0,0.0,0.0,0.0,0.0,0.0,0.0,0.0,0.0,0.0,0.0,0.0,0.0,0.0,47.46666666666667,0.0,0.0,0.0,31.333333333333332,0.0,0.0,0.0,0.0,3.3
0.0,22.2,0.0,0.0,0.0,0.0,0.0,0.0,0.0,0.0,0.0,0.0,0.0,0.0,77.8,0.0,0.0,0.0,0.0,0.0,0.0,0.0,0.0,0.0,0.0,2.3
0.0,22.240000000000002,0.0,0.0,0.0,0.0,0.0,0.0,0.0,0.0,0.0,0.0,0.0,0.0,48.16,0.0,0.0,0.0,0.0,0.0,29.599999999999998,0.0,0.0,0.0,0.0,2.8800001
0.0,22.857142857142858,0.0,0.0,0.0,0.0,0.0,0.0,0.0,0.0,0.0,0.0,0.0,5.714285714285714,0.0,0.0,71.42857142857143,0.0,0.0,0.0,0.0,0.0,0.0,0.0,0.0,2.75
0.0,23.4,0.0,0.0,0.0,0.0,0.0,0.0,0.0,0.0,0.0,0.0,0.0,0.0,48.93333333333334,0.0,0.0,0.0,0.0,0.0,27.666666666666668,0.0,0.0,0.0,0.0,2.8199999
0.0,24.0,0.0,0.0,0.0,0.0,0.0,13.333333333333334,0.0,0.0,0.0,0.0,0.0,0.0,62.66666666666667,0.0,0.0,0.0,0.0,0.0,0.0,0.0,0.0,0.0,0.0,2.3900001
0.0,24.04,0.0,0.0,0.0,0.0,0.0,12.5,0.0,0.0,0.0,0.0,0.0,0.0,0.0,0.0,5.77,0.0,57.69,0.0,0.0,0.0,0.0,0.0,0.0,3.4000001
0.0,24.04,0.0,0.0,0.0,0.0,0.0,12.5,0.0,0.0,0.0,0.0,0.0,0.0,5.77,0.0,0.0,0.0,57.69,0.0,0.0,0.0,0.0,0.0,0.0,3.4000001
0.0,24.27,0.0,0.0,0.0,0.0,0.0,12.62,0.0,0.0,0.0,0.0,0.0,0.0,4.85,0.0,0.0,0.0,58.25,0.0,0.0,0.0,0.0,0.0,0.0,3.4000001
0.0,24.4,0.0,0.0,0.0,0.0,0.0,0.0,0.0,0.0,0.0,0.0,0.0,0.0,0.0,0.0,60.0,0.0,0.0,0.0,15.6,0.0,0.0,0.0,0.0,3.1700001
0.0,24.51,0.0,0.0,0.0,0.0,0.0,12.75,0.0,0.0,0.0,0.0,0.0,0.0,0.0,0.0,3.92,0.0,58.82,0.0,0.0,0.0,0.0,0.0,0.0,3.5
0.0,24.51,0.0,0.0,0.0,0.0,0.0,12.75,0.0,0.0,0.0,0.0,0.0,0.0,3.92,0.0,0.0,0.0,58.82,0.0,0.0,0.0,0.0,0.0,0.0,3.4000001
0.0,24.75,0.0,0.0,0.0,0.0,0.0,12.87,0.0,0.0,0.0,0.0,0.0,0.0,2.97,0.0,0.0,0.0,59.41,0.0,0.0,0.0,0.0,0.0,0.0,3.5
0.0,25.0,0.0,0.0,0.0,0.0,0.0,0.0,0.0,0.0,0.0,0.0,0.0,0.0,0.0,0.0,0.0,25.0,50.0,0.0,0.0,0.0,0.0,0.0,0.0,2.9300001
0.0,25.0,0.0,0.0,0.0,0.0,0.0,0.0,0.0,0.0,0.0,0.0,0.0,0.0,60.0,15.0,0.0,0.0,0.0,0.0,0.0,0.0,0.0,0.0,0.0,2.8800001
0.0,25.0,0.0,0.0,0.0,0.0,0.0,10.0,0.0,0.0,0.0,0.0,0.0,0.0,0.0,0.0,0.0,15.0,50.0,0.0,0.0,0.0,0.0,0.0,0.0,3.0599998999999998
0.0,25.0,0.0,0.0,0.0,0.0,0.0,12.5,0.0,0.0,0.0,0.0,0.0,0.0,62.5,0.0,0.0,0.0,0.0,0.0,0.0,0.0,0.0,0.0,0.0,2.48
0.0,25.0,0.0,0.0,0.0,0.0,0.0,13.0,0.0,0.0,0.0,0.0,0.0,0.0,0.0,0.0,2.0,0.0,60.0,0.0,0.0,0.0,0.0,0.0,0.0,3.5
0.0,25.0,0.0,0.0,0.0,0.0,0.0,13.0,0.0,0.0,0.0,0.0,0.0,0.0,2.0,0.0,0.0,0.0,60.0,0.0,0.0,0.0,0.0,0.0,0.0,3.5
0.0,25.25,0.0,0.0,0.0,0.0,0.0,13.13,0.0,0.0,0.0,0.0,0.0,0.0,1.01,0.0,0.0,0.0,60.61,0.0,0.0,0.0,0.0,0.0,0.0,3.7
0.0,25.28,0.0,0.0,0.0,0.0,0.0,0.0,0.0,0.0,0.0,0.0,0.0,0.0,74.72,0.0,0.0,0.0,0.0,0.0,0.0,0.0,0.0,0.0,0.0,2.3599999
0.0,25.714285714285715,0.0,0.0,0.0,0.0,0.0,0.0,0.0,0.0,0.0,0.0,0.0,2.857142857142857,0.0,0.0,71.42857142857143,0.0,0.0,0.0,0.0,0.0,0.0,0.0,0.0,2.72
0.0,26.68,0.0,0.0,0.0,0.0,0.0,0.0,0.0,0.0,0.0,0.0,0.0,0.0,0.0,0.0,51.120000000000005,0.0,0.0,0.0,22.2,0.0,0.0,0.0,0.0,3.1600001
0.0,26.8,0.0,0.0,0.0,0.0,0.0,0.0,0.0,0.0,0.0,0.0,0.0,0.0,0.0,0.0,51.2,0.0,0.0,0.0,22.0,0.0,0.0,0.0,0.0,3.1700001
0.0,26.92,0.0,0.0,0.0,0.0,0.0,0.0,0.0,0.0,0.0,0.0,0.0,0.0,0.0,0.0,46.15,0.0,26.92,0.0,0.0,0.0,0.0,0.0,0.0,3.01
0.0,27.04,0.0,0.0,0.0,0.0,0.0,0.0,0.0,0.0,0.0,0.0,0.0,0.0,0.0,0.0,40.56,0.0,0.0,0.0,32.4,0.0,0.0,0.0,0.0,3.4000001
0.0,27.04,0.0,0.0,0.0,0.0,0.0,0.0,0.0,0.0,0.0,0.0,0.0,0.0,51.35999999999999,0.0,0.0,0.0,0.0,0.0,21.599999999999998,0.0,0.0,0.0,0.0,2.71
0.0,28.0,0.0,0.0,0.0,0.0,0.0,0.0,0.0,0.0,0.0,0.0,0.0,0.0,72.0,0.0,0.0,0.0,0.0,0.0,0.0,0.0,0.0,0.0,0.0,2.4130000000000003
0.0,28.56,0.0,0.0,0.0,0.0,0.0,0.0,0.0,0.0,0.0,0.0,0.0,0.0,0.0,0.0,42.84,0.0,0.0,0.0,28.6,0.0,0.0,0.0,0.0,3.4200001
0.0,28.571428571428573,0.0,0.0,0.0,0.0,0.0,0.0,0.0,0.0,0.0,0.0,0.0,0.0,0.0,0.0,71.42857142857143,0.0,0.0,0.0,0.0,0.0,0.0,0.0,0.0,2.6700001
0.0,28.6,0.0,0.0,0.0,0.0,0.0,0.0,0.0,0.0,0.0,0.0,0.0,0.0,71.4,0.0,0.0,0.0,0.0,0.0,0.0,0.0,0.0,0.0,0.0,2.3900001
0.0,29.67,0.0,0.0,0.0,0.0,0.0,0.0,0.0,0.0,0.0,0.0,0.0,0.0,70.33,0.0,0.0,0.0,0.0,0.0,0.0,0.0,0.0,0.0,0.0,2.3399999
0.0,30.0,0.0,0.0,0.0,0.0,0.0,0.0,0.0,0.0,0.0,0.0,0.0,0.0,0.0,0.0,50.0,0.0,20.0,0.0,0.0,0.0,0.0,0.0,0.0,2.8
0.0,30.0,0.0,0.0,0.0,0.0,0.0,0.0,0.0,0.0,0.0,0.0,0.0,0.0,0.0,0.0,60.0,0.0,0.0,0.0,10.0,0.0,0.0,0.0,0.0,3.1300001
0.0,30.0,0.0,0.0,0.0,0.0,0.0,0.0,0.0,0.0,0.0,0.0,0.0,0.0,0.0,0.0,70.0,0.0,0.0,0.0,0.0,0.0,0.0,0.0,0.0,2.8900001
0.0,30.0,0.0,0.0,0.0,0.0,0.0,0.0,0.0,0.0,0.0,0.0,0.0,0.0,60.0,10.0,0.0,0.0,0.0,0.0,0.0,0.0,0.0,0.0,0.0,2.8399999
0.0,30.0,0.0,0.0,0.0,0.0,0.0,0.0,0.0,0.0,0.0,0.0,0.0,0.0,70.0,0.0,0.0,0.0,0.0,0.0,0.0,0.0,0.0,0.0,0.0,2.5999999
0.0,30.0,0.0,0.0,0.0,0.0,0.0,10.0,0.0,0.0,0.0,0.0,0.0,0.0,0.0,0.0,60.0,0.0,0.0,0.0,0.0,0.0,0.0,0.0,0.0,2.9949999
0.0,30.0,0.0,0.0,0.0,0.0,0.0,10.0,0.0,0.0,0.0,0.0,0.0,0.0,60.0,0.0,0.0,0.0,0.0,0.0,0.0,0.0,0.0,0.0,0.0,2.253
0.0,30.0,0.0,0.0,0.0,0.0,0.0,15.0,0.0,0.0,0.0,0.0,0.0,0.0,0.0,0.0,55.0,0.0,0.0,0.0,0.0,0.0,0.0,0.0,0.0,2.9630001
0.0,30.0,0.0,0.0,0.0,0.0,0.0,20.0,0.0,0.0,0.0,0.0,0.0,0.0,0.0,0.0,50.0,0.0,0.0,0.0,0.0,0.0,0.0,0.0,0.0,2.5799999
0.0,30.32,0.0,0.0,0.0,0.0,0.0,0.0,0.0,0.0,0.0,0.0,0.0,0.0,0.0,0.0,45.48,0.0,0.0,0.0,24.2,0.0,0.0,0.0,0.0,3.26
0.0,30.76,0.0,0.0,0.0,0.0,0.0,0.0,0.0,0.0,0.0,0.0,0.0,0.0,0.0,0.0,46.14,0.0,0.0,0.0,23.1,0.0,0.0,0.0,0.0,3.28
0.0,30.76,0.0,0.0,0.0,0.0,0.0,0.0,0.0,0.0,0.0,0.0,0.0,0.0,0.0,0.0,53.84,0.0,0.0,0.0,15.4,0.0,0.0,0.0,0.0,3.1199999
0.0,30.8,0.0,0.0,0.0,0.0,0.0,0.0,0.0,0.0,0.0,0.0,0.0,0.0,0.0,0.0,53.86666666666667,0.0,0.0,0.0,15.333333333333334,0.0,0.0,0.0,0.0,3.1300001
0.0,31.24,0.0,0.0,0.0,0.0,0.0,0.0,0.0,0.0,0.0,0.0,0.0,0.0,0.0,0.0,46.86,0.0,0.0,0.0,21.9,0.0,0.0,0.0,0.0,3.29
0.0,31.28,0.0,0.0,0.0,0.0,0.0,0.0,0.0,0.0,0.0,0.0,0.0,0.0,54.18666666666667,0.0,0.0,0.0,0.0,0.0,14.533333333333333,0.0,0.0,0.0,0.0,2.6800001
0.0,31.31,0.0,0.0,0.0,0.0,0.0,0.0,0.0,0.0,0.0,0.0,0.0,0.0,24.38,0.0,19.8,0.0,24.51,0.0,0.0,0.0,0.0,0.0,0.0,3.5
0.0,32.0,0.0,0.0,0.0,0.0,0.0,0.0,0.0,0.0,0.0,0.0,0.0,0.0,68.0,0.0,0.0,0.0,0.0,0.0,0.0,0.0,0.0,0.0,0.0,2.4290000000000003
0.0,32.0,0.0,0.0,0.0,0.0,0.0,6.666666666666667,0.0,0.0,0.0,0.0,0.0,0.0,61.333333333333336,0.0,0.0,0.0,0.0,0.0,0.0,0.0,0.0,0.0,0.0,2.4200001
0.0,32.28,0.0,0.0,0.0,0.0,0.0,0.0,0.0,0.0,0.0,0.0,0.0,0.0,0.0,0.0,48.42,0.0,0.0,0.0,19.3,0.0,0.0,0.0,0.0,3.1800001
0.0,33.0,0.0,0.0,0.0,0.0,0.0,0.0,0.0,0.0,0.0,0.0,0.0,0.0,0.0,0.0,67.0,0.0,0.0,0.0,0.0,0.0,0.0,0.0,0.0,2.72
0.0,33.0,0.0,0.0,0.0,0.0,0.0,0.0,0.0,0.0,0.0,0.0,0.0,0.0,17.0,0.0,50.0,0.0,0.0,0.0,0.0,0.0,0.0,0.0,0.0,2.5999999
0.0,33.0,0.0,0.0,0.0,0.0,0.0,0.0,0.0,0.0,0.0,0.0,0.0,0.0,33.5,0.0,33.5,0.0,0.0,0.0,0.0,0.0,0.0,0.0,0.0,2.495
0.0,33.0,0.0,0.0,0.0,0.0,0.0,0.0,0.0,0.0,0.0,0.0,0.0,0.0,50.0,0.0,17.0,0.0,0.0,0.0,0.0,0.0,0.0,0.0,0.0,2.3800001
0.0,33.0,0.0,0.0,0.0,0.0,0.0,0.0,0.0,0.0,0.0,0.0,0.0,0.0,67.0,0.0,0.0,0.0,0.0,0.0,0.0,0.0,0.0,0.0,0.0,2.3199999
0.0,33.2,0.0,0.0,0.0,0.0,0.0,0.0,0.0,0.0,0.0,0.0,0.0,0.0,0.0,0.0,55.46666666666666,0.0,0.0,0.0,11.333333333333334,0.0,0.0,0.0,0.0,3.0799999
0.0,33.3,0.0,0.0,0.0,0.0,0.0,0.0,0.0,0.0,0.0,0.0,0.0,0.0,66.7,0.0,0.0,0.0,0.0,0.0,0.0,0.0,0.0,0.0,0.0,2.49
0.0,33.32,0.0,0.0,0.0,0.0,0.0,0.0,0.0,0.0,0.0,0.0,0.0,0.0,0.0,0.0,49.98,0.0,0.0,0.0,16.7,0.0,0.0,0.0,0.0,3.1500001
0.0,33.32,0.0,0.0,0.0,0.0,0.0,0.0,0.0,0.0,0.0,0.0,0.0,0.0,0.0,0.0,55.54666666666667,0.0,0.0,0.0,11.133333333333333,0.0,0.0,0.0,0.0,3.0599998999999998
0.0,33.78,0.0,0.0,0.0,0.0,0.0,0.0,0.0,0.0,0.0,0.0,0.0,0.0,66.22,0.0,0.0,0.0,0.0,0.0,0.0,0.0,0.0,0.0,0.0,2.5
0.0,34.4,0.0,0.0,0.0,0.0,0.0,0.0,0.0,0.0,0.0,0.0,0.0,0.0,0.0,0.0,60.0,0.0,0.0,0.0,5.6,0.0,0.0,0.0,0.0,3.1300001
0.0,34.8,0.0,0.0,0.0,0.0,0.0,0.0,0.0,0.0,0.0,0.0,0.0,0.0,0.0,0.0,56.53333333333334,0.0,0.0,0.0,8.666666666666666,0.0,0.0,0.0,0.0,3.05
0.0,35.0,0.0,0.0,0.0,0.0,0.0,0.0,0.0,0.0,0.0,0.0,0.0,0.0,0.0,0.0,58.0,0.0,7.0,0.0,0.0,0.0,0.0,0.0,0.0,3.1500001
0.0,35.0,0.0,0.0,0.0,0.0,0.0,0.0,0.0,0.0,0.0,0.0,0.0,0.0,0.0,0.0,65.0,0.0,0.0,0.0,0.0,0.0,0.0,0.0,0.0,2.77
0.0,35.0,0.0,0.0,0.0,0.0,0.0,0.0,0.0,0.0,0.0,0.0,0.0,0.0,60.0,5.0,0.0,0.0,0.0,0.0,0.0,0.0,0.0,0.0,0.0,2.8099998999999998
0.0,35.0,0.0,0.0,0.0,0.0,0.0,10.0,0.0,0.0,0.0,0.0,0.0,0.0,0.0,0.0,55.0,0.0,0.0,0.0,0.0,0.0,0.0,0.0,0.0,2.8670001
0.0,35.08,0.0,0.0,0.0,0.0,0.0,0.0,0.0,0.0,0.0,0.0,0.0,0.0,56.720000000000006,0.0,0.0,0.0,0.0,0.0,8.200000000000001,0.0,0.0,0.0,0.0,2.6600001
0.0,35.72,0.0,0.0,0.0,0.0,0.0,0.0,0.0,0.0,0.0,0.0,0.0,0.0,0.0,0.0,53.58,0.0,0.0,0.0,10.7,0.0,0.0,0.0,0.0,3.05
0.0,36.0,0.0,0.0,0.0,0.0,0.0,0.0,0.0,0.0,0.0,0.0,0.0,0.0,54.0,0.0,0.0,0.0,0.0,0.0,10.0,0.0,0.0,0.0,0.0,2.68
0.0,36.36,0.0,0.0,0.0,0.0,0.0,0.0,0.0,0.0,0.0,0.0,0.0,0.0,0.0,0.0,57.57333333333334,0.0,0.0,0.0,6.066666666666666,0.0,0.0,0.0,0.0,2.98
0.0,36.4,0.0,0.0,0.0,0.0,0.0,0.0,0.0,0.0,0.0,0.0,0.0,0.0,0.0,0.0,57.6,0.0,0.0,0.0,6.0,0.0,0.0,0.0,0.0,3.0
0.0,37.04,0.0,0.0,0.0,0.0,0.0,0.0,0.0,0.0,0.0,0.0,0.0,0.0,0.0,0.0,55.56,0.0,0.0,0.0,7.4,0.0,0.0,0.0,0.0,2.9200001
0.0,38.0,0.0,0.0,0.0,0.0,0.0,0.0,0.0,0.0,0.0,0.0,0.0,0.0,0.0,0.0,58.666666666666664,0.0,0.0,0.0,3.3333333333333335,0.0,0.0,0.0,0.0,2.98
0.0,38.0,0.0,0.0,0.0,0.0,0.0,0.0,0.0,0.0,0.0,0.0,0.0,0.0,0.0,0.0,60.0,0.0,0.0,0.0,2.0,0.0,0.0,0.0,0.0,3.1300001
0.0,38.0,0.0,0.0,0.0,0.0,0.0,0.0,0.0,0.0,0.0,0.0,0.0,0.0,56.0,0.0,0.0,0.0,0.0,0.0,6.0,0.0,0.0,0.0,0.0,2.69
0.0,38.08,0.0,0.0,0.0,0.0,0.0,0.0,0.0,0.0,0.0,0.0,0.0,0.0,0.0,0.0,58.720000000000006,0.0,0.0,0.0,3.1999999999999997,0.0,0.0,0.0,0.0,2.9200001
0.0,38.46,0.0,0.0,0.0,0.0,0.0,0.0,0.0,0.0,0.0,0.0,0.0,0.0,58.97333333333334,0.0,0.0,0.0,0.0,0.0,2.566666666666667,0.0,0.0,0.0,0.0,2.6500001
0.0,38.48,0.0,0.0,0.0,0.0,0.0,0.0,0.0,0.0,0.0,0.0,0.0,0.0,0.0,0.0,57.72,0.0,0.0,0.0,3.8,0.0,0.0,0.0,0.0,2.8800001
0.0,38.88,0.0,0.0,0.0,0.0,0.0,0.0,0.0,0.0,0.0,0.0,0.0,0.0,0.0,0.0,58.32,0.0,0.0,0.0,2.8,0.0,0.0,0.0,0.0,2.77
0.0,39.0,0.0,0.0,0.0,0.0,0.0,0.0,0.0,0.0,0.0,0.0,0.0,0.0,58.0,0.0,0.0,0.0,0.0,0.0,3.0,0.0,0.0,0.0,0.0,2.469
0.0,40.0,0.0,0.0,0.0,0.0,0.0,0.0,0.0,0.0,0.0,0.0,0.0,0.0,0.0,0.0,0.0,0.0,60.0,0.0,0.0,0.0,0.0,0.0,0.0,3.5
0.0,40.0,0.0,0.0,0.0,0.0,0.0,0.0,0.0,0.0,0.0,0.0,0.0,0.0,0.0,0.0,19.997999999999998,0.0,40.001999999999995,0.0,0.0,0.0,0.0,0.0,0.0,4.48
0.0,40.0,0.0,0.0,0.0,0.0,0.0,0.0,0.0,0.0,0.0,0.0,0.0,0.0,0.0,0.0,24.0,0.0,36.0,0.0,0.0,0.0,0.0,0.0,0.0,4.3400002
0.0,40.0,0.0,0.0,0.0,0.0,0.0,0.0,0.0,0.0,0.0,0.0,0.0,0.0,0.0,0.0,30.0,0.0,30.0,0.0,0.0,0.0,0.0,0.0,0.0,4.2199998
0.0,40.0,0.0,0.0,0.0,0.0,0.0,0.0,0.0,0.0,0.0,0.0,0.0,0.0,0.0,0.0,45.0,0.0,15.0,0.0,0.0,0.0,0.0,0.0,0.0,3.8699999
0.0,40.0,0.0,0.0,0.0,0.0,0.0,0.0,0.0,0.0,0.0,0.0,0.0,0.0,0.0,0.0,48.0,0.0,12.0,0.0,0.0,0.0,0.0,0.0,0.0,3.76
0.0,40.0,0.0,0.0,0.0,0.0,0.0,0.0,0.0,0.0,0.0,0.0,0.0,0.0,0.0,0.0,60.0,0.0,0.0,0.0,0.0,0.0,0.0,0.0,0.0,2.7547500124999997
0.0,40.0,0.0,0.0,0.0,0.0,0.0,0.0,0.0,0.0,0.0,0.0,0.0,0.0,40.0,0.0,20.0,0.0,0.0,0.0,0.0,0.0,0.0,0.0,0.0,2.51
0.0,40.0,0.0,0.0,0.0,0.0,0.0,0.0,0.0,0.0,0.0,0.0,0.0,0.0,60.0,0.0,0.0,0.0,0.0,0.0,0.0,0.0,0.0,0.0,0.0,2.53800003
0.0,40.0,0.0,0.0,0.0,0.0,0.0,10.0,0.0,0.0,0.0,0.0,0.0,0.0,0.0,0.0,0.0,0.0,50.0,0.0,0.0,0.0,0.0,0.0,0.0,3.3
0.0,40.0,0.0,0.0,0.0,0.0,0.0,10.0,0.0,0.0,0.0,0.0,0.0,0.0,0.0,0.0,50.0,0.0,0.0,0.0,0.0,0.0,0.0,0.0,0.0,2.812
0.0,41.9,0.0,0.0,0.0,0.0,0.0,0.0,0.0,0.0,0.0,0.0,0.0,0.0,0.0,0.0,41.9,0.0,0.0,0.0,16.2,0.0,0.0,0.0,0.0,3.23
0.0,42.0,0.0,0.0,0.0,0.0,0.0,0.0,0.0,0.0,0.0,0.0,0.0,0.0,58.0,0.0,0.0,0.0,0.0,0.0,0.0,0.0,0.0,0.0,0.0,2.5069999999999997
0.0,43.6,0.0,0.0,0.0,0.0,0.0,0.0,0.0,0.0,0.0,0.0,0.0,0.0,0.0,0.0,43.6,0.0,0.0,0.0,12.8,0.0,0.0,0.0,0.0,3.0799999
0.0,45.0,0.0,0.0,0.0,0.0,0.0,0.0,0.0,0.0,0.0,0.0,0.0,0.0,55.0,0.0,0.0,0.0,0.0,0.0,0.0,0.0,0.0,0.0,0.0,2.439
0.0,45.4,0.0,0.0,0.0,0.0,0.0,0.0,0.0,0.0,0.0,0.0,0.0,0.0,0.0,0.0,45.4,0.0,0.0,0.0,9.2,0.0,0.0,0.0,0.0,2.98
0.0,47.6,0.0,0.0,0.0,0.0,0.0,0.0,0.0,0.0,0.0,0.0,0.0,0.0,0.0,0.0,47.6,0.0,0.0,0.0,4.8,0.0,0.0,0.0,0.0,2.8599999
0.0,50.0,0.0,0.0,0.0,0.0,0.0,0.0,0.0,0.0,0.0,0.0,0.0,0.0,0.0,0.0,50.0,0.0,0.0,0.0,0.0,0.0,0.0,0.0,0.0,2.6500001
0.0,50.0,0.0,0.0,0.0,0.0,0.0,5.0,0.0,0.0,0.0,0.0,0.0,0.0,0.0,0.0,0.0,0.0,45.0,0.0,0.0,0.0,0.0,0.0,0.0,3.5
0.0,55.0,0.0,0.0,0.0,0.0,0.0,5.0,0.0,0.0,0.0,0.0,0.0,0.0,0.0,0.0,0.0,0.0,40.0,0.0,0.0,0.0,0.0,0.0,0.0,3.0999999
0.0,55.0,0.0,0.0,0.0,0.0,0.0,10.0,0.0,0.0,0.0,0.0,0.0,0.0,0.0,0.0,0.0,0.0,35.0,0.0,0.0,0.0,0.0,0.0,0.0,3.3
0.0,66.22,0.0,0.0,0.0,0.0,0.0,0.0,0.0,0.0,0.0,0.0,0.0,0.0,0.0,0.0,33.11,0.0,0.0,0.0,0.0,0.0,0.0,0.0,0.0,2.8299999
0.0,66.56,0.0,0.0,0.0,0.0,0.0,0.0,0.0,0.0,0.0,0.0,0.0,0.0,0.0,0.0,33.28,0.0,0.0,0.0,0.0,0.0,0.0,0.0,0.0,2.79
0.0,66.67,0.0,0.0,0.0,0.0,0.0,0.0,0.0,0.0,0.0,0.0,0.0,0.0,0.0,0.0,33.33,0.0,0.0,0.0,0.0,0.0,0.0,0.0,0.0,2.73
3.4,0.0,10.3,17.2,8.599999999999998,0.0,0.0,0.0,0.0,13.8,8.599999999999998,0.0,0.0,34.5,0.0,0.0,0.0,0.0,0.0,0.0,0.0,0.0,0.0,3.4,0.0,1.624
4.6,0.0,8.5,15.7,6.9,0.0,0.0,0.0,0.0,16.4,6.9,0.0,0.0,39.3,0.0,0.0,0.0,0.0,0.0,0.0,0.0,0.0,0.0,1.6,0.0,1.61
8.8,0.0,0.0,32.2,8.599999999999998,0.0,0.0,0.0,0.0,0.0,3.8,0.0,0.0,46.6,0.0,0.0,0.0,0.0,0.0,0.0,0.0,0.0,0.0,0.0,0.0,1.5835000000000001
8.9,0.0,0.0,32.5,8.599999999999998,0.0,0.0,0.0,0.0,0.0,3.8,0.0,0.0,46.1,0.0,0.0,0.0,0.0,0.0,0.0,0.0,0.0,0.0,0.0,0.0,1.5819999999999999
9.2,0.0,0.0,33.6,8.9,0.0,0.0,0.0,0.0,0.0,3.9,0.0,0.0,44.3,0.0,0.0,0.0,0.0,0.0,0.0,0.0,0.0,0.0,0.0,0.0,1.58
9.5,0.0,0.0,34.8,9.2,0.0,0.0,0.0,0.0,0.0,4.1,0.0,0.0,42.4,0.0,0.0,0.0,0.0,0.0,0.0,0.0,0.0,0.0,0.0,0.0,1.5796
10.7,0.0,0.0,38.8,10.3,0.0,0.0,0.0,0.0,0.0,4.5,0.0,0.0,35.70000000000001,0.0,0.0,0.0,0.0,0.0,0.0,0.0,0.0,0.0,0.0,0.0,1.577
17.0,0.0,0.0,38.0,0.0,0.0,0.0,0.0,0.0,0.0,0.0,0.0,0.0,40.0,0.0,0.0,0.0,0.0,0.0,0.0,0.0,0.0,0.0,5.0,0.0,1.58231
19.0,0.0,0.0,38.0,5.0,0.0,0.0,0.0,0.0,0.0,0.0,0.0,0.0,35.0,0.0,0.0,0.0,0.0,0.0,0.0,0.0,0.0,3.0,0.0,0.0,1.56859
22.0,0.0,0.0,38.0,5.0,0.0,0.0,0.0,0.0,0.0,0.0,0.0,0.0,35.0,0.0,0.0,0.0,0.0,0.0,0.0,0.0,0.0,0.0,0.0,0.0,1.59095
22.37,0.0,0.0,37.93,0.0,0.0,0.0,0.0,0.0,0.0,0.0,0.0,0.0,39.7,0.0,0.0,0.0,0.0,0.0,0.0,0.0,0.0,0.0,0.0,0.0,1.58921
27.0,0.0,0.0,38.0,0.0,0.0,0.0,0.0,0.0,0.0,0.0,0.0,0.0,35.0,0.0,0.0,0.0,0.0,0.0,0.0,0.0,0.0,0.0,0.0,0.0,1.56104
