Al,As,B,Co,Cu,Fe,Ga,Ge,Ni,P,S,Sb,Se,Sn,Te,Ti,Tl,Y,Zr,shear_modulus
0.0,0.0,0.0,0.0,0.0,0.0,0.0,0.0,0.0,0.0,0.0,0.0,60.0,0.0,40.0,0.0,0.0,0.0,0.0,5.380000033333332
0.0,0.0,0.0,0.0,0.0,0.0,0.0,0.0,0.0,0.0,0.0,0.0,79.0,0.0,21.0,0.0,0.0,0.0,0.0,4.38000005
0.0,0.0,0.0,0.0,0.0,0.0,0.0,0.0,0.0,0.0,0.0,0.0,83.0,0.0,17.0,0.0,0.0,0.0,0.0,4.599999966666666
0.0,0.0,0.0,0.0,0.0,0.0,0.0,0.0,0.0,0.0,0.0,0.0,86.0,0.0,14.0,0.0,0.0,0.0,0.0,4.1599999
0.0,0.0,0.0,0.0,0.0,0.0,0.0,0.0,0.0,0.0,0.0,0.0,93.2,0.0,6.8,0.0,0.0,0.0,0.0,3.8900000500000003
0.0,0.0,0.0,0.0,0.0,0.0,0.0,0.0,0.0,0.0,0.0,0.0,100.0,0.0,0.0,0.0,0.0,0.0,0.0,3.66527270909091
0.0,0.0,0.0,0.0,0.0,0.0,0.0,0.0,0.0,0.0,0.0,10.0,90.0,0.0,0.0,0.0,0.0,0.0,0.0,4.29
0.0,0.0,0.0,0.0,0.0,0.0,0.0,0.0,0.0,0.0,0.0,33.0,67.0,0.0,0.0,0.0,0.0,0.0,0.0,5.3400002
0.0,0.0,0.0,0.0,0.0,0.0,0.0,0.0,0.0,5.0,0.0,0.0,95.0,0.0,0.0,0.0,0.0,0.0,0.0,3.78
0.0,0.0,0.0,0.0,0.0,0.0,0.0,0.0,0.0,6.0,0.0,0.0,53.99,0.0,40.01,0.0,0.0,0.0,0.0,6.29
0.0,0.0,0.0,0.0,0.0,0.0,0.0,0.0,0.0,7.0,0.0,0.0,63.03,0.0,29.97,0.0,0.0,0.0,0.0,6.04
0.0,0.0,0.0,0.0,0.0,0.0,0.0,0.0,0.0,8.0,0.0,0.0,72.0,0.0,20.0,0.0,0.0,0.0,0.0,5.4899998
0.0,0.0,0.0,0.0,0.0,0.0,0.0,0.0,0.0,9.0,0.0,0.0,81.01,0.0,9.99,0.0,0.0,0.0,0.0,4.96
0.0,0.0,0.0,0.0,0.0,0.0,0.0,0.0,0.0,11.43,0.0,0.0,68.57,0.0,20.0,0.0,0.0,0.0,0.0,5.8099999
0.0,0.0,0.0,0.0,0.0,0.0,0.0,0.0,0.0,12.0,0.0,0.0,48.02,0.0,39.98,0.0,0.0,0.0,0.0,6.5900002
0.0,0.0,0.0,0.0,0.0,0.0,0.0,0.0,0.0,14.01,0.0,0.0,56.02,0.0,29.97,0.0,0.0,0.0,0.0,6.5100002
0.0,0.0,0.0,0.0,0.0,0.0,0.0,0.0,0.0,15.0,0.0,0.0,85.0,0.0,0.0,0.0,0.0,0.0,0.0,4.150000100000001
0.0,0.0,0.0,0.0,0.0,0.0,0.0,0.0,0.0,16.0,0.0,0.0,64.0,0.0,20.0,0.0,0.0,0.0,0.0,5.9699998
0.0,0.0,0.0,0.0,0.0,0.0,0.0,0.0,0.0,17.15,0.0,0.0,42.88,0.0,39.97,0.0,0.0,0.0,0.0,5.75
0.0,0.0,0.0,0.0,0.0,0.0,0.0,0.0,0.0,18.02,0.0,0.0,72.07,0.0,9.91,0.0,0.0,0.0,0.0,5.0500002
0.0,0.0,0.0,0.0,0.0,0.0,0.0,0.0,0.0,20.0,0.0,0.0,50.0,0.0,30.0,0.0,0.0,0.0,0.0,5.71
0.0,0.0,0.0,0.0,0.0,0.0,0.0,0.0,0.0,20.0,0.0,0.0,80.0,0.0,0.0,0.0,0.0,0.0,0.0,4.43499995
0.0,0.0,0.0,0.0,0.0,0.0,0.0,0.0,0.0,22.88,0.0,0.0,57.21,0.0,19.91,0.0,0.0,0.0,0.0,5.6399999
0.0,0.0,0.0,0.0,0.0,0.0,0.0,0.0,0.0,25.64,0.0,0.0,64.1,0.0,10.26,0.0,0.0,0.0,0.0,4.9499998
0.0,0.0,0.0,0.0,0.0,0.0,0.0,0.0,0.0,28.01,0.0,0.0,42.02,0.0,29.97,0.0,0.0,0.0,0.0,5.0700002
0.0,0.0,0.0,0.0,0.0,0.0,0.0,0.0,0.0,28.57,0.0,0.0,71.43,0.0,0.0,0.0,0.0,0.0,0.0,4.4400001
0.0,0.0,0.0,0.0,0.0,0.0,0.0,0.0,0.0,28.6,0.0,0.0,71.4,0.0,0.0,0.0,0.0,0.0,0.0,4.2800002
0.0,0.0,0.0,0.0,0.0,0.0,0.0,0.0,0.0,31.95,0.0,0.0,47.92,0.0,20.13,0.0,0.0,0.0,0.0,4.619999900000001
0.0,0.0,0.0,0.0,0.0,0.0,0.0,0.0,0.0,35.0,0.0,0.0,65.0,0.0,0.0,0.0,0.0,0.0,0.0,4.3200002
0.0,0.0,0.0,0.0,0.0,0.0,0.0,0.0,0.0,35.97,0.0,0.0,53.96,0.0,10.07,0.0,0.0,0.0,0.0,4.3899999
0.0,0.0,0.0,0.0,0.0,0.0,0.0,0.0,0.0,38.02,0.0,0.0,57.03,0.0,4.94,0.0,0.0,0.0,0.0,4.23
0.0,0.0,0.0,0.0,0.0,0.0,0.0,0.0,0.0,40.0,0.0,0.0,60.0,0.0,0.0,0.0,0.0,0.0,0.0,4.17499995
0.0,0.0,0.0,0.0,0.0,0.0,0.0,0.0,0.0,45.0,0.0,0.0,55.0,0.0,0.0,0.0,0.0,0.0,0.0,3.9000001
0.0,0.0,0.0,0.0,0.0,0.0,0.0,0.0,80.0,20.0,0.0,0.0,0.0,0.0,0.0,0.0,0.0,0.0,0.0,36.76666666666667
0.0,0.0,0.0,0.0,0.0,0.0,0.0,2.5,0.0,0.0,0.0,0.0,97.5,0.0,0.0,0.0,0.0,0.0,0.0,3.8699999
0.0,0.0,0.0,0.0,0.0,0.0,0.0,3.3,0.0,0.0,0.0,3.3,56.0,0.0,37.4,0.0,0.0,0.0,0.0,5.780000066666666
0.0,0.0,0.0,0.0,0.0,0.0,0.0,3.3,0.0,0.0,0.0,3.3,93.4,0.0,0.0,0.0,0.0,0.0,0.0,4.119999966666667
0.0,0.0,0.0,0.0,0.0,0.0,0.0,3.75,0.0,0.0,0.0,0.0,96.25,0.0,0.0,0.0,0.0,0.0,0.0,3.96
0.0,0.0,0.0,0.0,0.0,0.0,0.0,4.0,0.0,0.0,0.0,0.0,96.0,0.0,0.0,0.0,0.0,0.0,0.0,31.5
0.0,0.0,0.0,0.0,0.0,0.0,0.0,4.76,0.0,9.52,0.0,0.0,85.71,0.0,0.0,0.0,0.0,0.0,0.0,4.5999999
0.0,0.0,0.0,0.0,0.0,0.0,0.0,5.0,0.0,0.0,0.0,0.0,95.0,0.0,0.0,0.0,0.0,0.0,0.0,3.9075000500000003
0.0,0.0,0.0,0.0,0.0,0.0,0.0,5.0,0.0,0.0,0.0,10.0,85.0,0.0,0.0,0.0,0.0,0.0,0.0,5.4000001
0.0,0.0,0.0,0.0,0.0,0.0,0.0,5.0,0.0,0.0,0.0,15.0,80.0,0.0,0.0,0.0,0.0,0.0,0.0,5.7740002
0.0,0.0,0.0,0.0,0.0,0.0,0.0,5.0,0.0,0.0,0.0,20.0,75.0,0.0,0.0,0.0,0.0,0.0,0.0,6.828000099999999
0.0,0.0,0.0,0.0,0.0,0.0,0.0,5.41,0.0,27.03,0.0,0.0,67.57,0.0,0.0,0.0,0.0,0.0,0.0,4.8000002
0.0,0.0,0.0,0.0,0.0,0.0,0.0,5.66,0.0,18.87,0.0,0.0,75.47,0.0,0.0,0.0,0.0,0.0,0.0,4.9000001
0.0,0.0,0.0,0.0,0.0,0.0,0.0,6.25,0.0,0.0,0.0,0.0,93.75,0.0,0.0,0.0,0.0,0.0,0.0,4.190000100000001
0.0,0.0,0.0,0.0,0.0,0.0,0.0,6.31,0.0,0.0,0.0,27.03,66.67,0.0,0.0,0.0,0.0,0.0,0.0,7.0900002
0.0,0.0,0.0,0.0,0.0,0.0,0.0,6.69,0.0,0.0,0.0,16.68,45.95,0.0,30.67,0.0,0.0,0.0,0.0,8.550000066666668
0.0,0.0,0.0,0.0,0.0,0.0,0.0,6.69,0.0,0.0,0.0,16.68,76.62,0.0,0.0,0.0,0.0,0.0,0.0,6.940000033333334
0.0,0.0,0.0,0.0,0.0,0.0,0.0,6.7,0.0,0.0,0.0,6.7,52.0,0.0,34.6,0.0,0.0,0.0,0.0,6.63000005
0.0,0.0,0.0,0.0,0.0,0.0,0.0,6.7,0.0,0.0,0.0,6.7,86.59999999999998,0.0,0.0,0.0,0.0,0.0,0.0,5.6
0.0,0.0,0.0,0.0,0.0,0.0,0.0,6.7,0.0,0.0,0.0,6.7,86.6,0.0,0.0,0.0,0.0,0.0,0.0,5.5999999
0.0,0.0,0.0,0.0,0.0,0.0,0.0,6.7,0.0,0.0,0.0,26.7,66.6,0.0,0.0,0.0,0.0,0.0,0.0,8.8199999
0.0,0.0,0.0,0.0,0.0,0.0,0.0,7.5,0.0,0.0,0.0,0.0,92.5,0.0,0.0,0.0,0.0,0.0,0.0,4.2399998
0.0,0.0,0.0,0.0,0.0,0.0,0.0,7.5,0.0,0.0,0.0,10.0,82.5,0.0,0.0,0.0,0.0,0.0,0.0,5.764999850000001
0.0,0.0,0.0,0.0,0.0,0.0,0.0,7.5,0.0,0.0,0.0,15.0,77.5,0.0,0.0,0.0,0.0,0.0,0.0,6.3639998
0.0,0.0,0.0,0.0,0.0,0.0,0.0,7.5,0.0,0.0,0.0,20.0,72.5,0.0,0.0,0.0,0.0,0.0,0.0,7.181000200000001
0.0,0.0,0.0,0.0,0.0,0.0,0.0,8.0,0.0,0.0,0.0,0.0,92.0,0.0,0.0,0.0,0.0,0.0,0.0,25.8
0.0,0.0,0.0,0.0,0.0,0.0,0.0,8.57,0.0,0.0,0.0,5.11,61.14,0.0,25.18,0.0,0.0,0.0,0.0,6.63
0.0,0.0,0.0,0.0,0.0,0.0,0.0,9.0,0.0,0.0,0.0,0.0,91.0,0.0,0.0,0.0,0.0,0.0,0.0,4.3400002
0.0,0.0,0.0,0.0,0.0,0.0,0.0,9.91,0.0,9.01,0.0,0.0,81.08,0.0,0.0,0.0,0.0,0.0,0.0,5.0999999
0.0,0.0,0.0,0.0,0.0,0.0,0.0,10.0,0.0,0.0,0.0,0.0,54.0,0.0,36.0,0.0,0.0,0.0,0.0,6.099999966666666
0.0,0.0,0.0,0.0,0.0,0.0,0.0,10.0,0.0,0.0,0.0,0.0,75.0,0.0,15.0,0.0,0.0,0.0,0.0,5.73
0.0,0.0,0.0,0.0,0.0,0.0,0.0,10.0,0.0,0.0,0.0,0.0,90.0,0.0,0.0,0.0,0.0,0.0,0.0,4.508444333333333
0.0,0.0,0.0,0.0,0.0,0.0,0.0,10.0,0.0,0.0,0.0,3.0,77.0,0.0,10.0,0.0,0.0,0.0,0.0,6.731999900000001
0.0,0.0,0.0,0.0,0.0,0.0,0.0,10.0,0.0,0.0,0.0,5.0,85.0,0.0,0.0,0.0,0.0,0.0,0.0,5.3000002
0.0,0.0,0.0,0.0,0.0,0.0,0.0,10.0,0.0,0.0,0.0,6.0,74.0,0.0,10.0,0.0,0.0,0.0,0.0,5.6399999
0.0,0.0,0.0,0.0,0.0,0.0,0.0,10.0,0.0,0.0,0.0,10.0,48.0,0.0,32.0,0.0,0.0,0.0,0.0,7.090000066666666
0.0,0.0,0.0,0.0,0.0,0.0,0.0,10.0,0.0,0.0,0.0,10.0,80.0,0.0,0.0,0.0,0.0,0.0,0.0,5.8925
0.0,0.0,0.0,0.0,0.0,0.0,0.0,10.0,0.0,0.0,0.0,12.0,68.0,0.0,10.0,0.0,0.0,0.0,0.0,4.6290002
0.0,0.0,0.0,0.0,0.0,0.0,0.0,10.0,0.0,0.0,0.0,15.0,75.0,0.0,0.0,0.0,0.0,0.0,0.0,6.6545000000000005
0.0,0.0,0.0,0.0,0.0,0.0,0.0,10.0,0.0,0.0,0.0,20.0,70.0,0.0,0.0,0.0,0.0,0.0,0.0,8.020000166666668
0.0,0.0,0.0,0.0,0.0,0.0,0.0,10.71,0.0,17.86,0.0,0.0,71.43,0.0,0.0,0.0,0.0,0.0,0.0,5.3000002
0.0,0.0,0.0,0.0,0.0,0.0,0.0,11.0,0.0,0.0,62.2,26.8,0.0,0.0,0.0,0.0,0.0,0.0,0.0,8.53
0.0,0.0,0.0,0.0,0.0,0.0,0.0,12.0,0.0,0.0,0.0,0.0,88.0,0.0,0.0,0.0,0.0,0.0,0.0,27.3
0.0,0.0,0.0,0.0,0.0,0.0,0.0,12.31,0.0,0.0,0.0,21.02,66.67,0.0,0.0,0.0,0.0,0.0,0.0,7.809999900000001
0.0,0.0,0.0,0.0,0.0,0.0,0.0,12.5,0.0,0.0,0.0,0.0,87.5,0.0,0.0,0.0,0.0,0.0,0.0,4.79
0.0,0.0,0.0,0.0,0.0,0.0,0.0,12.5,0.0,0.0,0.0,5.0,82.5,0.0,0.0,0.0,0.0,0.0,0.0,64.3399963
0.0,0.0,0.0,0.0,0.0,0.0,0.0,12.5,0.0,0.0,0.0,10.0,77.5,0.0,0.0,0.0,0.0,0.0,0.0,6.6876666333333326
0.0,0.0,0.0,0.0,0.0,0.0,0.0,12.5,0.0,0.0,0.0,25.0,62.5,0.0,0.0,0.0,0.0,0.0,0.0,7.6999999
0.0,0.0,0.0,0.0,0.0,0.0,0.0,13.29,0.0,0.0,0.0,3.3,50.05,0.0,33.37,0.0,0.0,0.0,0.0,6.75
0.0,0.0,0.0,0.0,0.0,0.0,0.0,13.29,0.0,0.0,0.0,3.3,83.42,0.0,0.0,0.0,0.0,0.0,0.0,5.489999933333333
0.0,0.0,0.0,0.0,0.0,0.0,0.0,13.3,0.0,0.0,0.0,13.3,44.0,0.0,29.4,0.0,0.0,0.0,0.0,8.8900001
0.0,0.0,0.0,0.0,0.0,0.0,0.0,13.3,0.0,0.0,0.0,13.3,73.4,0.0,0.0,0.0,0.0,0.0,0.0,7.079999966666667
0.0,0.0,0.0,0.0,0.0,0.0,0.0,13.3,0.0,0.0,0.0,23.3,63.4,0.0,0.0,0.0,0.0,0.0,0.0,8.550000066666668
0.0,0.0,0.0,0.0,0.0,0.0,0.0,14.0,0.0,0.0,0.0,0.0,86.0,0.0,0.0,0.0,0.0,0.0,0.0,4.9400001
0.0,0.0,0.0,0.0,0.0,0.0,0.0,14.29,0.0,5.71,80.0,0.0,0.0,0.0,0.0,0.0,0.0,0.0,0.0,4.16
0.0,0.0,0.0,0.0,0.0,0.0,0.0,15.0,0.0,0.0,0.0,0.0,0.0,0.0,85.0,0.0,0.0,0.0,0.0,32.4
0.0,0.0,0.0,0.0,0.0,0.0,0.0,15.0,0.0,0.0,0.0,0.0,51.0,0.0,34.0,0.0,0.0,0.0,0.0,6.920000033333333
0.0,0.0,0.0,0.0,0.0,0.0,0.0,15.0,0.0,0.0,0.0,0.0,85.0,0.0,0.0,0.0,0.0,0.0,0.0,4.9199999666666665
0.0,0.0,0.0,0.0,0.0,0.0,0.0,15.0,0.0,0.0,0.0,5.0,80.0,0.0,0.0,0.0,0.0,0.0,0.0,5.5999999
0.0,0.0,0.0,0.0,0.0,0.0,0.0,15.0,0.0,0.0,0.0,10.0,75.0,0.0,0.0,0.0,0.0,0.0,0.0,6.757000033333334
0.0,0.0,0.0,0.0,0.0,0.0,0.0,15.0,0.0,0.0,0.0,20.0,65.0,0.0,0.0,0.0,0.0,0.0,0.0,7.858000049999999
0.0,0.0,0.0,0.0,0.0,0.0,0.0,15.0,0.0,0.0,0.0,22.0,63.0,0.0,0.0,0.0,0.0,0.0,0.0,8.300000200000001
0.0,0.0,0.0,0.0,0.0,0.0,0.0,15.0,0.0,0.0,0.0,25.0,60.0,0.0,0.0,0.0,0.0,0.0,0.0,8.74399995
0.0,0.0,0.0,0.0,0.0,0.0,0.0,15.25,0.0,8.47,0.0,0.0,76.27,0.0,0.0,0.0,0.0,0.0,0.0,5.5999999
0.0,0.0,0.0,0.0,0.0,0.0,0.0,15.25,0.0,16.95,0.0,0.0,67.8,0.0,0.0,0.0,0.0,0.0,0.0,5.6999998
0.0,0.0,0.0,0.0,0.0,0.0,0.0,16.0,0.0,0.0,0.0,0.0,84.0,0.0,0.0,0.0,0.0,0.0,0.0,27.8
0.0,0.0,0.0,0.0,0.0,0.0,0.0,16.5,0.0,0.0,0.0,0.0,83.5,0.0,0.0,0.0,0.0,0.0,0.0,5.170000099999999
0.0,0.0,0.0,0.0,0.0,0.0,0.0,16.666666666666668,0.0,0.0,63.333333333333336,20.0,0.0,0.0,0.0,0.0,0.0,0.0,0.0,7.440000099999999
0.0,0.0,0.0,0.0,0.0,0.0,0.0,16.67,0.0,0.0,0.0,0.0,83.33,0.0,0.0,0.0,0.0,0.0,0.0,28.9
0.0,0.0,0.0,0.0,0.0,0.0,0.0,16.67,0.0,0.0,0.0,20.0,63.33,0.0,0.0,0.0,0.0,0.0,0.0,7.400000049999999
0.0,0.0,0.0,0.0,0.0,0.0,0.0,16.67,0.0,0.0,83.33,0.0,0.0,0.0,0.0,0.0,0.0,0.0,0.0,31.8
0.0,0.0,0.0,0.0,0.0,0.0,0.0,16.68,0.0,0.0,0.0,6.69,45.95,0.0,30.67,0.0,0.0,0.0,0.0,8.29
0.0,0.0,0.0,0.0,0.0,0.0,0.0,16.68,0.0,0.0,0.0,6.69,76.62,0.0,0.0,0.0,0.0,0.0,0.0,6.5500001
0.0,0.0,0.0,0.0,0.0,0.0,0.0,16.68,0.0,0.0,0.0,16.68,66.63,0.0,0.0,0.0,0.0,0.0,0.0,7.989999933333333
0.0,0.0,0.0,0.0,0.0,0.0,0.0,16.72,0.0,0.0,0.0,26.63,56.66,0.0,0.0,0.0,0.0,0.0,0.0,9.6099999
0.0,0.0,0.0,0.0,0.0,0.0,0.0,17.5,0.0,0.0,0.0,0.0,82.5,0.0,0.0,0.0,0.0,0.0,0.0,5.2800002
0.0,0.0,0.0,0.0,0.0,0.0,0.0,17.5,0.0,0.0,0.0,7.5,75.0,0.0,0.0,0.0,0.0,0.0,0.0,6.345499950000001
0.0,0.0,0.0,0.0,0.0,0.0,0.0,17.5,0.0,0.0,0.0,10.0,72.5,0.0,0.0,0.0,0.0,0.0,0.0,7.3240001
0.0,0.0,0.0,0.0,0.0,0.0,0.0,17.5,0.0,0.0,0.0,15.0,67.5,0.0,0.0,0.0,0.0,0.0,0.0,7.527999900000001
0.0,0.0,0.0,0.0,0.0,0.0,0.0,17.5,0.0,0.0,0.0,20.0,62.5,0.0,0.0,0.0,0.0,0.0,0.0,8.059
0.0,0.0,0.0,0.0,0.0,0.0,0.0,17.86,0.0,7.14,75.0,0.0,0.0,0.0,0.0,0.0,0.0,0.0,0.0,4.65
0.0,0.0,0.0,0.0,0.0,0.0,0.0,18.0,0.0,0.0,0.0,0.0,82.0,0.0,0.0,0.0,0.0,0.0,0.0,4.98
0.0,0.0,0.0,0.0,0.0,0.0,0.0,18.2,0.0,0.0,0.0,18.2,63.6,0.0,0.0,0.0,0.0,0.0,0.0,7.9699998999999995
0.0,0.0,0.0,0.0,0.0,0.0,0.0,18.24,0.0,0.0,0.0,18.24,63.53,0.0,0.0,0.0,0.0,0.0,0.0,7.97
0.0,0.0,0.0,0.0,0.0,0.0,0.0,18.3,0.0,0.0,0.0,4.38,77.31999999999998,0.0,0.0,0.0,0.0,0.0,0.0,6.55
0.0,0.0,0.0,0.0,0.0,0.0,0.0,18.75,0.0,0.0,0.0,17.5,63.75,0.0,0.0,0.0,0.0,0.0,0.0,8.0480003
0.0,0.0,0.0,0.0,0.0,0.0,0.0,19.84,0.0,0.0,0.0,13.45,66.71,0.0,0.0,0.0,0.0,0.0,0.0,9.2299995
0.0,0.0,0.0,0.0,0.0,0.0,0.0,20.0,0.0,0.0,0.0,0.0,0.0,0.0,80.0,0.0,0.0,0.0,0.0,31.0
0.0,0.0,0.0,0.0,0.0,0.0,0.0,20.0,0.0,0.0,0.0,0.0,48.0,0.0,32.0,0.0,0.0,0.0,0.0,6.989999933333333
0.0,0.0,0.0,0.0,0.0,0.0,0.0,20.0,0.0,0.0,0.0,0.0,66.7,0.0,13.3,0.0,0.0,0.0,0.0,6.260000066666667
0.0,0.0,0.0,0.0,0.0,0.0,0.0,20.0,0.0,0.0,0.0,0.0,80.0,0.0,0.0,0.0,0.0,0.0,0.0,5.64923275
0.0,0.0,0.0,0.0,0.0,0.0,0.0,20.0,0.0,0.0,0.0,10.0,70.0,0.0,0.0,0.0,0.0,0.0,0.0,7.0280000000000005
0.0,0.0,0.0,0.0,0.0,0.0,0.0,20.0,0.0,0.0,0.0,15.0,65.0,0.0,0.0,0.0,0.0,0.0,0.0,7.676000099999999
0.0,0.0,0.0,0.0,0.0,0.0,0.0,20.0,0.0,0.0,0.0,16.0,64.0,0.0,0.0,0.0,0.0,0.0,0.0,7.6999998
0.0,0.0,0.0,0.0,0.0,0.0,0.0,20.0,0.0,0.0,0.0,20.0,60.0,0.0,0.0,0.0,0.0,0.0,0.0,8.689999866666666
0.0,0.0,0.0,0.0,0.0,0.0,0.0,20.0,0.0,0.0,80.0,0.0,0.0,0.0,0.0,0.0,0.0,0.0,0.0,31.1
0.0,0.0,0.0,0.0,0.0,0.0,0.0,20.0,0.0,8.0,0.0,0.0,72.0,0.0,0.0,0.0,0.0,0.0,0.0,5.6999998
0.0,0.0,0.0,0.0,0.0,0.0,0.0,20.0,0.0,11.428571428571429,68.57142857142857,0.0,0.0,0.0,0.0,0.0,0.0,0.0,0.0,4.01
0.0,0.0,0.0,0.0,0.0,0.0,0.0,20.0,0.0,16.0,0.0,0.0,64.0,0.0,0.0,0.0,0.0,0.0,0.0,6.0
0.0,0.0,0.0,0.0,0.0,0.0,0.0,20.84,0.0,0.0,0.0,15.0,64.16,0.0,0.0,0.0,0.0,0.0,0.0,7.099999950000001
0.0,0.0,0.0,0.0,0.0,0.0,0.0,21.0,0.0,0.0,0.0,9.0,70.0,0.0,0.0,0.0,0.0,0.0,0.0,6.8975
0.0,0.0,0.0,0.0,0.0,0.0,0.0,21.74,0.0,8.699999999999998,69.56,0.0,0.0,0.0,0.0,0.0,0.0,0.0,0.0,5.35
0.0,0.0,0.0,0.0,0.0,0.0,0.0,22.0,0.0,0.0,0.0,0.0,64.7,0.0,13.3,0.0,0.0,0.0,0.0,6.280000066666666
0.0,0.0,0.0,0.0,0.0,0.0,0.0,22.0,0.0,0.0,0.0,0.0,78.0,0.0,0.0,0.0,0.0,0.0,0.0,6.3
0.0,0.0,0.0,0.0,0.0,0.0,0.0,22.0,0.0,0.0,0.0,14.0,64.0,0.0,0.0,0.0,0.0,0.0,0.0,7.5
0.0,0.0,0.0,0.0,0.0,0.0,0.0,22.0,0.0,0.0,0.0,18.0,60.0,0.0,0.0,0.0,0.0,0.0,0.0,8.588709800000002
0.0,0.0,0.0,0.0,0.0,0.0,0.0,22.333333333333332,0.0,0.0,64.46666666666667,13.2,0.0,0.0,0.0,0.0,0.0,0.0,0.0,7.38
0.0,0.0,0.0,0.0,0.0,0.0,0.0,22.5,0.0,0.0,0.0,10.0,67.5,0.0,0.0,0.0,0.0,0.0,0.0,7.2885001
0.0,0.0,0.0,0.0,0.0,0.0,0.0,22.5,0.0,0.0,0.0,15.0,62.5,0.0,0.0,0.0,0.0,0.0,0.0,7.894000099999999
0.0,0.0,0.0,0.0,0.0,0.0,0.0,22.5,0.0,0.0,0.0,20.0,57.5,0.0,0.0,0.0,0.0,0.0,0.0,9.757
0.0,0.0,0.0,0.0,0.0,0.0,0.0,22.73,0.0,9.090000000000002,68.18,0.0,0.0,0.0,0.0,0.0,0.0,0.0,0.0,5.84
0.0,0.0,0.0,0.0,0.0,0.0,0.0,23.0,0.0,0.0,0.0,12.0,65.0,0.0,0.0,0.0,0.0,0.0,0.0,7.3000002
0.0,0.0,0.0,0.0,0.0,0.0,0.0,23.23,0.0,0.0,0.0,13.26,63.51,0.0,0.0,0.0,0.0,0.0,0.0,7.96
0.0,0.0,0.0,0.0,0.0,0.0,0.0,23.32,0.0,0.0,0.0,3.3,73.37,0.0,0.0,0.0,0.0,0.0,0.0,6.570000066666668
0.0,0.0,0.0,0.0,0.0,0.0,0.0,23.333333333333332,0.0,0.0,64.66666666666666,12.0,0.0,0.0,0.0,0.0,0.0,0.0,0.0,7.070000200000001
0.0,0.0,0.0,0.0,0.0,0.0,0.0,23.333333333333332,0.0,8.571428571428571,68.09523809523809,0.0,0.0,0.0,0.0,0.0,0.0,0.0,0.0,4.63
0.0,0.0,0.0,0.0,0.0,0.0,0.0,23.81,0.0,9.52,66.67,0.0,0.0,0.0,0.0,0.0,0.0,0.0,0.0,5.7
0.0,0.0,0.0,0.0,0.0,0.0,0.0,25.0,0.0,0.0,0.0,0.0,75.0,0.0,0.0,0.0,0.0,0.0,0.0,6.160731585714286
0.0,0.0,0.0,0.0,0.0,0.0,0.0,25.0,0.0,0.0,0.0,10.0,65.0,0.0,0.0,0.0,0.0,0.0,0.0,7.234285685714286
0.0,0.0,0.0,0.0,0.0,0.0,0.0,25.0,0.0,0.0,0.0,20.0,55.0,0.0,0.0,0.0,0.0,0.0,0.0,10.3000002
0.0,0.0,0.0,0.0,0.0,0.0,0.0,25.0,0.0,0.0,75.0,0.0,0.0,0.0,0.0,0.0,0.0,0.0,0.0,29.6
0.0,0.0,0.0,0.0,0.0,0.0,0.0,25.0,0.0,10.0,65.0,0.0,0.0,0.0,0.0,0.0,0.0,0.0,0.0,6.06
0.0,0.0,0.0,0.0,0.0,0.0,0.0,26.0,0.0,0.0,0.0,9.0,65.0,0.0,0.0,0.0,0.0,0.0,0.0,7.1999998
0.0,0.0,0.0,0.0,0.0,0.0,0.0,26.32,0.0,10.53,63.15,0.0,0.0,0.0,0.0,0.0,0.0,0.0,0.0,5.66
0.0,0.0,0.0,0.0,0.0,0.0,0.0,26.46,0.0,0.0,0.0,6.91,66.63,0.0,0.0,0.0,0.0,0.0,0.0,10.4399996
0.0,0.0,0.0,0.0,0.0,0.0,0.0,26.666666666666668,0.0,0.0,65.33333333333334,8.0,0.0,0.0,0.0,0.0,0.0,0.0,0.0,7.929999799999999
0.0,0.0,0.0,0.0,0.0,0.0,0.0,26.67,0.0,0.0,0.0,6.69,66.63,0.0,0.0,0.0,0.0,0.0,0.0,7.4699998999999995
0.0,0.0,0.0,0.0,0.0,0.0,0.0,27.5,0.0,0.0,0.0,10.0,62.5,0.0,0.0,0.0,0.0,0.0,0.0,9.4083334
0.0,0.0,0.0,0.0,0.0,0.0,0.0,27.666666666666668,0.0,0.0,65.53333333333333,6.8,0.0,0.0,0.0,0.0,0.0,0.0,0.0,7.03
0.0,0.0,0.0,0.0,0.0,0.0,0.0,27.666666666666668,0.0,4.857142857142857,67.47619047619048,0.0,0.0,0.0,0.0,0.0,0.0,0.0,0.0,5.84
0.0,0.0,0.0,0.0,0.0,0.0,0.0,27.78,0.0,11.11,61.11,0.0,0.0,0.0,0.0,0.0,0.0,0.0,0.0,5.68
0.0,0.0,0.0,0.0,0.0,0.0,0.0,28.0,0.0,0.0,0.0,0.0,72.0,0.0,0.0,0.0,0.0,0.0,0.0,6.1399999
0.0,0.0,0.0,0.0,0.0,0.0,0.0,28.0,0.0,0.0,0.0,6.0,66.0,0.0,0.0,0.0,0.0,0.0,0.0,7.099999900000001
0.0,0.0,0.0,0.0,0.0,0.0,0.0,28.0,0.0,0.0,0.0,12.0,60.0,0.0,0.0,0.0,0.0,0.0,0.0,8.656570033333336
0.0,0.0,0.0,0.0,0.0,0.0,0.0,29.0,0.0,0.0,0.0,0.0,71.0,0.0,0.0,0.0,0.0,0.0,0.0,31.9
0.0,0.0,0.0,0.0,0.0,0.0,0.0,29.41,0.0,11.76,58.83,0.0,0.0,0.0,0.0,0.0,0.0,0.0,0.0,6.48
0.0,0.0,0.0,0.0,0.0,0.0,0.0,30.0,0.0,0.0,0.0,10.0,60.0,0.0,0.0,0.0,0.0,0.0,0.0,8.511666633333332
0.0,0.0,0.0,0.0,0.0,0.0,0.0,30.0,0.0,2.857142857142857,67.14285714285714,0.0,0.0,0.0,0.0,0.0,0.0,0.0,0.0,6.37
0.0,0.0,0.0,0.0,0.0,0.0,0.0,30.77,0.0,0.0,69.23,0.0,0.0,0.0,0.0,0.0,0.0,0.0,0.0,29.8
0.0,0.0,0.0,0.0,0.0,0.0,0.0,31.0,0.0,0.0,0.0,0.0,69.0,0.0,0.0,0.0,0.0,0.0,0.0,29.3
0.0,0.0,0.0,0.0,0.0,0.0,0.0,32.0,0.0,0.0,0.0,8.0,60.0,0.0,0.0,0.0,0.0,0.0,0.0,8.588709800000002
0.0,0.0,0.0,0.0,0.0,0.0,0.0,32.0,0.0,0.0,0.0,10.0,58.0,0.0,0.0,0.0,0.0,0.0,0.0,9.6999999
0.0,0.0,0.0,0.0,0.0,0.0,0.0,32.0,0.0,0.0,66.4,1.6,0.0,0.0,0.0,0.0,0.0,0.0,0.0,7.809999900000001
0.0,0.0,0.0,0.0,0.0,0.0,0.0,32.5,0.0,0.0,0.0,10.0,57.5,0.0,0.0,0.0,0.0,0.0,0.0,11.2750001
0.0,0.0,0.0,0.0,0.0,0.0,0.0,33.3,0.0,0.0,66.7,0.0,0.0,0.0,0.0,0.0,0.0,0.0,0.0,8.5
0.0,0.0,0.0,0.0,0.0,0.0,0.0,33.33,0.0,0.0,0.0,0.0,66.67,0.0,0.0,0.0,0.0,0.0,0.0,25.5
0.0,0.0,0.0,0.0,0.0,0.0,0.0,33.333333333333336,0.0,0.0,66.66666666666667,0.0,0.0,0.0,0.0,0.0,0.0,0.0,0.0,9.04
0.0,0.0,0.0,0.0,0.0,0.0,0.0,33.6,0.0,0.0,0.0,0.0,66.4,0.0,0.0,0.0,0.0,0.0,0.0,11.8599997
0.0,0.0,0.0,0.0,0.0,0.0,0.0,34.0,0.0,0.0,0.0,0.0,66.0,0.0,0.0,0.0,0.0,0.0,0.0,6.4000001
0.0,0.0,0.0,0.0,0.0,0.0,0.0,36.0,0.0,0.0,0.0,0.0,64.0,0.0,0.0,0.0,0.0,0.0,0.0,7.6999999500000005
0.0,0.0,0.0,0.0,0.0,0.0,0.0,36.1,0.0,0.0,63.9,0.0,0.0,0.0,0.0,0.0,0.0,0.0,0.0,31.36
0.0,0.0,0.0,0.0,0.0,0.0,0.0,37.04,0.0,0.0,62.96,0.0,0.0,0.0,0.0,0.0,0.0,0.0,0.0,30.6
0.0,0.0,0.0,0.0,0.0,0.0,0.0,38.0,0.0,0.0,0.0,0.0,62.0,0.0,0.0,0.0,0.0,0.0,0.0,8.133333533333333
0.0,0.0,0.0,0.0,0.0,0.0,0.0,40.0,0.0,0.0,0.0,0.0,60.0,0.0,0.0,0.0,0.0,0.0,0.0,9.5
0.0,0.0,0.0,0.0,0.0,0.0,0.0,42.0,0.0,0.0,0.0,0.0,58.0,0.0,0.0,0.0,0.0,0.0,0.0,10.9000001
0.0,0.0,0.0,0.0,0.0,0.0,5.0,25.0,0.0,0.0,0.0,10.0,60.0,0.0,0.0,0.0,0.0,0.0,0.0,9.4690962
0.0,0.0,0.0,0.0,0.0,0.0,10.0,25.0,0.0,0.0,65.0,0.0,0.0,0.0,0.0,0.0,0.0,0.0,0.0,17.51
0.0,0.0,0.0,0.0,0.0,0.0,12.0,23.333333333333332,0.0,0.0,0.0,0.0,64.66666666666666,0.0,0.0,0.0,0.0,0.0,0.0,8.551069300000002
0.0,0.0,0.0,0.0,0.0,0.0,15.0,10.0,0.0,0.0,0.0,0.0,0.0,0.0,75.0,0.0,0.0,0.0,0.0,6.3709679
0.0,0.0,0.0,0.0,0.0,75.0,0.0,0.0,0.0,25.0,0.0,0.0,0.0,0.0,0.0,0.0,0.0,0.0,0.0,28.2
0.0,0.0,0.0,0.0,1.96,0.0,0.0,27.45,0.0,0.0,0.0,11.76,58.82,0.0,0.0,0.0,0.0,0.0,0.0,23.8500004
0.0,0.0,0.0,0.0,47.0,0.0,0.0,0.0,8.0,0.0,0.0,0.0,0.0,0.0,0.0,34.0,0.0,0.0,11.0,34.0
0.0,0.0,0.0,0.0,50.0,0.0,0.0,0.0,0.0,0.0,0.0,0.0,0.0,0.0,0.0,0.0,0.0,0.0,50.0,32.0
0.0,0.0,0.0,0.0,60.0,0.0,0.0,0.0,0.0,0.0,0.0,0.0,0.0,0.0,0.0,7.5,0.0,0.0,32.5,27.0
0.0,0.0,0.0,0.0,68.0,0.0,0.0,0.0,0.0,0.0,0.0,0.0,0.0,0.0,0.0,0.0,0.0,0.0,32.0,32.0
0.0,0.0,15.0,0.0,0.0,85.0,0.0,0.0,0.0,0.0,0.0,0.0,0.0,0.0,0.0,0.0,0.0,0.0,0.0,59.5
0.0,0.0,17.0,0.0,0.0,83.0,0.0,0.0,0.0,0.0,0.0,0.0,0.0,0.0,0.0,0.0,0.0,0.0,0.0,62.7
0.0,0.0,20.0,0.0,0.0,30.0,0.0,0.0,50.0,0.0,0.0,0.0,0.0,0.0,0.0,0.0,0.0,0.0,0.0,58.4
0.0,0.0,20.0,0.0,0.0,40.0,0.0,0.0,40.0,0.0,0.0,0.0,0.0,0.0,0.0,0.0,0.0,0.0,0.0,59.6
0.0,0.0,20.0,0.0,0.0,50.0,0.0,0.0,30.0,0.0,0.0,0.0,0.0,0.0,0.0,0.0,0.0,0.0,0.0,60.5
0.0,0.0,20.0,0.0,0.0,60.0,0.0,0.0,20.0,0.0,0.0,0.0,0.0,0.0,0.0,0.0,0.0,0.0,0.0,61.0
0.0,0.0,20.0,0.0,0.0,70.0,0.0,0.0,10.0,0.0,0.0,0.0,0.0,0.0,0.0,0.0,0.0,0.0,0.0,61.9
0.0,0.0,20.0,0.0,0.0,75.0,0.0,0.0,5.0,0.0,0.0,0.0,0.0,0.0,0.0,0.0,0.0,0.0,0.0,63.1
0.0,0.0,20.0,0.0,0.0,80.0,0.0,0.0,0.0,0.0,0.0,0.0,0.0,0.0,0.0,0.0,0.0,0.0,0.0,65.15
0.0,0.0,20.0,20.0,0.0,60.0,0.0,0.0,0.0,0.0,0.0,0.0,0.0,0.0,0.0,0.0,0.0,0.0,0.0,65.1
0.0,0.0,20.0,40.0,0.0,40.0,0.0,0.0,0.0,0.0,0.0,0.0,0.0,0.0,0.0,0.0,0.0,0.0,0.0,65.0
0.0,0.0,20.0,60.0,0.0,20.0,0.0,0.0,0.0,0.0,0.0,0.0,0.0,0.0,0.0,0.0,0.0,0.0,0.0,65.7
0.0,0.0,20.0,74.0,0.0,6.0,0.0,0.0,0.0,0.0,0.0,0.0,0.0,0.0,0.0,0.0,0.0,0.0,0.0,66.55000000000001
0.0,0.0,23.0,0.0,0.0,77.0,0.0,0.0,0.0,0.0,0.0,0.0,0.0,0.0,0.0,0.0,0.0,0.0,0.0,67.5
0.0,1.1,0.0,0.0,0.0,0.0,0.0,3.3,0.0,0.0,0.0,2.2,77.79999999999998,0.0,15.6,0.0,0.0,0.0,0.0,4.83
0.0,1.1,0.0,0.0,0.0,0.0,0.0,3.3,0.0,0.0,0.0,2.2,77.8,0.0,15.6,0.0,0.0,0.0,0.0,4.829999900000001
0.0,1.1,0.0,0.0,0.0,0.0,0.0,13.31,0.0,0.0,0.0,2.2,69.47,0.0,13.91,0.0,0.0,0.0,0.0,5.670000033333333
0.0,2.0,0.0,0.0,0.0,0.0,0.0,0.0,0.0,0.0,0.0,0.0,98.0,0.0,0.0,0.0,0.0,0.0,0.0,2.22
0.0,2.2,0.0,0.0,0.0,0.0,0.0,6.7,0.0,0.0,0.0,4.5,72.2,0.0,14.4,0.0,0.0,0.0,0.0,5.670000033333333
0.0,2.2,0.0,0.0,0.0,0.0,0.0,16.68,0.0,0.0,0.0,4.5,63.84,0.0,12.79,0.0,0.0,0.0,0.0,6.559999966666666
0.0,2.5,0.0,0.0,0.0,0.0,0.0,31.25,0.0,0.0,0.0,0.0,66.25,0.0,0.0,0.0,0.0,0.0,0.0,6.679999799999999
0.0,3.0,0.0,0.0,0.0,0.0,0.0,37.0,0.0,0.0,0.0,0.0,60.0,0.0,0.0,0.0,0.0,0.0,0.0,8.4130001
0.0,3.0,0.0,0.0,0.0,0.0,0.0,37.0,0.0,0.0,60.0,0.0,0.0,0.0,0.0,0.0,0.0,0.0,0.0,9.518500150000001
0.0,3.3,0.0,0.0,0.0,0.0,0.0,0.0,0.0,0.0,0.0,6.7,75.0,0.0,15.0,0.0,0.0,0.0,0.0,5.659999933333334
0.0,3.3,0.0,0.0,0.0,0.0,0.0,10.0,0.0,0.0,0.0,6.7,66.7,0.0,13.3,0.0,0.0,0.0,0.0,6.409999933333334
0.0,3.3,0.0,0.0,0.0,0.0,0.0,20.0,0.0,0.0,0.0,6.7,58.3,0.0,11.7,0.0,0.0,0.0,0.0,7.429999933333332
0.0,4.0,0.0,0.0,0.0,0.0,0.0,36.0,0.0,0.0,60.0,0.0,0.0,0.0,0.0,0.0,0.0,0.0,0.0,8.41450015
0.0,4.39,0.0,0.0,0.0,0.0,0.0,23.23,0.0,0.0,0.0,8.87,52.84,0.0,10.67,0.0,0.0,0.0,0.0,8.119999966666667
0.0,4.4,0.0,0.0,0.0,0.0,0.0,13.3,0.0,0.0,0.0,8.9,61.1,0.0,12.3,0.0,0.0,0.0,0.0,7.159999933333334
0.0,4.41,0.0,0.0,0.0,0.0,0.0,3.31,0.0,0.0,0.0,8.82,69.54,0.0,13.93,0.0,0.0,0.0,0.0,6.54
0.0,5.59,0.0,0.0,0.0,0.0,0.0,6.69,0.0,0.0,0.0,11.09,63.84,0.0,12.79,0.0,0.0,0.0,0.0,7.389999966666667
0.0,5.59,0.0,0.0,0.0,0.0,0.0,16.68,0.0,0.0,0.0,11.09,55.54,0.0,11.09,0.0,0.0,0.0,0.0,7.179999933333332
0.0,5.61,0.0,0.0,0.0,0.0,0.0,26.63,0.0,0.0,0.0,11.11,47.25,0.0,9.41,0.0,0.0,0.0,0.0,9.54
0.0,6.1,0.0,0.0,0.0,0.0,0.0,18.2,0.0,0.0,0.0,12.1,53.0,0.0,10.6,0.0,0.0,0.0,0.0,8.6099999
0.0,6.7,0.0,0.0,0.0,0.0,0.0,10.0,0.0,0.0,0.0,13.3,58.3,0.0,11.7,0.0,0.0,0.0,0.0,7.920000033333333
0.0,6.7,0.0,0.0,0.0,0.0,0.0,20.0,0.0,0.0,0.0,13.3,50.0,0.0,10.0,0.0,0.0,0.0,0.0,8.54
0.0,7.5,0.0,0.0,0.0,0.0,0.0,27.5,0.0,0.0,65.0,0.0,0.0,0.0,0.0,0.0,0.0,0.0,0.0,6.900000099999999
0.0,7.72,0.0,0.0,0.0,0.0,0.0,3.31,0.0,0.0,0.0,15.53,61.22,0.0,12.22,0.0,0.0,0.0,0.0,7.73
0.0,7.8,0.0,0.0,0.0,0.0,0.0,13.3,0.0,0.0,0.0,15.5,52.8,0.0,10.6,0.0,0.0,0.0,0.0,8.550000066666668
0.0,8.0,0.0,0.0,0.0,0.0,0.0,0.0,0.0,0.0,0.0,0.0,12.0,0.0,80.0,0.0,0.0,0.0,0.0,6.1799998
0.0,8.0,0.0,0.0,0.0,0.0,0.0,0.0,0.0,0.0,80.0,0.0,12.0,0.0,0.0,0.0,0.0,0.0,0.0,4.059999899999999
0.0,8.0,0.0,0.0,0.0,0.0,0.0,26.0,0.0,0.0,66.0,0.0,0.0,0.0,0.0,0.0,0.0,0.0,0.0,8.89
0.0,8.0,0.0,0.0,0.0,0.0,0.0,26.7,0.0,0.0,65.3,0.0,0.0,0.0,0.0,0.0,0.0,0.0,0.0,8.3400002
0.0,8.9,0.0,0.0,0.0,0.0,0.0,6.7,0.0,0.0,0.0,17.8,55.5,0.0,11.1,0.0,0.0,0.0,0.0,8.520000166666668
0.0,8.91,0.0,0.0,0.0,0.0,0.0,16.72,0.0,0.0,0.0,17.72,47.25,0.0,9.41,0.0,0.0,0.0,0.0,9.130000033333333
0.0,10.0,0.0,0.0,0.0,0.0,0.0,0.0,0.0,0.0,0.0,0.0,90.0,0.0,0.0,0.0,0.0,0.0,0.0,2.2
0.0,10.0,0.0,0.0,0.0,0.0,0.0,0.0,0.0,0.0,40.0,0.0,0.0,0.0,0.0,0.0,50.0,0.0,0.0,6.8
0.0,10.0,0.0,0.0,0.0,0.0,0.0,0.0,0.0,0.0,90.0,0.0,0.0,0.0,0.0,0.0,0.0,0.0,0.0,2.0
0.0,10.0,0.0,0.0,0.0,0.0,0.0,5.0,0.0,0.0,0.0,0.0,85.0,0.0,0.0,0.0,0.0,0.0,0.0,4.718999950000001
0.0,10.0,0.0,0.0,0.0,0.0,0.0,7.5,0.0,0.0,0.0,0.0,82.5,0.0,0.0,0.0,0.0,0.0,0.0,4.922999900000001
0.0,10.0,0.0,0.0,0.0,0.0,0.0,10.0,0.0,0.0,0.0,0.0,80.0,0.0,0.0,0.0,0.0,0.0,0.0,5.218499899999999
0.0,10.0,0.0,0.0,0.0,0.0,0.0,10.0,0.0,0.0,0.0,20.0,50.0,0.0,10.0,0.0,0.0,0.0,0.0,9.270000166666668
0.0,10.0,0.0,0.0,0.0,0.0,0.0,12.5,0.0,0.0,0.0,0.0,77.5,0.0,0.0,0.0,0.0,0.0,0.0,5.5329999999999995
0.0,10.0,0.0,0.0,0.0,0.0,0.0,15.0,0.0,0.0,0.0,0.0,0.0,0.0,75.0,0.0,0.0,0.0,0.0,9.6680001
0.0,10.0,0.0,0.0,0.0,0.0,0.0,15.0,0.0,0.0,0.0,0.0,75.0,0.0,0.0,0.0,0.0,0.0,0.0,6.08699995
0.0,10.0,0.0,0.0,0.0,0.0,0.0,17.5,0.0,0.0,0.0,0.0,72.5,0.0,0.0,0.0,0.0,0.0,0.0,6.613999799999999
0.0,10.0,0.0,0.0,0.0,0.0,0.0,20.0,0.0,0.0,0.0,0.0,70.0,0.0,0.0,0.0,0.0,0.0,0.0,6.679499850000001
0.0,10.0,0.0,0.0,0.0,0.0,0.0,22.5,0.0,0.0,0.0,0.0,67.5,0.0,0.0,0.0,0.0,0.0,0.0,6.939000099999999
0.0,10.0,0.0,0.0,0.0,0.0,0.0,25.0,0.0,0.0,65.0,0.0,0.0,0.0,0.0,0.0,0.0,0.0,0.0,6.8000002
0.0,10.0,0.0,0.0,0.0,0.0,0.0,27.5,0.0,0.0,0.0,0.0,62.5,0.0,0.0,0.0,0.0,0.0,0.0,6.866000200000001
0.0,10.0,0.0,0.0,0.0,0.0,0.0,30.0,0.0,0.0,0.0,0.0,60.0,0.0,0.0,0.0,0.0,0.0,0.0,7.285333266666668
0.0,10.0,0.0,0.0,0.0,0.0,0.0,30.0,0.0,0.0,30.0,0.0,30.0,0.0,0.0,0.0,0.0,0.0,0.0,7.035000049999999
0.0,10.0,0.0,0.0,0.0,0.0,0.0,32.5,0.0,0.0,0.0,0.0,57.5,0.0,0.0,0.0,0.0,0.0,0.0,7.646999799999999
0.0,10.0,0.0,0.0,0.0,0.0,0.0,35.0,0.0,0.0,0.0,0.0,55.0,0.0,0.0,0.0,0.0,0.0,0.0,9.352999699999998
0.0,10.0,0.0,0.0,0.0,0.0,0.0,40.0,0.0,0.0,50.0,0.0,0.0,0.0,0.0,0.0,0.0,0.0,0.0,11.72500015
0.0,10.48,0.0,0.0,0.0,0.0,0.0,0.0,0.0,0.0,0.0,0.0,89.51999999999998,0.0,0.0,0.0,0.0,0.0,0.0,3.8
0.0,11.3,0.0,0.0,0.0,0.0,0.0,0.0,0.0,0.0,88.7,0.0,0.0,0.0,0.0,0.0,0.0,0.0,0.0,2.04
0.0,12.0,0.0,0.0,0.0,0.0,0.0,0.0,0.0,0.0,88.0,0.0,0.0,0.0,0.0,0.0,0.0,0.0,0.0,1.92
0.0,12.0,0.0,0.0,0.0,0.0,0.0,23.3,0.0,0.0,64.7,0.0,0.0,0.0,0.0,0.0,0.0,0.0,0.0,7.9499998
0.0,12.0,0.0,0.0,0.0,0.0,0.0,33.0,0.0,0.0,0.0,0.0,55.0,0.0,0.0,0.0,0.0,0.0,0.0,8.243
0.0,12.896,0.0,0.0,0.0,0.0,0.0,0.0,0.0,0.0,41.934,0.0,0.0,0.0,0.0,0.0,45.18,0.0,0.0,7.4
0.0,13.0,0.0,0.0,0.0,0.0,0.0,0.0,0.0,0.0,0.0,0.0,87.0,0.0,0.0,0.0,0.0,0.0,0.0,4.5900002
0.0,13.5,0.0,0.0,0.0,0.0,0.0,0.0,0.0,0.0,86.5,0.0,0.0,0.0,0.0,0.0,0.0,0.0,0.0,2.4200001
0.0,14.5,0.0,0.0,0.0,0.0,0.0,0.0,0.0,0.0,0.0,0.0,85.5,0.0,0.0,0.0,0.0,0.0,0.0,4.5700002
0.0,14.5,0.0,0.0,0.0,0.0,0.0,4.5,0.0,0.0,0.0,0.0,81.0,0.0,0.0,0.0,0.0,0.0,0.0,4.5
0.0,15.0,0.0,0.0,0.0,0.0,0.0,0.0,0.0,0.0,0.0,0.0,85.0,0.0,0.0,0.0,0.0,0.0,0.0,4.5599999
0.0,15.0,0.0,0.0,0.0,0.0,0.0,15.0,0.0,0.0,70.0,0.0,0.0,0.0,0.0,0.0,0.0,0.0,0.0,5.35199995
0.0,15.0,0.0,0.0,0.0,0.0,0.0,20.0,0.0,0.0,65.0,0.0,0.0,0.0,0.0,0.0,0.0,0.0,0.0,6.900000099999999
0.0,15.0,0.0,0.0,0.0,0.0,0.0,35.0,0.0,0.0,0.0,0.0,50.0,0.0,0.0,0.0,0.0,0.0,0.0,9.511750025000001
0.0,16.0,0.0,0.0,0.0,0.0,0.0,0.0,0.0,0.0,0.0,0.0,24.0,0.0,0.0,0.0,60.0,0.0,0.0,6.829999900000001
0.0,16.0,0.0,0.0,0.0,0.0,0.0,0.0,0.0,0.0,0.0,0.0,24.0,0.0,60.0,0.0,0.0,0.0,0.0,5.96
0.0,16.0,0.0,0.0,0.0,0.0,0.0,0.0,0.0,0.0,60.0,0.0,24.0,0.0,0.0,0.0,0.0,0.0,0.0,5.329999900000001
0.0,16.0,0.0,0.0,0.0,0.0,0.0,0.0,0.0,0.0,84.0,0.0,0.0,0.0,0.0,0.0,0.0,0.0,0.0,2.79
0.0,16.0,0.0,0.0,0.0,0.0,0.0,20.0,0.0,0.0,64.0,0.0,0.0,0.0,0.0,0.0,0.0,0.0,0.0,7.8149999999999995
0.0,16.0,0.0,0.0,0.0,0.0,0.0,24.0,0.0,0.0,60.0,0.0,0.0,0.0,0.0,0.0,0.0,0.0,0.0,9.1999998
0.0,16.408,0.0,0.0,0.0,0.0,0.0,0.0,0.0,0.0,44.272000000000006,0.0,0.0,0.0,0.0,0.0,39.32,0.0,0.0,7.7
0.0,16.7,0.0,0.0,0.0,0.0,0.0,0.0,0.0,0.0,0.0,0.0,83.3,0.0,0.0,0.0,0.0,0.0,0.0,4.9499998
0.0,16.919999999999998,0.0,0.0,0.0,0.0,0.0,0.0,0.0,0.0,0.0,0.0,44.61333333333333,0.0,0.0,0.0,38.46666666666667,0.0,0.0,8.199999799999999
0.0,17.5,0.0,0.0,0.0,0.0,0.0,17.5,0.0,0.0,65.0,0.0,0.0,0.0,0.0,0.0,0.0,0.0,0.0,6.8000002
0.0,17.5,0.0,0.0,0.0,0.0,0.0,18.75,0.0,0.0,0.0,0.0,63.75,0.0,0.0,0.0,0.0,0.0,0.0,6.650000099999999
0.0,18.168,0.0,0.0,0.0,0.0,0.0,0.0,0.0,0.0,45.442,0.0,0.0,0.0,0.0,0.0,36.39,0.0,0.0,7.8
0.0,20.0,0.0,0.0,0.0,0.0,0.0,0.0,0.0,0.0,0.0,0.0,46.66666666666667,0.0,0.0,0.0,33.333333333333336,0.0,0.0,8.199999799999999
0.0,20.0,0.0,0.0,0.0,0.0,0.0,0.0,0.0,0.0,0.0,0.0,50.0,0.0,0.0,0.0,30.0,0.0,0.0,8.300000200000001
0.0,20.0,0.0,0.0,0.0,0.0,0.0,0.0,0.0,0.0,0.0,0.0,80.0,0.0,0.0,0.0,0.0,0.0,0.0,2.26
0.0,20.0,0.0,0.0,0.0,0.0,0.0,0.0,0.0,0.0,80.0,0.0,0.0,0.0,0.0,0.0,0.0,0.0,0.0,3.52
0.0,20.0,0.0,0.0,0.0,0.0,0.0,5.0,0.0,0.0,0.0,0.0,75.0,0.0,0.0,0.0,0.0,0.0,0.0,5.5879999
0.0,20.0,0.0,0.0,0.0,0.0,0.0,15.0,0.0,0.0,0.0,0.0,65.0,0.0,0.0,0.0,0.0,0.0,0.0,7.073499900000002
0.0,20.0,0.0,0.0,0.0,0.0,0.0,15.0,0.0,0.0,65.0,0.0,0.0,0.0,0.0,0.0,0.0,0.0,0.0,6.1999998
0.0,20.0,0.0,0.0,0.0,0.0,0.0,16.7,0.0,0.0,63.3,0.0,0.0,0.0,0.0,0.0,0.0,0.0,0.0,7.389999900000001
0.0,20.0,0.0,0.0,0.0,0.0,0.0,22.0,0.0,0.0,0.0,0.0,58.0,0.0,0.0,0.0,0.0,0.0,0.0,6.978666633333334
0.0,20.0,0.0,0.0,0.0,0.0,0.0,25.0,0.0,0.0,0.0,0.0,55.0,0.0,0.0,0.0,0.0,0.0,0.0,7.357999799999999
0.0,20.0,0.0,0.0,0.0,0.0,0.0,30.0,0.0,0.0,0.0,0.0,50.0,0.0,0.0,0.0,0.0,0.0,0.0,8.6415
0.0,20.0,0.0,0.0,0.0,0.0,0.0,33.0,0.0,0.0,0.0,0.0,47.0,0.0,0.0,0.0,0.0,0.0,0.0,10.0900001
0.0,20.0,0.0,0.0,0.0,0.0,0.0,40.0,0.0,0.0,0.0,0.0,40.0,0.0,0.0,0.0,0.0,0.0,0.0,12.1000004
0.0,21.0,0.0,0.0,0.0,0.0,0.0,0.0,0.0,0.0,79.0,0.0,0.0,0.0,0.0,0.0,0.0,0.0,0.0,3.45
0.0,21.04,0.0,0.0,0.0,0.0,0.0,0.0,0.0,0.0,47.36,0.0,0.0,0.0,0.0,0.0,31.6,0.0,0.0,7.7
0.0,22.0,0.0,0.0,0.0,0.0,0.0,11.0,0.0,0.0,0.0,0.0,67.0,0.0,0.0,0.0,0.0,0.0,0.0,6.9079999999999995
0.0,22.5,0.0,0.0,0.0,0.0,0.0,0.0,0.0,0.0,0.0,0.0,77.5,0.0,0.0,0.0,0.0,0.0,0.0,5.1900001
0.0,23.0,0.0,0.0,0.0,0.0,0.0,18.0,0.0,0.0,0.0,0.0,59.0,0.0,0.0,0.0,0.0,0.0,0.0,6.853000100000001
0.0,23.5,0.0,0.0,0.0,0.0,0.0,13.5,0.0,0.0,0.0,0.0,63.0,0.0,0.0,0.0,0.0,0.0,0.0,6.25
0.0,24.0,0.0,0.0,0.0,0.0,0.0,0.0,0.0,0.0,0.0,0.0,36.0,0.0,0.0,0.0,40.0,0.0,0.0,7.110000099999999
0.0,24.0,0.0,0.0,0.0,0.0,0.0,0.0,0.0,0.0,0.0,0.0,36.0,0.0,40.0,0.0,0.0,0.0,0.0,6.079999900000001
0.0,24.0,0.0,0.0,0.0,0.0,0.0,0.0,0.0,0.0,40.0,0.0,36.0,0.0,0.0,0.0,0.0,0.0,0.0,5.8899999
0.0,24.0,0.0,0.0,0.0,0.0,0.0,11.5,0.0,0.0,0.0,0.0,64.5,0.0,0.0,0.0,0.0,0.0,0.0,6.9079999999999995
0.0,24.0,0.0,0.0,0.0,0.0,0.0,11.5,0.0,0.0,16.13,0.0,48.37,0.0,0.0,0.0,0.0,0.0,0.0,6.8
0.0,24.0,0.0,0.0,0.0,0.0,0.0,11.5,0.0,0.0,16.13,0.0,48.38,0.0,0.0,0.0,0.0,0.0,0.0,6.599999900000001
0.0,24.0,0.0,0.0,0.0,0.0,0.0,11.5,0.0,0.0,32.25,0.0,32.25,0.0,0.0,0.0,0.0,0.0,0.0,6.775
0.0,24.0,0.0,0.0,0.0,0.0,0.0,11.5,0.0,0.0,48.38,0.0,16.13,0.0,0.0,0.0,0.0,0.0,0.0,6.4749999
0.0,24.0,0.0,0.0,0.0,0.0,0.0,11.5,0.0,0.0,64.5,0.0,0.0,0.0,0.0,0.0,0.0,0.0,0.0,6.0250001
0.0,24.0,0.0,0.0,0.0,0.0,0.0,13.0,0.0,0.0,63.0,0.0,0.0,0.0,0.0,0.0,0.0,0.0,0.0,7.279999999999999
0.0,24.0,0.0,0.0,0.0,0.0,0.0,13.3,0.0,0.0,62.7,0.0,0.0,0.0,0.0,0.0,0.0,0.0,0.0,7.0
0.0,24.0,0.0,0.0,0.0,0.0,0.0,22.0,0.0,0.0,0.0,0.0,54.0,0.0,0.0,0.0,0.0,0.0,0.0,7.2010001
0.0,24.0,0.0,0.0,0.0,0.0,0.0,24.0,0.0,0.0,0.0,0.0,52.0,0.0,0.0,0.0,0.0,0.0,0.0,7.625999950000001
0.0,25.0,0.0,0.0,0.0,0.0,0.0,0.0,0.0,0.0,0.0,0.0,75.0,0.0,0.0,0.0,0.0,0.0,0.0,5.1999998
0.0,25.0,0.0,0.0,0.0,0.0,0.0,0.0,0.0,0.0,50.0,0.0,0.0,0.0,0.0,0.0,25.0,0.0,0.0,6.8000002
0.0,25.0,0.0,0.0,0.0,0.0,0.0,0.0,0.0,0.0,75.0,0.0,0.0,0.0,0.0,0.0,0.0,0.0,0.0,1.98
0.0,25.0,0.0,0.0,0.0,0.0,0.0,10.0,0.0,0.0,65.0,0.0,0.0,0.0,0.0,0.0,0.0,0.0,0.0,6.0999999
0.0,25.0,0.0,0.0,0.0,0.0,0.0,12.5,0.0,0.0,0.0,0.0,62.5,0.0,0.0,0.0,0.0,0.0,0.0,7.001999933333334
0.0,25.0,0.0,0.0,0.0,0.0,0.0,15.0,0.0,0.0,0.0,0.0,60.0,0.0,0.0,0.0,0.0,0.0,0.0,6.8649999
0.0,25.0,0.0,0.0,0.0,0.0,0.0,20.0,0.0,0.0,0.0,0.0,25.0,0.0,30.0,0.0,0.0,0.0,0.0,8.138999850000001
0.0,25.5,0.0,0.0,0.0,0.0,0.0,0.0,0.0,0.0,0.0,0.0,74.5,0.0,0.0,0.0,0.0,0.0,0.0,5.2800002
0.0,25.5,0.0,0.0,0.0,0.0,0.0,0.0,0.0,0.0,74.5,0.0,0.0,0.0,0.0,0.0,0.0,0.0,0.0,4.02
0.0,26.96,0.0,0.0,0.0,0.0,0.0,0.0,0.0,0.0,0.0,0.0,51.30666666666667,0.0,0.0,0.0,21.733333333333334,0.0,0.0,7.900000099999999
0.0,28.0,0.0,0.0,0.0,0.0,0.0,0.0,0.0,0.0,72.0,0.0,0.0,0.0,0.0,0.0,0.0,0.0,0.0,4.285
0.0,28.0,0.0,0.0,0.0,0.0,0.0,10.0,0.0,0.0,62.0,0.0,0.0,0.0,0.0,0.0,0.0,0.0,0.0,6.6999998
0.0,28.0,0.0,0.0,0.0,0.0,0.0,18.0,0.0,0.0,0.0,0.0,54.0,0.0,0.0,0.0,0.0,0.0,0.0,6.8000001
0.0,28.156,0.0,0.0,0.0,0.0,0.0,0.0,0.0,0.0,52.104,0.0,0.0,0.0,0.0,0.0,19.74,0.0,0.0,7.6
0.0,28.17,0.0,0.0,0.0,0.0,0.0,0.0,0.0,0.0,52.11,0.0,0.0,0.0,0.0,0.0,19.72,0.0,0.0,7.400000099999999
0.0,28.5,0.0,0.0,0.0,0.0,0.0,0.0,0.0,0.0,0.0,0.0,71.5,0.0,0.0,0.0,0.0,0.0,0.0,5.6599998
0.0,28.57,0.0,0.0,0.0,0.0,0.0,0.0,0.0,0.0,0.0,0.0,71.43000000000002,0.0,0.0,0.0,0.0,0.0,0.0,5.88
0.0,28.7,0.0,0.0,0.0,0.0,0.0,0.0,0.0,0.0,71.3,0.0,0.0,0.0,0.0,0.0,0.0,0.0,0.0,4.25
0.0,30.0,0.0,0.0,0.0,0.0,0.0,0.0,0.0,0.0,0.0,0.0,50.0,0.0,20.0,0.0,0.0,0.0,0.0,7.0703125
0.0,30.0,0.0,0.0,0.0,0.0,0.0,0.0,0.0,0.0,0.0,0.0,70.0,0.0,0.0,0.0,0.0,0.0,0.0,2.495
0.0,30.0,0.0,0.0,0.0,0.0,0.0,5.0,0.0,0.0,0.0,0.0,65.0,0.0,0.0,0.0,0.0,0.0,0.0,6.762000049999999
0.0,30.0,0.0,0.0,0.0,0.0,0.0,5.0,0.0,0.0,65.0,0.0,0.0,0.0,0.0,0.0,0.0,0.0,0.0,6.0
0.0,30.0,0.0,0.0,0.0,0.0,0.0,10.0,0.0,0.0,0.0,0.0,60.0,0.0,0.0,0.0,0.0,0.0,0.0,7.1930000000000005
0.0,30.0,0.0,0.0,0.0,0.0,0.0,20.0,0.0,0.0,0.0,0.0,50.0,0.0,0.0,0.0,0.0,0.0,0.0,6.86000005
0.0,30.0,0.0,0.0,0.0,0.0,0.0,30.0,0.0,0.0,0.0,0.0,40.0,0.0,0.0,0.0,0.0,0.0,0.0,9.3000002
0.0,30.919999999999998,0.0,0.0,0.0,0.0,0.0,0.0,0.0,0.0,0.0,0.0,53.94666666666666,0.0,0.0,0.0,15.133333333333333,0.0,0.0,7.599999900000001
0.0,31.0,0.0,0.0,0.0,0.0,0.0,0.0,0.0,0.0,0.0,0.0,69.0,0.0,0.0,0.0,0.0,0.0,0.0,5.8499999
0.0,31.06,0.0,0.0,0.0,0.0,0.0,0.0,0.0,0.0,54.04,0.0,0.0,0.0,0.0,0.0,14.91,0.0,0.0,7.6999998
0.0,32.0,0.0,0.0,0.0,0.0,0.0,0.0,0.0,0.0,0.0,0.0,48.0,0.0,0.0,0.0,20.0,0.0,0.0,7.280000200000001
0.0,32.0,0.0,0.0,0.0,0.0,0.0,0.0,0.0,0.0,0.0,0.0,48.0,0.0,20.0,0.0,0.0,0.0,0.0,6.1500001
0.0,32.0,0.0,0.0,0.0,0.0,0.0,0.0,0.0,0.0,0.0,0.0,65.0,3.0,0.0,0.0,0.0,0.0,0.0,7.099999950000001
0.0,32.0,0.0,0.0,0.0,0.0,0.0,0.0,0.0,0.0,20.0,0.0,48.0,0.0,0.0,0.0,0.0,0.0,0.0,6.23
0.0,32.0,0.0,0.0,0.0,0.0,0.0,6.7,0.0,0.0,61.3,0.0,0.0,0.0,0.0,0.0,0.0,0.0,0.0,6.619999900000001
0.0,32.0,0.0,0.0,0.0,0.0,0.0,7.0,0.0,0.0,61.0,0.0,0.0,0.0,0.0,0.0,0.0,0.0,0.0,6.675000000000001
0.0,32.26,0.0,0.0,0.0,0.0,0.0,0.0,0.0,0.0,54.84,0.0,0.0,0.0,0.0,0.0,12.9,0.0,0.0,7.8000002
0.0,32.5,0.0,0.0,0.0,0.0,0.0,6.25,0.0,0.0,0.0,0.0,61.25,0.0,0.0,0.0,0.0,0.0,0.0,6.71
0.0,32.5,0.0,0.0,0.0,0.0,0.0,22.5,0.0,0.0,0.0,0.0,45.0,0.0,0.0,0.0,0.0,0.0,0.0,6.40000005
0.0,32.5,0.0,0.0,0.0,0.0,0.0,32.5,0.0,0.0,35.0,0.0,0.0,0.0,0.0,0.0,0.0,0.0,0.0,20.0
0.0,33.0,0.0,0.0,0.0,0.0,0.0,0.0,0.0,0.0,0.0,0.0,65.0,2.0,0.0,0.0,0.0,0.0,0.0,6.5
0.0,33.0,0.0,0.0,0.0,0.0,0.0,0.0,0.0,0.0,67.0,0.0,0.0,0.0,0.0,0.0,0.0,0.0,0.0,4.6399999
0.0,33.3,0.0,0.0,0.0,0.0,0.0,0.0,0.0,0.0,0.0,0.0,50.0,0.0,0.0,0.0,16.7,0.0,0.0,7.599999900000001
0.0,33.33,0.0,0.0,0.0,0.0,0.0,33.33,0.0,0.0,0.0,0.0,0.0,0.0,33.33,0.0,0.0,0.0,0.0,7.65299995
0.0,33.33,0.0,0.0,0.0,0.0,0.0,33.33,0.0,0.0,0.0,0.0,16.67,0.0,16.67,0.0,0.0,0.0,0.0,11.979999750000001
0.0,33.33,0.0,0.0,0.0,0.0,0.0,33.33,0.0,0.0,33.34,0.0,0.0,0.0,0.0,0.0,0.0,0.0,0.0,20.4
0.0,33.5,0.0,0.0,0.0,0.0,0.0,0.0,0.0,0.0,0.0,0.0,66.5,0.0,0.0,0.0,0.0,0.0,0.0,6.130000099999999
0.0,33.9,0.0,0.0,0.0,0.0,0.0,0.0,0.0,0.0,55.93,0.0,0.0,0.0,0.0,0.0,10.17,0.0,0.0,7.6999998
0.0,34.0,0.0,0.0,0.0,0.0,0.0,0.0,0.0,0.0,0.0,0.0,65.0,1.0,0.0,0.0,0.0,0.0,0.0,6.3000001
0.0,34.0,0.0,0.0,0.0,0.0,0.0,15.0,0.0,0.0,0.0,0.0,51.0,0.0,0.0,0.0,0.0,0.0,0.0,6.359999999999999
0.0,35.0,0.0,0.0,0.0,0.0,0.0,0.0,0.0,0.0,0.0,0.0,65.0,0.0,0.0,0.0,0.0,0.0,0.0,5.8899999
0.0,35.0,0.0,0.0,0.0,0.0,0.0,0.0,0.0,0.0,65.0,0.0,0.0,0.0,0.0,0.0,0.0,0.0,0.0,5.3699999
0.0,35.0,0.0,0.0,0.0,0.0,0.0,7.5,0.0,0.0,0.0,0.0,57.5,0.0,0.0,0.0,0.0,0.0,0.0,6.4890001
0.0,35.239999999999995,0.0,0.0,0.0,0.0,0.0,0.0,0.0,0.0,0.0,0.0,56.82666666666666,0.0,0.0,0.0,7.933333333333334,0.0,0.0,7.6999998
0.0,35.69,0.0,0.0,0.0,0.0,0.0,0.0,0.0,0.0,0.0,0.0,64.31,0.0,0.0,0.0,0.0,0.0,0.0,6.380000099999999
0.0,36.0,0.0,0.0,0.0,0.0,0.0,0.0,0.0,0.0,0.0,0.0,27.0,0.0,27.0,0.0,9.99,0.0,0.0,7.73
0.0,36.0,0.0,0.0,0.0,0.0,0.0,3.3,0.0,0.0,60.7,0.0,0.0,0.0,0.0,0.0,0.0,0.0,0.0,6.48
0.0,36.4,0.0,0.0,0.0,0.0,0.0,0.0,0.0,0.0,0.0,0.0,63.6,0.0,0.0,0.0,0.0,0.0,0.0,6.746666666666666
0.0,36.9,0.0,0.0,0.0,0.0,0.0,0.0,0.0,0.0,57.93,0.0,0.0,0.0,0.0,0.0,5.17,0.0,0.0,7.599999900000001
0.0,37.0,0.0,0.0,0.0,0.0,0.0,0.0,0.0,0.0,0.0,0.0,60.0,3.0,0.0,0.0,0.0,0.0,0.0,6.8000001
0.0,37.0,0.0,0.0,0.0,0.0,0.0,0.0,0.0,0.0,0.0,0.0,63.0,0.0,0.0,0.0,0.0,0.0,0.0,6.619999900000001
0.0,37.0,0.0,0.0,0.0,0.0,0.0,27.0,0.0,0.0,0.0,0.0,36.0,0.0,0.0,0.0,0.0,0.0,0.0,10.3999998
0.0,37.2,0.0,0.0,0.0,0.0,0.0,0.0,0.0,0.0,0.0,0.0,27.9,0.0,27.9,0.0,6.99,0.0,0.0,7.6599998
0.0,38.0,0.0,0.0,0.0,0.0,0.0,0.0,0.0,0.0,0.0,0.0,60.0,2.0,0.0,0.0,0.0,0.0,0.0,6.6999999
0.0,38.0,0.0,0.0,0.0,0.0,0.0,0.0,0.0,0.0,0.0,0.0,62.0,0.0,0.0,0.0,0.0,0.0,0.0,6.9099999
0.0,38.0,0.0,0.0,0.0,0.0,0.0,5.0,0.0,0.0,0.0,0.0,57.0,0.0,0.0,0.0,0.0,0.0,0.0,6.4099999
0.0,38.83,0.0,0.0,0.0,0.0,0.0,0.0,0.0,0.0,0.0,0.0,29.13,0.0,29.13,0.0,2.91,0.0,0.0,7.3000002
0.0,39.0,0.0,0.0,0.0,0.0,0.0,0.0,0.0,0.0,0.0,0.0,58.0,3.0,0.0,0.0,0.0,0.0,0.0,7.400000049999999
0.0,39.0,0.0,0.0,0.0,0.0,0.0,0.0,0.0,0.0,0.0,0.0,60.0,1.0,0.0,0.0,0.0,0.0,0.0,7.099999950000001
0.0,39.06,0.0,0.0,0.0,0.0,2.34,0.0,0.0,0.0,0.0,0.0,14.65,0.0,43.95,0.0,0.0,0.0,0.0,8.6000004
0.0,39.06,0.0,0.0,0.0,0.0,2.34,0.0,0.0,0.0,0.0,0.0,43.95,0.0,14.65,0.0,0.0,0.0,0.0,7.179999799999999
0.0,39.06,0.0,0.0,0.0,0.0,2.34,0.0,0.0,0.0,0.0,0.0,58.59,0.0,0.0,0.0,0.0,0.0,0.0,6.369999900000001
0.0,39.44,0.0,0.0,0.0,0.0,0.0,0.0,0.0,0.0,59.96,0.0,0.0,0.0,0.0,0.0,0.0,0.0,0.0,6.7600002
0.0,39.53,0.0,0.0,0.0,0.0,1.19,0.0,0.0,0.0,0.0,0.0,29.64,0.0,29.64,0.0,0.0,0.0,0.0,7.099999900000001
0.0,39.6,0.0,0.0,0.0,0.0,0.0,0.0,0.0,0.0,0.0,0.0,29.7,0.0,29.7,0.0,0.0,0.0,0.0,6.7950001
0.0,39.6,0.0,0.0,0.0,0.0,0.0,0.0,0.0,0.0,0.0,0.0,29.7,0.0,29.7,0.0,0.99,0.0,0.0,6.900000099999999
0.0,39.68,0.0,0.0,0.0,0.0,0.79,0.0,0.0,0.0,0.0,0.0,29.76,0.0,29.76,0.0,0.0,0.0,0.0,6.650000099999999
0.0,39.76,0.0,0.0,0.0,0.0,0.0,0.0,0.0,0.0,59.84,0.0,0.0,0.0,0.0,0.0,0.0,0.0,0.0,6.719999799999999
0.0,39.8,0.0,0.0,0.0,0.0,0.5,0.0,0.0,0.0,0.0,0.0,29.85,0.0,29.85,0.0,0.0,0.0,0.0,6.98
0.0,39.91,0.0,0.0,0.0,0.0,0.0,0.0,0.0,0.0,59.89,0.0,0.0,0.0,0.0,0.0,0.0,0.0,0.0,6.940000099999999
0.0,39.92,0.0,0.0,0.0,0.0,0.2,0.0,0.0,0.0,0.0,0.0,29.94,0.0,29.94,0.0,0.0,0.0,0.0,6.860000099999999
0.0,39.96,0.0,0.0,0.0,0.0,0.0,0.0,0.0,0.0,0.0,0.0,29.97,0.0,29.97,0.0,0.0,0.0,0.0,6.81500005
0.0,39.96,0.0,0.0,0.0,0.0,0.0,0.0,0.0,0.0,0.0,0.0,29.97,0.0,29.97,0.0,0.1,0.0,0.0,6.6999998
0.0,39.96,0.0,0.0,0.0,0.0,0.1,0.0,0.0,0.0,0.0,0.0,29.97,0.0,29.97,0.0,0.0,0.0,0.0,6.5500002
0.0,40.0,0.0,0.0,0.0,0.0,0.0,0.0,0.0,0.0,0.0,0.0,0.0,0.0,60.0,0.0,0.0,0.0,0.0,30.1
0.0,40.0,0.0,0.0,0.0,0.0,0.0,0.0,0.0,0.0,0.0,0.0,30.0,0.0,30.0,0.0,0.0,0.0,0.0,6.719999799999999
0.0,40.0,0.0,0.0,0.0,0.0,0.0,0.0,0.0,0.0,0.0,0.0,50.0,0.0,0.0,0.0,10.0,0.0,0.0,7.400000099999999
0.0,40.0,0.0,0.0,0.0,0.0,0.0,0.0,0.0,0.0,0.0,0.0,56.0,4.0,0.0,0.0,0.0,0.0,0.0,6.599999950000001
0.0,40.0,0.0,0.0,0.0,0.0,0.0,0.0,0.0,0.0,0.0,0.0,58.0,2.0,0.0,0.0,0.0,0.0,0.0,6.599999950000001
0.0,40.0,0.0,0.0,0.0,0.0,0.0,0.0,0.0,0.0,0.0,0.0,59.0,1.0,0.0,0.0,0.0,0.0,0.0,6.8000001
0.0,40.0,0.0,0.0,0.0,0.0,0.0,0.0,0.0,0.0,0.0,0.0,60.0,0.0,0.0,0.0,0.0,0.0,0.0,6.599999900000001
0.0,40.0,0.0,0.0,0.0,0.0,0.0,0.0,0.0,0.0,15.0,0.0,45.0,0.0,0.0,0.0,0.0,0.0,0.0,6.4299998
0.0,40.0,0.0,0.0,0.0,0.0,0.0,0.0,0.0,0.0,30.0,0.0,30.0,0.0,0.0,0.0,0.0,0.0,0.0,6.630000099999999
0.0,40.0,0.0,0.0,0.0,0.0,0.0,0.0,0.0,0.0,45.0,0.0,15.0,0.0,0.0,0.0,0.0,0.0,0.0,5.920000099999999
0.0,40.0,0.0,0.0,0.0,0.0,0.0,0.0,0.0,0.0,59.4,0.0,0.0,0.0,0.0,0.0,0.0,0.0,0.0,6.829999900000001
0.0,40.0,0.0,0.0,0.0,0.0,0.0,0.0,0.0,0.0,60.0,0.0,0.0,0.0,0.0,0.0,0.0,0.0,0.0,6.294047624999999
0.0,40.0,0.0,0.0,0.0,0.0,0.0,10.0,0.0,0.0,0.0,0.0,50.0,0.0,0.0,0.0,0.0,0.0,0.0,6.3000002
0.0,40.0,0.0,0.0,0.0,0.0,0.0,20.0,0.0,0.0,0.0,0.0,40.0,0.0,0.0,0.0,0.0,0.0,0.0,7.3000002
0.0,40.0,0.0,0.0,0.0,0.0,0.0,30.0,0.0,0.0,0.0,0.0,30.0,0.0,0.0,0.0,0.0,0.0,0.0,11.1000002
0.0,40.0,0.0,0.0,0.0,0.0,0.0,35.0,0.0,0.0,25.0,0.0,0.0,0.0,0.0,0.0,0.0,0.0,0.0,16.47999965
0.0,41.0,0.0,0.0,0.0,0.0,0.0,0.0,0.0,0.0,0.0,0.0,58.0,1.0,0.0,0.0,0.0,0.0,0.0,6.599999950000001
0.0,42.0,0.0,0.0,0.0,0.0,0.0,0.0,0.0,0.0,0.0,0.0,55.0,3.0,0.0,0.0,0.0,0.0,0.0,6.0
0.0,42.0,0.0,0.0,0.0,0.0,0.0,0.0,0.0,0.0,57.0,0.0,0.0,0.0,0.0,0.0,0.0,0.0,0.0,8.4499998
0.0,42.0,0.0,0.0,0.0,0.0,0.0,0.0,0.0,0.0,58.0,0.0,0.0,0.0,0.0,0.0,0.0,0.0,0.0,5.5900002
0.0,43.0,0.0,0.0,0.0,0.0,0.0,0.0,0.0,0.0,0.0,0.0,55.0,2.0,0.0,0.0,0.0,0.0,0.0,6.1999999
0.0,43.5,0.0,0.0,0.0,0.0,0.0,0.0,0.0,0.0,0.0,0.0,56.5,0.0,0.0,0.0,0.0,0.0,0.0,6.3899999
0.0,44.0,0.0,0.0,0.0,0.0,0.0,0.0,0.0,0.0,0.0,0.0,55.0,1.0,0.0,0.0,0.0,0.0,0.0,6.09999995
0.0,44.0,0.0,0.0,0.0,0.0,0.0,0.0,0.0,0.0,56.0,0.0,0.0,0.0,0.0,0.0,0.0,0.0,0.0,4.8499999
0.0,44.25,0.0,0.0,0.0,0.0,3.1,0.0,0.0,0.0,0.0,0.0,33.19,0.0,19.47,0.0,0.0,0.0,0.0,7.320000200000001
0.0,44.44,0.0,0.0,0.0,0.0,2.67,0.0,0.0,0.0,0.0,0.0,33.33,0.0,19.56,0.0,0.0,0.0,0.0,6.98
0.0,44.74,0.0,0.0,0.0,0.0,2.01,0.0,0.0,0.0,0.0,0.0,33.56,0.0,19.69,0.0,0.0,0.0,0.0,6.3400002
0.0,45.0,0.0,0.0,0.0,0.0,0.0,0.0,0.0,0.0,0.0,0.0,0.0,0.0,55.0,0.0,0.0,0.0,0.0,31.8
0.0,45.0,0.0,0.0,0.0,0.0,0.0,0.0,0.0,0.0,0.0,0.0,50.0,0.0,0.0,0.0,5.0,0.0,0.0,6.8000002
0.0,45.0,0.0,0.0,0.0,0.0,0.0,0.0,0.0,0.0,0.0,0.0,52.0,3.0,0.0,0.0,0.0,0.0,0.0,5.59999995
0.0,45.0,0.0,0.0,0.0,0.0,0.0,0.0,0.0,0.0,0.0,0.0,53.0,2.0,0.0,0.0,0.0,0.0,0.0,5.6999999
0.0,45.0,0.0,0.0,0.0,0.0,0.0,0.0,0.0,0.0,0.0,0.0,54.0,1.0,0.0,0.0,0.0,0.0,0.0,5.90000005
0.0,45.35,0.0,0.0,0.0,0.0,0.68,0.0,0.0,0.0,0.0,0.0,34.01,0.0,19.95,0.0,0.0,0.0,0.0,7.0900002
0.0,45.66,0.0,0.0,0.0,0.0,0.0,0.0,0.0,0.0,0.0,0.0,34.25,0.0,20.09,0.0,0.0,0.0,0.0,6.6599998
0.0,47.0,0.0,0.0,0.0,0.0,0.0,0.0,0.0,0.0,0.0,0.0,53.0,0.0,0.0,0.0,0.0,0.0,0.0,5.4000001
0.0,48.5,0.0,0.0,0.0,0.0,0.0,0.0,0.0,0.0,0.0,0.0,51.5,0.0,0.0,0.0,0.0,0.0,0.0,5.27
0.0,50.0,0.0,0.0,0.0,0.0,0.0,0.0,0.0,0.0,0.0,0.0,47.0,3.0,0.0,0.0,0.0,0.0,0.0,5.09999995
0.0,50.0,0.0,0.0,0.0,0.0,0.0,0.0,0.0,0.0,0.0,0.0,48.0,2.0,0.0,0.0,0.0,0.0,0.0,5.0
0.0,50.0,0.0,0.0,0.0,0.0,0.0,0.0,0.0,0.0,0.0,0.0,49.0,1.0,0.0,0.0,0.0,0.0,0.0,4.90000005
0.0,50.0,0.0,0.0,0.0,0.0,0.0,0.0,0.0,0.0,0.0,0.0,50.0,0.0,0.0,0.0,0.0,0.0,0.0,4.5
0.0,50.0,0.0,0.0,0.0,0.0,0.0,10.0,0.0,0.0,0.0,0.0,40.0,0.0,0.0,0.0,0.0,0.0,0.0,6.6999998
0.0,50.75,0.0,0.0,0.0,0.0,0.0,0.0,0.0,0.0,0.0,0.0,49.25,0.0,0.0,0.0,0.0,0.0,0.0,4.880000099999999
0.0,51.5,0.0,0.0,0.0,0.0,0.0,0.0,0.0,0.0,0.0,0.0,48.5,0.0,0.0,0.0,0.0,0.0,0.0,4.7399998
0.0,53.0,0.0,0.0,0.0,0.0,0.0,0.0,0.0,0.0,0.0,0.0,47.0,0.0,0.0,0.0,0.0,0.0,0.0,4.5100002
0.0,53.75,0.0,0.0,0.0,0.0,0.0,0.0,0.0,0.0,0.0,0.0,46.25,0.0,0.0,0.0,0.0,0.0,0.0,4.5999999
0.0,55.0,0.0,0.0,0.0,0.0,0.0,0.0,0.0,0.0,0.0,0.0,0.0,0.0,45.0,0.0,0.0,0.0,0.0,31.2
0.0,55.0,0.0,0.0,0.0,0.0,0.0,0.0,0.0,0.0,0.0,0.0,45.0,0.0,0.0,0.0,0.0,0.0,0.0,4.2199998
0.0,65.0,0.0,0.0,0.0,0.0,0.0,0.0,0.0,0.0,0.0,0.0,0.0,0.0,35.0,0.0,0.0,0.0,0.0,28.7
4.0,0.0,0.0,0.0,48.0,0.0,0.0,0.0,0.0,0.0,0.0,0.0,0.0,0.0,0.0,0.0,0.0,0.0,48.0,32.4
6.0,0.0,0.0,0.0,47.0,0.0,0.0,0.0,0.0,0.0,0.0,0.0,0.0,0.0,0.0,0.0,0.0,0.0,47.0,33.8
7.0,0.0,0.0,0.0,46.0,0.0,0.0,0.0,0.0,0.0,0.0,0.0,0.0,0.0,0.0,0.0,0.0,0.0,46.0,32.9
7.0,0.0,0.0,0.0,46.0,0.0,0.0,0.0,0.0,0.0,0.0,0.0,0.0,0.0,0.0,0.0,0.0,3.0,44.0,32.0
7.0,0.0,0.0,0.0,46.0,0.0,0.0,0.0,0.0,0.0,0.0,0.0,0.0,0.0,0.0,0.0,0.0,5.0,42.0,31.0
7.9,0.0,0.0,0.0,15.8,0.0,0.0,0.0,12.8,0.0,0.0,0.0,0.0,2.5,0.0,0.0,0.0,0.0,61.0,29.8
7.9,0.0,0.0,0.0,16.3,0.0,0.0,0.0,12.8,0.0,0.0,0.0,0.0,2.0,0.0,0.0,0.0,0.0,61.0,30.05
7.9,0.0,0.0,0.0,16.8,0.0,0.0,0.0,12.8,0.0,0.0,0.0,0.0,1.5,0.0,0.0,0.0,0.0,61.0,28.37
7.9,0.0,0.0,0.0,17.3,0.0,0.0,0.0,12.8,0.0,0.0,0.0,0.0,1.0,0.0,0.0,0.0,0.0,61.0,28.18
7.9,0.0,0.0,0.0,17.8,0.0,0.0,0.0,12.8,0.0,0.0,0.0,0.0,0.5,0.0,0.0,0.0,0.0,61.0,28.76
7.9,0.0,0.0,0.0,18.3,0.0,0.0,0.0,12.8,0.0,0.0,0.0,0.0,0.0,0.0,0.0,0.0,0.0,61.0,28.87
8.0,0.0,0.0,0.0,46.0,0.0,0.0,0.0,0.0,0.0,0.0,0.0,0.0,0.0,0.0,0.0,0.0,0.0,46.0,34.3
9.8,0.0,0.0,0.0,29.4,0.0,0.0,0.0,4.9,0.0,0.0,0.0,0.0,0.0,0.0,0.0,0.0,2.0,53.9,29.0
9.9,0.0,0.0,0.0,29.7,0.0,0.0,0.0,4.95,0.0,0.0,0.0,0.0,0.0,0.0,0.0,0.0,1.0,54.45,30.0
9.95,0.0,0.0,0.0,29.85,0.0,0.0,0.0,4.97,0.0,0.0,0.0,0.0,0.0,0.0,0.0,0.0,0.5,54.73,31.0
10.0,0.0,0.0,0.0,0.0,0.0,0.0,0.0,45.0,0.0,0.0,0.0,0.0,0.0,0.0,20.0,0.0,0.0,25.0,40.2
10.0,0.0,0.0,0.0,15.0,0.0,0.0,0.0,10.0,0.0,0.0,0.0,0.0,0.0,0.0,0.0,0.0,0.0,65.0,30.649999999999995
10.0,0.0,0.0,0.0,15.75,0.0,0.0,0.0,10.12,0.0,0.0,0.0,0.0,0.0,0.0,0.0,0.0,0.0,64.13,28.5
10.0,0.0,0.0,0.0,17.9,0.0,0.0,0.0,14.6,0.0,0.0,0.0,0.0,0.0,0.0,5.0,0.0,0.0,52.5,32.0
10.0,0.0,0.0,0.0,18.0,0.0,0.0,0.0,10.12,0.0,0.0,0.0,0.0,0.0,0.0,0.0,0.0,0.0,61.88,29.1
10.0,0.0,0.0,0.0,19.8,0.0,0.0,0.0,11.7,0.0,0.0,0.0,0.0,0.0,0.0,5.4,0.0,0.0,53.1,31.3
10.0,0.0,0.0,0.0,20.0,0.0,0.0,0.0,8.0,0.0,0.0,0.0,0.0,0.0,0.0,5.0,0.0,0.0,57.0,30.1
10.0,0.0,0.0,0.0,20.0,0.0,0.0,0.0,12.0,0.0,0.0,0.0,0.0,0.0,0.0,5.0,0.0,0.0,53.0,32.1
10.0,0.0,0.0,0.0,30.0,0.0,0.0,0.0,5.0,0.0,0.0,0.0,0.0,0.0,0.0,0.0,0.0,0.0,55.0,30.95
10.0,0.0,0.0,0.0,30.0,0.0,0.0,0.0,10.0,0.0,0.0,0.0,0.0,0.0,0.0,0.0,0.0,0.0,50.0,34.4
10.0,0.0,0.0,0.0,40.0,0.0,0.0,0.0,0.0,0.0,0.0,0.0,0.0,0.0,0.0,0.0,0.0,0.0,50.0,34.0
12.0,0.0,0.0,0.0,19.37,0.0,0.0,0.0,11.44,0.0,0.0,0.0,0.0,0.0,0.0,5.24,0.0,0.0,51.95,33.4
14.0,0.0,0.0,0.0,19.0,0.0,0.0,0.0,10.0,0.0,0.0,0.0,0.0,0.0,0.0,0.0,0.0,4.0,53.0,31.5
14.3,0.0,0.0,0.0,18.85,0.0,0.0,0.0,11.14,0.0,0.0,0.0,0.0,0.0,0.0,5.14,0.0,0.0,50.56,33.95
14.4,0.0,0.0,0.0,19.2,0.0,0.0,0.0,9.6,0.0,0.0,0.0,0.0,0.0,0.0,0.0,0.0,4.0,52.8,31.5
14.7,0.0,0.0,0.0,19.6,0.0,0.0,0.0,9.8,0.0,0.0,0.0,0.0,0.0,0.0,0.0,0.0,2.0,53.9,33.8
15.0,0.0,0.0,0.0,19.0,0.0,0.0,0.0,10.0,0.0,0.0,0.0,0.0,0.0,0.0,0.0,0.0,2.0,54.0,33.8
15.0,0.0,0.0,28.0,0.0,0.0,0.0,0.0,0.0,0.0,0.0,0.0,0.0,0.0,0.0,2.0,0.0,0.0,55.0,33.9
16.0,0.0,0.0,0.0,18.48,0.0,0.0,0.0,10.92,0.0,0.0,0.0,0.0,0.0,0.0,5.04,0.0,0.0,49.56,35.2
19.0,0.0,0.0,19.0,7.0,0.0,0.0,0.0,0.0,0.0,0.0,0.0,0.0,0.0,0.0,0.0,0.0,0.0,55.0,30.8
