As,Ge,In,P,S,Sb,Se,Si,Te,Tl,softening
0.0,0.0,0.0,0.0,0.0,0.0,0.0,15.0,85.0,0.0,446.15
0.0,0.0,0.0,0.0,0.0,0.0,70.0,0.0,30.0,0.0,350.15
0.0,0.0,0.0,0.0,0.0,0.0,75.0,0.0,25.0,0.0,344.10000075
0.0,0.0,0.0,0.0,0.0,0.0,80.0,0.0,19.5,0.0,335.15
0.0,0.0,0.0,0.0,0.0,0.0,80.0,0.0,20.0,0.0,336.7999996
0.0,0.0,0.0,0.0,0.0,0.0,85.0,0.0,15.0,0.0,337.15
0.0,0.0,0.0,0.0,0.0,0.0,90.0,0.0,10.0,0.0,333.69999924999996
0.0,0.0,0.0,0.0,0.0,0.0,95.0,0.0,5.0,0.0,328.60000075
0.0,0.0,0.0,0.0,0.0,0.0,98.5,0.0,1.5,0.0,324.15
0.0,0.0,0.0,0.0,0.0,0.0,100.0,0.0,0.0,0.0,317.09999999999997
0.0,0.0,0.0,0.0,0.0,0.5,80.0,0.0,19.5,0.0,337.15
0.0,0.0,0.0,0.0,0.0,2.0,98.0,0.0,0.0,0.0,609.15
0.0,0.0,0.0,0.0,0.0,4.0,96.0,0.0,0.0,0.0,600.15
0.0,0.0,0.0,0.0,0.0,5.0,72.0,0.0,23.0,0.0,355.15
0.0,0.0,0.0,0.0,0.0,5.0,75.0,0.0,20.0,0.0,344.65
0.0,0.0,0.0,0.0,0.0,6.0,94.0,0.0,0.0,0.0,599.15
0.0,0.0,0.0,0.0,0.0,8.0,92.0,0.0,0.0,0.0,598.15
0.0,0.0,0.0,0.0,0.0,10.0,70.0,0.0,20.0,0.0,347.74999849999995
0.0,0.0,0.0,0.0,0.0,10.0,90.0,0.0,0.0,0.0,597.15
0.0,0.0,0.0,0.0,0.0,15.0,65.0,0.0,20.0,0.0,352.45000310000006
0.0,0.0,0.0,0.0,4.76,0.0,95.24,0.0,0.0,0.0,325.15
0.0,0.0,0.0,6.0,0.0,0.0,54.0,0.0,40.0,0.0,357.0
0.0,0.0,0.0,7.0,0.0,0.0,63.0,0.0,30.0,0.0,365.0
0.0,0.0,0.0,8.0,0.0,0.0,72.0,0.0,20.0,0.0,369.0
0.0,0.0,0.0,9.0,0.0,0.0,81.0,0.0,10.0,0.0,351.0
0.0,0.0,0.0,10.0,0.0,0.0,90.0,0.0,0.0,0.0,351.0
0.0,0.0,0.0,11.5,0.0,0.0,48.5,0.0,40.0,0.0,387.0
0.0,0.0,0.0,14.0,0.0,0.0,56.0,0.0,30.0,0.0,383.0
0.0,0.0,0.0,16.0,0.0,0.0,64.0,0.0,20.0,0.0,386.0
0.0,0.0,0.0,17.0,0.0,0.0,43.0,0.0,40.0,0.0,377.0
0.0,0.0,0.0,18.0,0.0,0.0,72.0,0.0,10.0,0.0,380.0
0.0,0.0,0.0,20.0,0.0,0.0,50.0,0.0,30.0,0.0,387.0
0.0,0.0,0.0,20.0,0.0,0.0,80.0,0.0,0.0,0.0,369.0
0.0,0.0,0.0,23.0,0.0,0.0,57.0,0.0,20.0,0.0,382.0
0.0,0.0,0.0,25.5,0.0,0.0,64.5,0.0,10.0,0.0,386.0
0.0,0.0,0.0,28.6,0.0,0.0,71.40000000000002,0.0,0.0,0.0,379.0
0.0,0.0,0.0,32.0,0.0,0.0,48.0,0.0,20.0,0.0,384.0
0.0,0.0,0.0,36.0,0.0,0.0,54.0,0.0,10.0,0.0,397.0
0.0,0.0,0.0,40.0,0.0,0.0,60.0,0.0,0.0,0.0,386.0
0.0,0.0,0.5,0.0,0.0,0.0,80.0,0.0,19.5,0.0,336.15
0.0,0.0,5.0,0.0,0.0,0.0,75.0,0.0,20.0,0.0,337.15
0.0,0.0,5.0,0.0,0.0,0.0,79.0,0.0,15.0,0.0,614.15
0.0,0.0,5.5,0.0,0.0,0.0,79.0,0.0,15.0,0.0,611.15
0.0,0.0,10.0,0.0,0.0,0.0,70.0,0.0,20.0,0.0,334.15
0.0,0.0,10.0,0.0,0.0,0.0,90.0,0.0,0.0,0.0,360.15
0.0,0.0,15.0,0.0,0.0,0.0,65.0,0.0,20.0,0.0,340.15
0.0,0.0,20.0,0.0,0.0,0.0,60.0,0.0,20.0,0.0,352.15
0.0,4.0,6.0,0.0,0.0,0.0,90.0,0.0,0.0,0.0,372.95000310000006
0.0,5.0,0.0,0.0,0.0,0.0,48.0,0.0,47.0,0.0,423.15
0.0,5.0,0.0,0.0,0.0,0.0,55.0,0.0,40.0,0.0,423.15
0.0,5.0,0.0,0.0,0.0,0.0,75.0,0.0,20.0,0.0,398.15
0.0,5.0,0.0,0.0,0.0,0.0,95.0,0.0,0.0,0.0,347.0
0.0,5.0,0.0,0.0,0.0,20.0,75.0,0.0,0.0,0.0,398.15
0.0,5.0,0.0,35.0,0.0,0.0,60.0,0.0,0.0,0.0,453.15
0.0,6.0,4.0,0.0,0.0,0.0,90.0,0.0,0.0,0.0,380.65
0.0,7.0,3.0,0.0,0.0,0.0,90.0,0.0,0.0,0.0,380.0
0.0,8.0,2.0,0.0,0.0,0.0,90.0,0.0,0.0,0.0,382.15
0.0,10.0,0.0,0.0,0.0,0.0,50.0,0.0,40.0,0.0,410.15
0.0,10.0,0.0,0.0,0.0,0.0,55.0,0.0,35.0,0.0,448.15
0.0,10.0,0.0,0.0,0.0,0.0,70.0,0.0,20.0,0.0,415.15
0.0,10.0,0.0,0.0,0.0,0.0,90.0,0.0,0.0,0.0,383.0
0.0,10.0,0.0,0.0,0.0,5.0,85.0,0.0,0.0,0.0,435.15
0.0,10.0,0.0,0.0,0.0,15.0,75.0,0.0,0.0,0.0,463.15
0.0,10.0,0.0,0.0,0.0,25.0,65.0,0.0,0.0,0.0,471.15
0.0,10.0,0.0,0.0,60.0,0.0,0.0,0.0,30.0,0.0,413.15
0.0,10.0,0.0,0.0,65.0,0.0,0.0,0.0,25.0,0.0,405.15
0.0,10.0,0.0,0.0,70.0,0.0,0.0,0.0,20.0,0.0,422.15
0.0,10.0,0.0,0.0,90.0,0.0,0.0,0.0,0.0,0.0,856.0
0.0,10.0,0.0,10.0,80.0,0.0,0.0,0.0,0.0,0.0,558.15
0.0,10.0,0.0,20.0,0.0,0.0,70.0,0.0,0.0,0.0,483.15
0.0,10.0,0.0,20.0,70.0,0.0,0.0,0.0,0.0,0.0,548.15
0.0,10.0,0.0,25.0,65.0,0.0,0.0,0.0,0.0,0.0,603.15
0.0,10.0,0.0,30.0,60.0,0.0,0.0,0.0,0.0,0.0,653.15
0.0,10.0,0.0,35.0,0.0,0.0,55.0,0.0,0.0,0.0,583.15
0.0,10.0,0.0,50.0,40.0,0.0,0.0,0.0,0.0,0.0,793.15
0.0,11.0,3.0,0.0,0.0,0.0,86.0,0.0,0.0,0.0,397.0
0.0,11.0,4.0,0.0,0.0,0.0,85.0,0.0,0.0,0.0,402.0
0.0,12.0,5.0,0.0,0.0,0.0,83.0,0.0,0.0,0.0,413.0
0.0,12.5,0.0,0.0,87.5,0.0,0.0,0.0,0.0,0.0,856.0
0.0,13.0,5.0,0.0,0.0,0.0,82.0,0.0,0.0,0.0,417.0
0.0,14.0,8.0,0.0,0.0,0.0,78.0,0.0,0.0,0.0,471.0
0.0,15.0,0.0,0.0,0.0,0.0,45.0,0.0,40.0,0.0,405.15
0.0,15.0,0.0,0.0,0.0,0.0,70.0,0.0,15.0,0.0,428.15
0.0,15.0,0.0,0.0,0.0,0.0,85.0,0.0,0.0,0.0,417.0
0.0,15.0,0.0,0.0,0.0,5.0,80.0,0.0,0.0,0.0,448.15
0.0,15.0,0.0,0.0,70.0,0.0,0.0,0.0,15.0,0.0,461.15
0.0,15.0,0.0,0.0,85.0,0.0,0.0,0.0,0.0,0.0,855.0
0.0,15.0,0.0,10.0,0.0,0.0,0.0,0.0,75.0,0.0,403.15
0.0,15.0,0.0,15.0,0.0,0.0,0.0,0.0,70.0,0.0,410.65
0.0,15.0,0.0,15.0,0.0,0.0,70.0,0.0,0.0,0.0,553.15
0.0,15.0,0.0,15.0,70.0,0.0,0.0,0.0,0.0,0.0,598.15
0.0,15.0,0.0,20.0,0.0,0.0,0.0,0.0,65.0,0.0,461.15
0.0,15.0,0.0,20.0,65.0,0.0,0.0,0.0,0.0,0.0,673.15
0.0,15.0,0.0,25.0,0.0,0.0,60.0,0.0,0.0,0.0,623.15
0.0,15.0,0.0,25.0,60.0,0.0,0.0,0.0,0.0,0.0,743.15
0.0,15.0,0.0,30.0,55.0,0.0,0.0,0.0,0.0,0.0,783.15
0.0,15.0,0.0,35.0,0.0,0.0,50.0,0.0,0.0,0.0,653.15
0.0,15.0,0.0,35.0,50.0,0.0,0.0,0.0,0.0,0.0,788.15
0.0,16.0,0.0,0.0,0.0,24.0,60.0,0.0,0.0,0.0,774.15
0.0,16.0,5.0,0.0,0.0,0.0,79.0,0.0,0.0,0.0,473.0
0.0,16.5,8.0,0.0,0.0,0.0,75.5,0.0,0.0,0.0,490.0
0.0,17.5,0.0,0.0,82.5,0.0,0.0,0.0,0.0,0.0,855.0
0.0,18.0,5.0,0.0,0.0,0.0,77.0,0.0,0.0,0.0,484.0
0.0,18.18,0.0,13.64,0.0,0.0,0.0,0.0,68.18,0.0,438.15
0.0,19.0,0.0,0.0,81.0,0.0,0.0,0.0,0.0,0.0,854.0
0.0,19.0,8.0,0.0,0.0,0.0,73.0,0.0,0.0,0.0,521.0
0.0,20.0,0.0,0.0,0.0,0.0,20.0,0.0,60.0,0.0,437.15
0.0,20.0,0.0,0.0,0.0,0.0,45.0,0.0,35.0,0.0,580.15
0.0,20.0,0.0,0.0,0.0,0.0,50.0,0.0,30.0,0.0,463.15
0.0,20.0,0.0,0.0,0.0,0.0,55.0,0.0,25.0,0.0,472.15
0.0,20.0,0.0,0.0,0.0,0.0,60.0,0.0,20.0,0.0,493.15
0.0,20.0,0.0,0.0,0.0,0.0,80.0,0.0,0.0,0.0,465.0
0.0,20.0,0.0,0.0,0.0,7.0,73.0,0.0,0.0,0.0,543.15
0.0,20.0,0.0,0.0,0.0,10.0,70.0,0.0,0.0,0.0,545.15
0.0,20.0,0.0,0.0,0.0,20.0,60.0,0.0,0.0,0.0,792.15
0.0,20.0,0.0,0.0,0.0,25.0,55.0,0.0,0.0,0.0,548.15
0.0,20.0,0.0,0.0,60.0,0.0,0.0,0.0,20.0,0.0,512.15
0.0,20.0,0.0,0.0,80.0,0.0,0.0,0.0,0.0,0.0,842.0
0.0,20.0,0.0,5.0,0.0,0.0,0.0,0.0,75.0,0.0,425.15
0.0,20.0,0.0,10.0,0.0,0.0,0.0,0.0,70.0,0.0,504.15
0.0,20.0,0.0,10.0,0.0,0.0,70.0,0.0,0.0,0.0,573.15
0.0,20.0,0.0,10.0,70.0,0.0,0.0,0.0,0.0,0.0,648.15
0.0,20.0,0.0,15.0,0.0,0.0,0.0,0.0,65.0,0.0,542.15
0.0,20.0,0.0,15.0,65.0,0.0,0.0,0.0,0.0,0.0,738.15
0.0,20.0,0.0,20.0,0.0,0.0,60.0,0.0,0.0,0.0,693.15
0.0,20.0,0.0,20.0,60.0,0.0,0.0,0.0,0.0,0.0,773.15
0.0,20.0,0.0,25.0,55.0,0.0,0.0,0.0,0.0,0.0,748.15
0.0,20.0,0.0,30.0,50.0,0.0,0.0,0.0,0.0,0.0,758.15
0.0,20.0,0.0,45.0,35.0,0.0,0.0,0.0,0.0,0.0,713.15
0.0,20.0,5.0,0.0,0.0,0.0,75.0,0.0,0.0,0.0,523.0
0.0,20.5,8.0,0.0,0.0,0.0,71.5,0.0,0.0,0.0,533.0
0.0,20.83,15.0,0.0,0.0,0.0,64.17,0.0,0.0,0.0,623.0
0.0,21.5,8.0,0.0,0.0,0.0,70.5,0.0,0.0,0.0,553.0
0.0,22.0,5.0,0.0,0.0,0.0,73.0,0.0,0.0,0.0,536.0
0.0,22.5,8.0,0.0,0.0,0.0,69.5,0.0,0.0,0.0,563.0
0.0,23.0,0.0,0.0,77.0,0.0,0.0,0.0,0.0,0.0,842.0
0.0,23.33,12.0,0.0,0.0,0.0,64.67,0.0,0.0,0.0,625.0
0.0,23.5,8.0,0.0,0.0,0.0,68.5,0.0,0.0,0.0,583.0
0.0,24.0,0.0,0.0,0.0,16.0,60.0,0.0,0.0,0.0,813.15
0.0,24.5,8.0,0.0,0.0,0.0,67.5,0.0,0.0,0.0,600.0
0.0,25.0,0.0,0.0,0.0,0.0,20.0,0.0,55.0,0.0,524.15
0.0,25.0,0.0,0.0,0.0,0.0,25.0,0.0,50.0,0.0,493.15
0.0,25.0,0.0,0.0,0.0,0.0,65.0,0.0,10.0,0.0,548.15
0.0,25.0,0.0,0.0,0.0,5.0,70.0,0.0,0.0,0.0,623.15
0.0,25.0,0.0,0.0,0.0,10.0,65.0,0.0,0.0,0.0,620.15
0.0,25.0,0.0,0.0,0.0,15.0,60.0,0.0,0.0,0.0,585.15
0.0,25.0,0.0,0.0,0.0,20.0,55.0,0.0,0.0,0.0,561.15
0.0,25.0,0.0,0.0,25.0,0.0,0.0,0.0,50.0,0.0,668.15
0.0,25.0,0.0,0.0,30.0,0.0,0.0,0.0,45.0,0.0,420.15
0.0,25.0,0.0,0.0,75.0,0.0,0.0,0.0,0.0,0.0,819.0
0.0,25.0,0.0,5.0,70.0,0.0,0.0,0.0,0.0,0.0,673.15
0.0,25.0,0.0,10.0,0.0,0.0,0.0,0.0,65.0,0.0,661.15
0.0,25.0,0.0,10.0,0.0,0.0,65.0,0.0,0.0,0.0,673.15
0.0,25.0,0.0,10.0,65.0,0.0,0.0,0.0,0.0,0.0,673.15
0.0,25.0,0.0,15.0,60.0,0.0,0.0,0.0,0.0,0.0,758.15
0.0,25.0,0.0,20.0,0.0,0.0,55.0,0.0,0.0,0.0,723.15
0.0,25.0,0.0,20.0,55.0,0.0,0.0,0.0,0.0,0.0,683.15
0.0,25.0,0.0,25.0,50.0,0.0,0.0,0.0,0.0,0.0,748.15
0.0,25.0,0.0,30.0,0.0,0.0,45.0,0.0,0.0,0.0,653.15
0.0,25.0,0.0,30.0,45.0,0.0,0.0,0.0,0.0,0.0,738.15
0.0,25.0,0.0,35.0,40.0,0.0,0.0,0.0,0.0,0.0,738.15
0.0,25.0,5.0,0.0,0.0,0.0,70.0,0.0,0.0,0.0,582.0
0.0,25.0,10.0,0.0,0.0,0.0,65.0,0.0,0.0,0.0,631.0
0.0,25.5,8.0,0.0,0.0,0.0,66.5,0.0,0.0,0.0,632.0
0.0,26.0,5.0,0.0,0.0,0.0,69.0,0.0,0.0,0.0,595.0
0.0,26.5,5.0,0.0,0.0,0.0,68.5,0.0,0.0,0.0,602.0
0.0,26.67,8.0,0.0,0.0,0.0,65.33,0.0,0.0,0.0,640.0
0.0,27.0,5.0,0.0,0.0,0.0,68.0,0.0,0.0,0.0,621.0
0.0,27.5,8.0,0.0,0.0,0.0,64.5,0.0,0.0,0.0,636.0
0.0,28.0,5.0,0.0,0.0,0.0,67.0,0.0,0.0,0.0,635.0
0.0,28.0,8.0,0.0,0.0,0.0,64.0,0.0,0.0,0.0,623.0
0.0,29.17,5.0,0.0,0.0,0.0,65.83,0.0,0.0,0.0,665.0
0.0,29.5,5.0,0.0,0.0,0.0,65.5,0.0,0.0,0.0,655.0
0.0,30.0,0.0,0.0,0.0,0.0,25.0,0.0,45.0,0.0,566.15
0.0,30.0,0.0,0.0,0.0,0.0,30.0,0.0,40.0,0.0,548.15
0.0,30.0,0.0,0.0,0.0,0.0,35.0,0.0,35.0,0.0,559.15
0.0,30.0,0.0,0.0,0.0,0.0,40.0,0.0,30.0,0.0,578.15
0.0,30.0,0.0,0.0,0.0,0.0,45.0,0.0,25.0,0.0,585.15
0.0,30.0,0.0,0.0,0.0,0.0,60.0,0.0,10.0,0.0,600.15
0.0,30.0,0.0,0.0,0.0,0.0,65.0,0.0,5.0,0.0,599.15
0.0,30.0,0.0,0.0,0.0,0.0,70.0,0.0,0.0,0.0,606.0
0.0,30.0,0.0,0.0,25.0,0.0,0.0,0.0,45.0,0.0,480.15
0.0,30.0,0.0,0.0,30.0,0.0,0.0,0.0,40.0,0.0,452.15
0.0,30.0,0.0,0.0,35.0,0.0,0.0,0.0,35.0,0.0,435.15
0.0,30.0,0.0,0.0,40.0,0.0,0.0,0.0,30.0,0.0,420.15
0.0,30.0,0.0,0.0,50.0,0.0,0.0,0.0,20.0,0.0,450.15
0.0,30.0,0.0,0.0,60.0,0.0,0.0,0.0,10.0,0.0,694.15
0.0,30.0,0.0,0.0,65.0,0.0,0.0,0.0,5.0,0.0,688.15
0.0,30.0,0.0,0.0,70.0,0.0,0.0,0.0,0.0,0.0,697.15
0.0,30.0,0.0,5.0,65.0,0.0,0.0,0.0,0.0,0.0,773.15
0.0,30.0,0.0,10.0,60.0,0.0,0.0,0.0,0.0,0.0,793.1125000000001
0.0,30.0,0.0,15.0,55.0,0.0,0.0,0.0,0.0,0.0,773.15
0.0,30.0,0.0,20.0,50.0,0.0,0.0,0.0,0.0,0.0,738.15
0.0,30.0,0.0,25.0,45.0,0.0,0.0,0.0,0.0,0.0,743.15
0.0,30.0,0.0,30.0,40.0,0.0,0.0,0.0,0.0,0.0,693.15
0.0,30.0,0.0,45.0,25.0,0.0,0.0,0.0,0.0,0.0,688.15
0.0,30.0,0.0,55.0,15.0,0.0,0.0,0.0,0.0,0.0,733.15
0.0,30.0,5.0,0.0,0.0,0.0,65.0,0.0,0.0,0.0,653.0
0.0,30.0,8.0,0.0,0.0,0.0,62.0,0.0,0.0,0.0,605.0
0.0,30.3,0.0,0.0,0.0,0.0,45.5,0.0,0.0,24.2,643.15
0.0,32.0,5.0,0.0,0.0,0.0,63.0,0.0,0.0,0.0,623.0
0.0,32.0,8.0,0.0,0.0,0.0,60.0,0.0,0.0,0.0,601.0
0.0,33.0,0.0,0.0,0.0,0.0,62.0,0.0,5.0,0.0,628.15
0.0,33.333333333333336,0.0,0.0,0.0,0.0,66.66666666666667,0.0,0.0,0.0,710.0
0.0,33.6,0.0,0.0,0.0,0.0,66.4,0.0,0.0,0.0,841.15
0.0,35.0,0.0,0.0,0.0,0.0,30.0,0.0,35.0,0.0,569.15
0.0,35.0,0.0,0.0,0.0,0.0,35.0,0.0,30.0,0.0,591.15
0.0,35.0,0.0,0.0,0.0,0.0,40.0,0.0,25.0,0.0,604.15
0.0,35.0,0.0,0.0,0.0,0.0,45.0,0.0,20.0,0.0,623.15
0.0,35.0,0.0,0.0,0.0,0.0,50.0,0.0,15.0,0.0,647.15
0.0,35.0,0.0,0.0,0.0,0.0,60.0,0.0,5.0,0.0,615.15
0.0,35.0,0.0,0.0,0.0,0.0,65.0,0.0,0.0,0.0,660.0
0.0,35.0,0.0,0.0,0.0,5.0,60.0,0.0,0.0,0.0,628.15
0.0,35.0,0.0,0.0,25.0,0.0,0.0,0.0,40.0,0.0,544.15
0.0,35.0,0.0,0.0,30.0,0.0,0.0,0.0,35.0,0.0,614.15
0.0,35.0,0.0,0.0,35.0,0.0,0.0,0.0,30.0,0.0,612.15
0.0,35.0,0.0,0.0,50.0,0.0,0.0,0.0,15.0,0.0,669.15
0.0,35.0,0.0,0.0,65.0,0.0,0.0,0.0,0.0,0.0,588.15
0.0,35.0,0.0,5.0,60.0,0.0,0.0,0.0,0.0,0.0,753.15
0.0,35.0,0.0,10.0,0.0,0.0,55.0,0.0,0.0,0.0,683.15
0.0,35.0,0.0,10.0,55.0,0.0,0.0,0.0,0.0,0.0,693.15
0.0,35.0,0.0,15.0,50.0,0.0,0.0,0.0,0.0,0.0,698.15
0.0,35.0,0.0,20.0,45.0,0.0,0.0,0.0,0.0,0.0,683.15
0.0,35.0,0.0,25.0,40.0,0.0,0.0,0.0,0.0,0.0,678.15
0.0,35.0,0.0,35.0,30.0,0.0,0.0,0.0,0.0,0.0,723.15
0.0,35.0,5.0,0.0,0.0,0.0,60.0,0.0,0.0,0.0,596.0
0.0,36.0,0.0,0.0,0.0,4.0,60.0,0.0,0.0,0.0,858.15
0.0,37.0,0.0,0.0,0.0,0.0,60.0,0.0,3.0,0.0,627.15
0.0,37.5,0.0,0.0,0.0,18.75,43.75,0.0,0.0,0.0,593.15
0.0,38.0,0.0,0.0,26.0,0.0,0.0,0.0,36.0,0.0,573.15
0.0,38.0,0.0,0.0,30.0,0.0,0.0,0.0,32.0,0.0,602.15
0.0,39.0,0.0,0.0,0.0,0.0,59.0,0.0,2.0,0.0,621.15
0.0,40.0,0.0,0.0,30.0,0.0,0.0,0.0,30.0,0.0,580.15
0.0,40.0,0.0,0.0,40.0,0.0,0.0,0.0,20.0,0.0,626.15
0.0,40.0,0.0,0.0,50.0,0.0,0.0,0.0,10.0,0.0,618.15
0.0,40.0,0.0,0.0,52.0,0.0,0.0,0.0,8.0,0.0,654.15
0.0,40.0,0.0,0.0,53.0,0.0,0.0,0.0,7.0,0.0,658.15
0.0,40.0,0.0,0.0,56.0,0.0,0.0,0.0,4.0,0.0,652.15
0.0,40.0,0.0,0.0,58.0,0.0,0.0,0.0,2.0,0.0,660.15
0.0,40.0,0.0,0.0,60.0,0.0,0.0,0.0,0.0,0.0,692.1200000000001
0.0,40.0,0.0,5.0,55.0,0.0,0.0,0.0,0.0,0.0,648.15
0.0,40.0,0.0,10.0,0.0,0.0,50.0,0.0,0.0,0.0,433.15
0.0,40.0,0.0,10.0,50.0,0.0,0.0,0.0,0.0,0.0,673.15
0.0,40.0,0.0,20.0,40.0,0.0,0.0,0.0,0.0,0.0,653.15
0.0,40.0,0.0,40.0,20.0,0.0,0.0,0.0,0.0,0.0,723.15
0.0,41.0,0.0,0.0,42.0,0.0,0.0,0.0,17.0,0.0,633.15
0.0,41.0,0.0,0.0,59.0,0.0,0.0,0.0,0.0,0.0,673.15
0.0,41.66666666666667,0.0,0.0,58.333333333333336,0.0,0.0,0.0,0.0,0.0,649.0
0.0,42.0,0.0,0.0,58.0,0.0,0.0,0.0,0.0,0.0,643.15
0.0,45.0,0.0,20.0,35.0,0.0,0.0,0.0,0.0,0.0,698.15
0.0,50.0,0.0,15.0,35.0,0.0,0.0,0.0,0.0,0.0,728.15
0.0,50.0,0.0,25.0,25.0,0.0,0.0,0.0,0.0,0.0,793.15
2.0,0.0,0.0,0.0,0.0,0.0,73.0,0.0,25.0,0.0,349.15
2.0,0.0,0.0,0.0,0.0,0.0,78.0,0.0,20.0,0.0,349.15
2.0,0.0,0.0,0.0,0.0,0.0,83.0,0.0,15.0,0.0,347.15
2.0,0.0,0.0,0.0,0.0,0.0,88.0,0.0,10.0,0.0,342.15
2.0,0.0,0.0,0.0,0.0,0.0,93.0,0.0,5.0,0.0,336.15
2.0,0.0,0.0,0.0,0.0,0.0,96.5,0.0,1.5,0.0,334.15
2.0,0.0,0.0,0.0,0.0,0.0,98.0,0.0,0.0,0.0,330.15
5.0,0.0,0.0,0.0,0.0,0.0,0.0,20.0,75.0,0.0,468.15
6.0,0.0,0.0,0.0,9.0,0.0,42.5,0.0,0.0,42.5,418.15
7.0,0.0,0.0,0.0,10.5,0.0,41.25,0.0,0.0,41.25,418.15
8.0,0.0,0.0,0.0,0.0,0.0,92.0,0.0,0.0,0.0,343.0
8.0,0.0,0.0,0.0,12.0,0.0,40.0,0.0,0.0,40.0,418.15
8.0,26.666666666666668,0.0,0.0,12.0,0.0,53.333333333333336,0.0,0.0,0.0,633.0
9.0,0.0,0.0,0.0,13.5,0.0,38.75,0.0,0.0,38.75,418.15
10.0,0.0,0.0,0.0,0.0,0.0,0.0,20.0,70.0,0.0,451.15
10.0,0.0,0.0,0.0,0.0,0.0,90.0,0.0,0.0,0.0,364.8166666666666
10.0,0.0,0.0,0.0,15.0,0.0,37.5,0.0,0.0,37.5,418.15
10.0,15.0,0.0,0.0,0.0,0.0,0.0,0.0,75.0,0.0,435.15
10.0,20.0,0.0,0.0,0.0,0.0,10.0,0.0,60.0,0.0,475.0
10.0,25.0,0.0,0.0,0.0,0.0,65.0,0.0,0.0,0.0,709.15
10.0,30.0,0.0,0.0,0.0,0.0,60.0,0.0,0.0,0.0,654.0
10.0,30.0,0.0,0.0,60.0,0.0,0.0,0.0,0.0,0.0,598.0
11.0,0.0,0.0,0.0,16.5,0.0,36.25,0.0,0.0,36.25,423.15
12.0,0.0,0.0,0.0,18.0,0.0,35.0,0.0,0.0,35.0,433.15
12.0,23.333333333333332,0.0,0.0,18.0,0.0,46.666666666666664,0.0,0.0,0.0,613.0
14.0,21.666666666666668,0.0,0.0,21.0,0.0,43.333333333333336,0.0,0.0,0.0,591.0
14.41,30.38,0.0,0.0,55.21,0.0,0.0,0.0,0.0,0.0,663.0
14.67,26.42,0.0,0.0,58.91,0.0,0.0,0.0,0.0,0.0,658.0
15.0,0.0,0.0,0.0,0.0,0.0,0.0,15.0,70.0,0.0,580.15
15.0,0.0,0.0,0.0,0.0,0.0,0.0,25.0,60.0,0.0,543.15
15.0,0.0,0.0,0.0,0.0,0.0,0.0,35.0,50.0,0.0,629.15
15.0,2.0,0.0,0.0,0.0,0.0,0.0,8.0,75.0,0.0,403.15
15.0,3.0,0.0,0.0,0.0,0.0,0.0,7.0,75.0,0.0,420.15
15.0,5.0,0.0,0.0,0.0,0.0,0.0,5.0,75.0,0.0,420.15
15.0,5.0,0.0,10.0,70.0,0.0,0.0,0.0,0.0,0.0,449.15
15.0,7.0,0.0,0.0,0.0,0.0,0.0,3.0,75.0,0.0,420.15
15.0,8.0,0.0,0.0,0.0,0.0,0.0,2.0,75.0,0.0,424.15
15.0,10.0,0.0,0.0,0.0,0.0,0.0,0.0,75.0,0.0,427.4833333333333
15.0,15.0,0.0,0.0,0.0,0.0,0.0,0.0,70.0,0.0,433.15
15.0,15.0,0.0,0.0,0.0,0.0,30.0,0.0,40.0,0.0,455.15
15.0,25.0,0.0,0.0,0.0,0.0,20.0,0.0,40.0,0.0,537.0
15.0,25.0,0.0,0.0,60.0,0.0,0.0,0.0,0.0,0.0,658.0
15.0,30.0,0.0,0.0,55.0,0.0,0.0,0.0,0.0,0.0,663.0
15.0,35.0,0.0,0.0,0.0,0.0,50.0,0.0,0.0,0.0,747.15
15.0,35.0,0.0,0.0,50.0,0.0,0.0,0.0,0.0,0.0,693.0
15.0,40.0,0.0,0.0,45.0,0.0,0.0,0.0,0.0,0.0,698.0
15.31,33.67,0.0,0.0,0.0,0.0,51.02,0.0,0.0,0.0,655.15
16.0,0.0,0.0,0.0,24.0,0.0,30.0,0.0,0.0,30.0,443.15
16.0,20.0,0.0,0.0,24.0,0.0,40.0,0.0,0.0,0.0,573.0
16.0,39.0,0.0,0.0,0.0,0.0,45.0,0.0,0.0,0.0,658.15
17.5,5.0,0.0,10.0,67.5,0.0,0.0,0.0,0.0,0.0,457.15
18.0,0.0,0.0,0.0,27.0,0.0,27.5,0.0,0.0,27.5,453.15
18.0,18.333333333333332,0.0,0.0,27.0,0.0,36.666666666666664,0.0,0.0,0.0,579.0
19.8,20.16,0.0,0.0,60.04,0.0,0.0,0.0,0.0,0.0,608.0
20.0,0.0,0.0,0.0,0.0,0.0,0.0,15.0,65.0,0.0,461.15
20.0,0.0,0.0,0.0,0.0,0.0,0.0,20.0,60.0,0.0,432.15
20.0,0.0,0.0,0.0,0.0,0.0,0.0,30.0,50.0,0.0,626.15
20.0,0.0,0.0,0.0,0.0,0.0,0.0,35.0,45.0,0.0,661.15
20.0,0.0,0.0,0.0,0.0,0.0,0.0,40.0,40.0,0.0,739.15
20.0,0.0,0.0,0.0,0.0,0.0,46.66666666666667,0.0,0.0,33.333333333333336,377.15
20.0,0.0,0.0,0.0,0.0,0.0,70.0,0.0,0.0,10.0,351.15
20.0,0.0,0.0,0.0,0.0,0.0,75.0,0.0,0.0,5.0,341.15
20.0,0.0,0.0,0.0,0.0,0.0,80.0,0.0,0.0,0.0,387.65
20.0,0.0,0.0,0.0,0.0,5.0,0.0,30.0,45.0,0.0,748.15
20.0,0.0,0.0,0.0,30.0,0.0,25.0,0.0,0.0,25.0,453.15
20.0,3.0,0.0,0.0,0.0,0.0,0.0,12.0,65.0,0.0,464.15
20.0,5.0,0.0,0.0,0.0,0.0,45.0,0.0,0.0,30.0,410.15
20.0,5.0,0.0,0.0,0.0,0.0,50.0,0.0,0.0,25.0,404.15
20.0,5.0,0.0,0.0,0.0,0.0,55.0,0.0,0.0,20.0,399.15
20.0,5.0,0.0,0.0,0.0,0.0,60.0,0.0,0.0,15.0,361.15
20.0,5.0,0.0,0.0,0.0,0.0,65.0,0.0,0.0,10.0,366.15
20.0,5.0,0.0,0.0,0.0,0.0,70.0,0.0,0.0,5.0,383.15
20.0,5.0,0.0,0.0,0.0,0.0,75.0,0.0,0.0,0.0,403.15
20.0,5.0,0.0,10.0,65.0,0.0,0.0,0.0,0.0,0.0,480.15
20.0,8.0,0.0,0.0,0.0,0.0,0.0,7.0,65.0,0.0,472.15
20.0,10.0,0.0,0.0,0.0,0.0,0.0,0.0,70.0,0.0,451.09999999999997
20.0,10.0,0.0,0.0,0.0,0.0,0.0,5.0,65.0,0.0,462.15
20.0,10.0,0.0,0.0,0.0,0.0,40.0,0.0,0.0,30.0,455.15
20.0,10.0,0.0,0.0,0.0,0.0,45.0,0.0,0.0,25.0,415.15
20.0,10.0,0.0,0.0,0.0,0.0,50.0,0.0,0.0,20.0,408.15
20.0,10.0,0.0,0.0,0.0,0.0,55.0,0.0,0.0,15.0,400.15
20.0,10.0,0.0,0.0,0.0,0.0,60.0,0.0,0.0,10.0,388.15
20.0,10.0,0.0,0.0,0.0,0.0,65.0,0.0,0.0,5.0,410.15
20.0,10.0,0.0,0.0,0.0,0.0,70.0,0.0,0.0,0.0,432.15
20.0,12.0,0.0,0.0,0.0,0.0,0.0,3.0,65.0,0.0,443.15
20.0,15.0,0.0,0.0,0.0,0.0,55.0,0.0,0.0,10.0,451.15
20.0,15.0,0.0,0.0,0.0,0.0,60.0,0.0,0.0,5.0,451.15
20.0,16.666666666666668,0.0,0.0,30.0,0.0,33.333333333333336,0.0,0.0,0.0,562.0
20.0,20.0,0.0,0.0,0.0,0.0,50.0,0.0,0.0,10.0,491.15
20.0,20.0,0.0,0.0,0.0,0.0,55.0,0.0,0.0,5.0,505.15
20.0,20.0,0.0,0.0,60.0,0.0,0.0,0.0,0.0,0.0,608.0
20.0,22.0,0.0,0.0,0.0,0.0,58.0,0.0,0.0,0.0,611.15
20.0,25.0,0.0,0.0,0.0,0.0,45.0,0.0,0.0,10.0,521.15
20.0,25.0,0.0,0.0,0.0,0.0,50.0,0.0,0.0,5.0,555.15
20.0,30.0,0.0,0.0,0.0,0.0,45.0,0.0,0.0,5.0,593.15
22.5,5.0,0.0,5.0,67.5,0.0,0.0,0.0,0.0,0.0,448.15
22.5,5.0,0.0,10.0,62.5,0.0,0.0,0.0,0.0,0.0,459.15
24.0,0.0,0.0,0.0,0.0,0.0,76.0,0.0,0.0,0.0,390.15
24.0,0.0,0.0,0.0,36.0,0.0,20.0,0.0,0.0,20.0,453.15
24.0,13.333333333333334,0.0,0.0,36.0,0.0,26.666666666666668,0.0,0.0,0.0,536.0
24.31,30.14,0.0,0.0,45.55,0.0,0.0,0.0,0.0,0.0,703.0
25.0,0.0,0.0,0.0,0.0,0.0,0.0,5.0,70.0,0.0,393.15
25.0,0.0,0.0,0.0,0.0,0.0,0.0,25.0,50.0,0.0,587.7666666666668
25.0,0.0,0.0,0.0,0.0,0.0,0.0,30.0,45.0,0.0,711.15
25.0,0.0,0.0,0.0,0.0,0.0,0.0,35.0,40.0,0.0,707.15
25.0,0.0,0.0,0.0,0.0,0.0,0.0,40.0,35.0,0.0,786.15
25.0,0.0,0.0,0.0,0.0,0.0,0.0,45.0,30.0,0.0,725.15
25.0,0.0,0.0,0.0,0.0,0.0,75.0,0.0,0.0,0.0,671.15
25.0,5.0,0.0,0.0,70.0,0.0,0.0,0.0,0.0,0.0,445.15
25.0,5.0,0.0,5.0,65.0,0.0,0.0,0.0,0.0,0.0,477.15
25.0,6.0,0.0,0.0,0.0,0.0,0.0,19.0,50.0,0.0,563.15
25.0,10.0,0.0,0.0,0.0,0.0,0.0,0.0,65.0,0.0,437.15
25.0,10.0,0.0,0.0,0.0,0.0,0.0,15.0,50.0,0.0,593.075
25.0,10.0,0.0,0.0,0.0,0.0,0.0,25.0,40.0,0.0,668.15
25.0,12.0,0.0,0.0,0.0,0.0,0.0,13.0,50.0,0.0,543.15
25.0,15.0,0.0,0.0,0.0,0.0,0.0,10.0,50.0,0.0,527.15
25.0,15.0,0.0,0.0,0.0,0.0,0.0,20.0,40.0,0.0,653.15
25.0,15.0,0.0,0.0,0.0,0.0,60.0,0.0,0.0,0.0,444.15
25.0,15.0,0.0,0.0,60.0,0.0,0.0,0.0,0.0,0.0,558.0
25.0,17.0,0.0,0.0,0.0,0.0,0.0,18.0,40.0,0.0,643.15
25.0,30.0,0.0,0.0,45.0,0.0,0.0,0.0,0.0,0.0,703.0
26.0,0.0,0.0,0.0,60.0,14.0,0.0,0.0,0.0,0.0,1081.0
27.5,5.0,0.0,0.0,67.5,0.0,0.0,0.0,0.0,0.0,452.15
27.5,5.0,0.0,5.0,62.5,0.0,0.0,0.0,0.0,0.0,485.15
28.0,0.0,0.0,0.0,0.0,0.0,72.0,0.0,0.0,0.0,402.15
28.0,0.0,0.0,0.0,42.0,0.0,15.0,0.0,0.0,15.0,448.15
28.571428571428573,0.0,0.0,0.0,71.42857142857143,0.0,0.0,0.0,0.0,0.0,457.15
29.0,0.0,0.0,0.0,0.0,0.0,71.0,0.0,0.0,0.0,405.15
30.0,0.0,0.0,0.0,0.0,0.0,0.0,15.0,55.0,0.0,483.15
30.0,0.0,0.0,0.0,0.0,0.0,0.0,25.0,45.0,0.0,604.15
30.0,0.0,0.0,0.0,0.0,0.0,0.0,30.0,40.0,0.0,633.15
30.0,0.0,0.0,0.0,0.0,0.0,0.0,37.0,33.0,0.0,777.15
30.0,0.0,0.0,0.0,0.0,0.0,0.0,40.0,30.0,0.0,730.15
30.0,0.0,0.0,0.0,0.0,0.0,53.333333333333336,0.0,0.0,16.666666666666668,408.15
30.0,0.0,0.0,0.0,0.0,0.0,70.0,0.0,0.0,0.0,409.65
30.0,5.0,0.0,0.0,65.0,0.0,0.0,0.0,0.0,0.0,471.15
30.0,5.0,0.0,5.0,60.0,0.0,0.0,0.0,0.0,0.0,471.15
30.0,20.0,0.0,0.0,0.0,0.0,30.0,0.0,20.0,0.0,556.0
30.0,30.0,0.0,0.0,40.0,0.0,0.0,0.0,0.0,0.0,713.0
32.0,0.0,0.0,0.0,48.0,0.0,10.0,0.0,0.0,10.0,448.15
32.0,6.666666666666667,0.0,0.0,48.0,0.0,13.333333333333334,0.0,0.0,0.0,520.0
32.5,5.0,0.0,0.0,62.5,0.0,0.0,0.0,0.0,0.0,490.15
33.0,0.0,0.0,0.0,0.0,0.0,67.0,0.0,0.0,0.0,428.15
33.0,0.0,0.0,0.0,67.0,0.0,0.0,0.0,0.0,0.0,493.0
33.33,0.0,0.0,0.0,33.33,0.0,33.34,0.0,0.0,0.0,470.0
33.333333333333336,0.0,0.0,0.0,0.0,0.0,66.66666666666667,0.0,0.0,0.0,469.15
34.0,0.0,0.0,0.0,14.99,3.0,48.01,0.0,0.0,0.0,473.0
34.0,0.0,0.0,0.0,51.0,0.0,7.5,0.0,0.0,7.5,448.15
35.0,0.0,0.0,0.0,0.0,0.0,0.0,10.0,55.0,0.0,459.15
35.0,0.0,0.0,0.0,0.0,0.0,65.0,0.0,0.0,0.0,707.15
35.0,0.0,0.0,0.0,10.0,0.0,35.0,0.0,20.0,0.0,449.0
35.0,5.0,0.0,0.0,60.0,0.0,0.0,0.0,0.0,0.0,492.15
36.0,0.0,0.0,0.0,54.0,0.0,5.0,0.0,0.0,5.0,443.15
36.0,0.0,0.0,0.0,60.0,4.0,0.0,0.0,0.0,0.0,1081.0
36.2,5.0,0.0,0.0,58.8,0.0,0.0,0.0,0.0,0.0,484.15
36.5,0.0,0.0,0.0,14.94,0.0,48.56,0.0,0.0,0.0,468.0
37.3,5.0,0.0,0.0,57.7,0.0,0.0,0.0,0.0,0.0,476.15
38.0,0.0,0.0,0.0,21.0,0.0,41.0,0.0,0.0,0.0,472.15
38.0,0.0,0.0,0.0,40.0,0.0,22.0,0.0,0.0,0.0,477.15
38.0,0.0,0.0,0.0,57.0,0.0,2.5,0.0,0.0,2.5,443.15
38.7,0.0,0.0,0.0,0.0,0.0,61.3,0.0,0.0,0.0,475.0
38.8,0.0,0.0,0.0,58.2,0.0,1.5,0.0,0.0,1.5,443.15
39.0,0.0,0.0,0.0,0.0,0.0,61.0,0.0,0.0,0.0,449.15
39.0,0.0,0.0,0.0,30.0,0.0,31.0,0.0,0.0,0.0,472.15
39.6,0.0,0.0,0.0,59.4,0.0,0.5,0.0,0.0,0.5,443.15
40.0,0.0,0.0,0.0,0.0,0.0,0.0,0.0,60.0,0.0,404.15
40.0,0.0,0.0,0.0,0.0,0.0,0.0,20.0,40.0,0.0,590.15
40.0,0.0,0.0,0.0,0.0,0.0,0.0,30.0,30.0,0.0,675.15
40.0,0.0,0.0,0.0,0.0,0.0,60.0,0.0,0.0,0.0,471.54999999999995
40.0,0.0,0.0,0.0,14.0,0.0,46.0,0.0,0.0,0.0,472.15
40.0,0.0,0.0,0.0,45.0,0.0,15.0,0.0,0.0,0.0,473.15
40.0,10.0,0.0,0.0,0.0,0.0,0.0,0.0,50.0,0.0,463.15
40.0,15.0,0.0,0.0,45.0,0.0,0.0,0.0,0.0,0.0,693.0
45.0,0.0,0.0,0.0,0.0,0.0,0.0,10.0,45.0,0.0,462.15
45.0,0.0,0.0,0.0,0.0,0.0,0.0,15.0,40.0,0.0,565.15
45.0,0.0,0.0,0.0,0.0,0.0,0.0,25.0,30.0,0.0,623.15
45.0,5.0,0.0,0.0,0.0,0.0,0.0,0.0,50.0,0.0,423.15
45.0,10.0,0.0,0.0,45.0,0.0,0.0,0.0,0.0,0.0,614.0
45.0,15.0,0.0,0.0,0.0,0.0,0.0,0.0,40.0,0.0,573.15
45.0,15.0,0.0,0.0,40.0,0.0,0.0,0.0,0.0,0.0,708.075
50.0,0.0,0.0,0.0,0.0,0.0,0.0,12.5,37.5,0.0,528.15
50.0,0.0,0.0,0.0,0.0,0.0,50.0,0.0,0.0,0.0,473.15
50.0,0.0,0.0,0.0,20.0,0.0,20.0,0.0,10.0,0.0,468.0
50.0,5.0,0.0,0.0,0.0,0.0,0.0,0.0,45.0,0.0,458.15
50.0,10.0,0.0,0.0,0.0,0.0,0.0,0.0,40.0,0.0,523.15
50.0,10.0,0.0,0.0,40.0,0.0,0.0,0.0,0.0,0.0,656.075
50.0,15.0,0.0,0.0,0.0,0.0,0.0,0.0,35.0,0.0,523.15
50.0,15.0,0.0,0.0,35.0,0.0,0.0,0.0,0.0,0.0,724.0
51.3,2.5,0.0,0.0,46.2,0.0,0.0,0.0,0.0,0.0,322.15
52.0,3.0,0.0,0.0,36.0,0.0,9.0,0.0,0.0,0.0,352.15
52.0,3.0,0.0,0.0,40.5,0.0,4.5,0.0,0.0,0.0,351.15
52.0,3.0,0.0,0.0,45.0,0.0,0.0,0.0,0.0,0.0,341.15
52.5,7.5,0.0,0.0,40.0,0.0,0.0,0.0,0.0,0.0,602.075
55.0,2.5,0.0,0.0,42.5,0.0,0.0,0.0,0.0,0.0,358.15
55.0,5.0,0.0,0.0,0.0,0.0,0.0,0.0,40.0,0.0,463.15
55.0,10.0,0.0,0.0,0.0,0.0,0.0,0.0,35.0,0.0,503.15
56.2,1.3,0.0,0.0,42.5,0.0,0.0,0.0,0.0,0.0,322.15
60.0,0.0,0.0,0.0,0.0,0.0,40.0,0.0,0.0,0.0,423.15
60.0,5.0,0.0,0.0,0.0,0.0,0.0,0.0,35.0,0.0,473.15
60.0,10.0,0.0,0.0,0.0,0.0,0.0,0.0,30.0,0.0,541.15
65.0,5.0,0.0,0.0,0.0,0.0,0.0,0.0,30.0,0.0,478.15
65.0,10.0,0.0,0.0,0.0,0.0,0.0,0.0,25.0,0.0,508.15
