As,B,Ga,Ge,Na,P,Pb,S,Sb,Se,Te,Tl,TEC
0.0,0.0,0.0,0.0,0.0,0.0,0.0,0.0,0.0,70.0,30.0,0.0,447.0
0.0,0.0,0.0,0.0,0.0,0.0,0.0,0.0,0.0,80.0,20.0,0.0,443.1323547
0.0,0.0,0.0,0.0,0.0,0.0,0.0,0.0,0.0,85.0,15.0,0.0,475.0
0.0,0.0,0.0,0.0,0.0,0.0,0.0,0.0,0.0,90.0,10.0,0.0,112.9019623
0.0,0.0,0.0,0.0,0.0,0.0,0.0,0.0,0.0,100.0,0.0,0.0,475.95773315
0.0,0.0,0.0,0.0,0.0,0.0,0.0,5.0,0.0,95.0,0.0,0.0,250.0
0.0,0.0,0.0,0.0,0.0,0.0,0.0,10.0,0.0,90.0,0.0,0.0,412.0
0.0,0.0,0.0,0.0,0.0,0.0,0.0,25.0,0.0,75.0,0.0,0.0,355.0
0.0,0.0,0.0,0.0,0.0,0.0,0.0,35.0,0.0,65.0,0.0,0.0,373.0
0.0,0.0,0.0,0.0,0.0,0.0,0.0,60.0,0.0,40.0,0.0,0.0,467.0
0.0,0.0,0.0,0.0,0.0,0.0,0.0,60.0,40.0,0.0,0.0,0.0,145.5
0.0,0.0,0.0,0.0,0.0,0.0,0.0,75.0,0.0,25.0,0.0,0.0,514.0
0.0,0.0,0.0,0.0,0.0,0.0,0.0,80.0,0.0,20.0,0.0,0.0,532.0
0.0,0.0,0.0,0.0,0.0,0.0,0.0,90.0,0.0,10.0,0.0,0.0,544.0
0.0,0.0,0.0,0.0,0.0,0.0,0.0,95.0,0.0,5.0,0.0,0.0,487.0
0.0,0.0,0.0,0.0,0.0,0.0,0.0,100.0,0.0,0.0,0.0,0.0,633.333313
0.0,0.0,0.0,0.0,0.0,0.0,50.0,50.0,0.0,0.0,0.0,0.0,280.0
0.0,0.0,0.0,0.0,0.0,5.0,0.0,0.0,0.0,95.0,0.0,0.0,400.0
0.0,0.0,0.0,0.0,0.0,6.0,0.0,0.0,0.0,53.99,40.01,0.0,349.0
0.0,0.0,0.0,0.0,0.0,6.0,0.0,0.0,0.0,54.0,40.0,0.0,349.0
0.0,0.0,0.0,0.0,0.0,7.0,0.0,0.0,0.0,63.0,30.0,0.0,355.0
0.0,0.0,0.0,0.0,0.0,7.0,0.0,0.0,0.0,63.03,29.97,0.0,355.0
0.0,0.0,0.0,0.0,0.0,8.0,0.0,0.0,0.0,72.0,20.0,0.0,370.0
0.0,0.0,0.0,0.0,0.0,9.0,0.0,0.0,0.0,81.0,10.0,0.0,382.0
0.0,0.0,0.0,0.0,0.0,9.0,0.0,0.0,0.0,81.01,9.99,0.0,382.0
0.0,0.0,0.0,0.0,0.0,10.0,0.0,0.0,0.0,90.0,0.0,0.0,392.0
0.0,0.0,0.0,0.0,0.0,11.5,0.0,0.0,0.0,48.5,40.0,0.0,321.0
0.0,0.0,0.0,0.0,0.0,12.0,0.0,0.0,0.0,48.02,39.98,0.0,320.5
0.0,0.0,0.0,0.0,0.0,14.0,0.0,0.0,0.0,56.0,30.0,0.0,321.0
0.0,0.0,0.0,0.0,0.0,14.01,0.0,0.0,0.0,56.02,29.97,0.0,320.5
0.0,0.0,0.0,0.0,0.0,16.0,0.0,0.0,0.0,64.0,20.0,0.0,301.3333333333333
0.0,0.0,0.0,0.0,0.0,16.67,0.0,0.0,0.0,83.33,0.0,0.0,378.90698239999995
0.0,0.0,0.0,0.0,0.0,17.0,0.0,0.0,0.0,43.0,40.0,0.0,357.0
0.0,0.0,0.0,0.0,0.0,17.15,0.0,0.0,0.0,42.88,39.97,0.0,357.0
0.0,0.0,0.0,0.0,0.0,18.0,0.0,0.0,0.0,72.0,10.0,0.0,354.0
0.0,0.0,0.0,0.0,0.0,18.02,0.0,0.0,0.0,72.07,9.91,0.0,352.0
0.0,0.0,0.0,0.0,0.0,20.0,0.0,0.0,0.0,50.0,30.0,0.0,348.0
0.0,0.0,0.0,0.0,0.0,20.0,0.0,0.0,0.0,80.0,0.0,0.0,373.75
0.0,0.0,0.0,0.0,0.0,22.88,0.0,0.0,0.0,57.21,19.91,0.0,328.0
0.0,0.0,0.0,0.0,0.0,23.0,0.0,0.0,0.0,57.0,20.0,0.0,328.0
0.0,0.0,0.0,0.0,0.0,25.5,0.0,0.0,0.0,64.5,10.0,0.0,348.0
0.0,0.0,0.0,0.0,0.0,25.64,0.0,0.0,0.0,64.1,10.26,0.0,348.0
0.0,0.0,0.0,0.0,0.0,28.01,0.0,0.0,0.0,42.02,29.97,0.0,396.0
0.0,0.0,0.0,0.0,0.0,28.6,0.0,0.0,0.0,71.4,0.0,0.0,370.0
0.0,0.0,0.0,0.0,0.0,28.6,0.0,0.0,0.0,71.40000000000002,0.0,0.0,370.0
0.0,0.0,0.0,0.0,0.0,31.95,0.0,0.0,0.0,47.92,20.13,0.0,396.0
0.0,0.0,0.0,0.0,0.0,32.0,0.0,0.0,0.0,48.0,20.0,0.0,396.0
0.0,0.0,0.0,0.0,0.0,35.97,0.0,0.0,0.0,53.96,10.07,0.0,396.0
0.0,0.0,0.0,0.0,0.0,36.0,0.0,0.0,0.0,54.0,10.0,0.0,396.0
0.0,0.0,0.0,0.0,0.0,66.67,0.0,0.0,0.0,33.33,0.0,0.0,601.75
0.0,0.0,0.0,0.0,23.333333333333332,18.571428571428573,0.0,58.095238095238095,0.0,0.0,0.0,0.0,137.0
0.0,0.0,0.0,0.0,26.666666666666668,17.142857142857142,0.0,56.19047619047619,0.0,0.0,0.0,0.0,77.0
0.0,0.0,0.0,0.0,30.0,15.714285714285714,0.0,54.285714285714285,0.0,0.0,0.0,0.0,68.0
0.0,0.0,0.0,0.0,33.333333333333336,14.285714285714286,0.0,52.38095238095238,0.0,0.0,0.0,0.0,56.0
0.0,0.0,0.0,0.0,36.666666666666664,12.857142857142858,0.0,50.47619047619048,0.0,0.0,0.0,0.0,67.5
0.0,0.0,0.0,0.0,40.0,11.428571428571429,0.0,48.57142857142857,0.0,0.0,0.0,0.0,65.0
0.0,0.0,0.0,2.0,0.0,0.0,0.0,0.0,0.0,98.0,0.0,0.0,460.0
0.0,0.0,0.0,3.3333333333333335,0.0,0.0,0.0,0.0,0.0,96.66666666666667,0.0,0.0,699.0
0.0,0.0,0.0,4.0,0.0,0.0,0.0,0.0,0.0,96.0,0.0,0.0,403.0
0.0,0.0,0.0,4.76,0.0,9.52,0.0,0.0,0.0,85.71,0.0,0.0,120.0
0.0,0.0,0.0,4.94,0.0,19.01,0.0,0.0,0.0,76.05,0.0,0.0,340.0
0.0,0.0,0.0,5.0,0.0,0.0,0.0,0.0,0.0,95.0,0.0,0.0,479.75
0.0,0.0,0.0,5.0,0.0,0.0,0.0,9.5,0.0,85.5,0.0,0.0,683.0
0.0,0.0,0.0,5.0,0.0,0.0,0.0,19.0,0.0,76.0,0.0,0.0,472.0
0.0,0.0,0.0,5.0,0.0,0.0,0.0,38.0,0.0,57.0,0.0,0.0,775.0
0.0,0.0,0.0,5.0,0.0,0.0,0.0,47.5,0.0,47.5,0.0,0.0,653.0
0.0,0.0,0.0,5.0,0.0,0.0,0.0,76.0,0.0,19.0,0.0,0.0,816.0
0.0,0.0,0.0,5.41,0.0,27.03,0.0,0.0,0.0,67.57,0.0,0.0,116.66666409999998
0.0,0.0,0.0,5.66,0.0,18.87,0.0,0.0,0.0,75.47,0.0,0.0,113.33333590000002
0.0,0.0,0.0,5.88,0.0,0.0,0.0,0.0,0.0,94.12,0.0,0.0,411.0
0.0,0.0,0.0,6.0,0.0,0.0,0.0,0.0,0.0,94.0,0.0,0.0,436.6666666666667
0.0,0.0,0.0,6.06,0.0,0.0,0.0,61.21199999999998,32.727999999999994,0.0,0.0,0.0,165.0
0.0,0.0,0.0,6.666666666666667,0.0,0.0,0.0,0.0,0.0,93.33333333333333,0.0,0.0,443.0
0.0,0.0,0.0,6.67,0.0,0.0,0.0,0.0,0.0,93.33,0.0,0.0,430.0
0.0,0.0,0.0,7.5,0.0,0.0,0.0,0.0,15.0,77.5,0.0,0.0,289.0
0.0,0.0,0.0,8.0,0.0,0.0,0.0,0.0,0.0,92.0,0.0,0.0,395.0
0.0,0.0,0.0,9.91,0.0,9.01,0.0,0.0,0.0,81.08,0.0,0.0,110.0
0.0,0.0,0.0,9.91,0.0,18.02,0.0,0.0,0.0,72.07,0.0,0.0,320.0
0.0,0.0,0.0,10.0,0.0,0.0,0.0,0.0,0.0,5.0,50.0,35.0,33.7999992
0.0,0.0,0.0,10.0,0.0,0.0,0.0,0.0,10.0,80.0,0.0,0.0,294.0
0.0,0.0,0.0,10.0,0.0,0.0,0.0,0.0,25.0,65.0,0.0,0.0,184.0
0.0,0.0,0.0,10.0,0.0,0.0,0.0,9.0,0.0,81.0,0.0,0.0,398.0
0.0,0.0,0.0,10.0,0.0,0.0,0.0,90.0,0.0,0.0,0.0,0.0,646.0
0.0,0.0,0.0,10.71,0.0,17.86,0.0,0.0,0.0,71.43,0.0,0.0,106.66666409999998
0.0,0.0,0.0,11.1,0.0,0.0,0.0,88.9,0.0,0.0,0.0,0.0,621.0
0.0,0.0,0.0,11.11,0.0,0.0,0.0,88.89,0.0,0.0,0.0,0.0,620.0
0.0,0.0,0.0,12.3,0.0,0.0,0.0,87.7,0.0,0.0,0.0,0.0,597.0
0.0,0.0,0.0,12.5,0.0,0.0,0.0,0.0,15.0,72.5,0.0,0.0,249.0
0.0,0.0,0.0,12.5,0.0,0.0,0.0,0.0,20.0,67.5,0.0,0.0,198.0
0.0,0.0,0.0,12.5,0.0,0.0,0.0,0.0,25.0,62.5,0.0,0.0,158.0
0.0,0.0,0.0,12.5,0.0,0.0,0.0,87.5,0.0,0.0,0.0,0.0,520.0
0.0,0.0,0.0,13.33,0.0,0.0,0.0,0.0,0.0,86.67,0.0,0.0,321.0
0.0,0.0,0.0,13.333333333333334,0.0,0.0,0.0,0.0,0.0,86.66666666666667,0.0,0.0,149.0
0.0,0.0,0.0,13.333333333333334,40.0,0.0,0.0,46.66666666666667,0.0,0.0,0.0,0.0,220.0
0.0,0.0,0.0,14.3,0.0,0.0,0.0,85.7,0.0,0.0,0.0,0.0,508.0
0.0,0.0,0.0,14.97,0.0,17.01,0.0,0.0,0.0,68.03,0.0,0.0,260.0
0.0,0.0,0.0,15.0,0.0,0.0,0.0,0.0,0.0,8.0,60.0,17.0,33.4000015
0.0,0.0,0.0,15.0,0.0,0.0,0.0,0.0,0.0,15.0,40.0,30.0,36.0
0.0,0.0,0.0,15.0,0.0,0.0,0.0,0.0,0.0,85.0,0.0,0.0,313.0
0.0,0.0,0.0,15.0,0.0,0.0,0.0,0.0,10.0,75.0,0.0,0.0,223.66666666666666
0.0,0.0,0.0,15.0,0.0,0.0,0.0,0.0,15.0,70.0,0.0,0.0,201.0
0.0,0.0,0.0,15.0,0.0,0.0,0.0,0.0,20.0,65.0,0.0,0.0,182.0
0.0,0.0,0.0,15.0,0.0,0.0,0.0,0.0,22.0,63.0,0.0,0.0,176.0
0.0,0.0,0.0,15.0,0.0,0.0,0.0,0.0,25.0,60.0,0.0,0.0,114.95000074999999
0.0,0.0,0.0,15.0,0.0,0.0,0.0,8.5,0.0,76.5,0.0,0.0,330.0
0.0,0.0,0.0,15.0,0.0,0.0,0.0,17.0,0.0,68.0,0.0,0.0,336.0
0.0,0.0,0.0,15.0,0.0,0.0,0.0,68.0,0.0,17.0,0.0,0.0,440.0
0.0,0.0,0.0,15.25,0.0,8.47,0.0,0.0,0.0,76.27,0.0,0.0,96.66666409999999
0.0,0.0,0.0,15.25,0.0,16.95,0.0,0.0,0.0,67.8,0.0,0.0,83.33333590000001
0.0,0.0,0.0,15.383333333333333,0.0,0.0,0.0,63.07666666666667,21.54,0.0,0.0,0.0,166.0
0.0,0.0,0.0,16.0,0.0,0.0,0.0,0.0,0.0,8.0,70.0,6.0,33.9000015
0.0,0.0,0.0,16.67,0.0,0.0,0.0,0.0,20.0,63.33,0.0,0.0,156.0
0.0,0.0,0.0,16.67,0.0,0.0,0.0,83.33,0.0,0.0,0.0,0.0,480.0
0.0,0.0,0.0,16.7,0.0,0.0,0.0,83.3,0.0,0.0,0.0,0.0,478.0
0.0,0.0,0.0,17.0,0.0,0.0,0.0,0.0,0.0,83.0,0.0,0.0,311.0
0.0,0.0,0.0,17.0,0.0,0.0,20.0,59.4,3.6,0.0,0.0,0.0,148.0
0.0,0.0,0.0,17.223333333333333,0.0,0.0,0.0,0.0,0.0,82.77666666666667,0.0,0.0,145.0
0.0,0.0,0.0,17.5,0.0,0.0,0.0,0.0,15.0,67.5,0.0,0.0,199.0
0.0,0.0,0.0,18.0,0.0,0.0,0.0,0.0,0.0,9.0,70.0,3.0,34.7000008
0.0,0.0,0.0,18.0,0.0,0.0,0.0,0.0,0.0,82.0,0.0,0.0,303.0
0.0,0.0,0.0,18.333333333333332,0.0,0.0,0.0,63.666666666666664,18.0,0.0,0.0,0.0,165.0
0.0,0.0,0.0,19.0,0.0,0.0,0.0,0.0,0.0,13.0,60.0,8.0,32.0
0.0,0.0,0.0,20.0,0.0,0.0,0.0,0.0,0.0,0.0,80.0,0.0,89.0
0.0,0.0,0.0,20.0,0.0,0.0,0.0,0.0,0.0,5.0,60.0,15.0,32.5
0.0,0.0,0.0,20.0,0.0,0.0,0.0,0.0,0.0,10.0,50.0,20.0,34.4000015
0.0,0.0,0.0,20.0,0.0,0.0,0.0,0.0,0.0,80.0,0.0,0.0,267.0
0.0,0.0,0.0,20.0,0.0,0.0,0.0,0.0,5.0,75.0,0.0,0.0,224.0
0.0,0.0,0.0,20.0,0.0,0.0,0.0,0.0,10.0,70.0,0.0,0.0,194.0
0.0,0.0,0.0,20.0,0.0,0.0,0.0,0.0,15.0,65.0,0.0,0.0,160.0
0.0,0.0,0.0,20.0,0.0,0.0,0.0,0.0,16.0,64.0,0.0,0.0,167.0
0.0,0.0,0.0,20.0,0.0,0.0,0.0,0.0,25.0,55.0,0.0,0.0,137.0
0.0,0.0,0.0,20.0,0.0,0.0,0.0,8.0,0.0,72.0,0.0,0.0,281.0
0.0,0.0,0.0,20.0,0.0,0.0,0.0,16.0,0.0,64.0,0.0,0.0,276.0
0.0,0.0,0.0,20.0,0.0,0.0,0.0,32.0,0.0,48.0,0.0,0.0,274.0
0.0,0.0,0.0,20.0,0.0,0.0,0.0,40.0,0.0,40.0,0.0,0.0,286.0
0.0,0.0,0.0,20.0,0.0,0.0,0.0,48.0,0.0,32.0,0.0,0.0,280.0
0.0,0.0,0.0,20.0,0.0,0.0,0.0,64.0,0.0,16.0,0.0,0.0,304.0
0.0,0.0,0.0,20.0,0.0,0.0,0.0,80.0,0.0,0.0,0.0,0.0,321.0
0.0,0.0,0.0,20.0,0.0,8.0,0.0,0.0,0.0,72.0,0.0,0.0,80.0
0.0,0.0,0.0,20.666666666666664,0.0,0.0,23.5,0.0,0.0,55.83333333333333,0.0,0.0,178.0
0.0,0.0,0.0,20.84,0.0,0.0,0.0,0.0,15.0,64.16,0.0,0.0,154.0
0.0,0.0,0.0,21.0,0.0,0.0,0.0,0.0,0.0,16.0,55.0,8.0,31.0
0.0,0.0,0.0,21.0,0.0,0.0,0.0,0.0,0.0,79.0,0.0,0.0,270.0
0.0,0.0,0.0,21.0,0.0,0.0,24.0,0.0,0.0,55.0,0.0,0.0,181.0
0.0,0.0,0.0,21.666666666666668,0.0,0.0,0.0,64.33333333333334,14.0,0.0,0.0,0.0,166.0
0.0,0.0,0.0,21.9,0.0,0.0,0.0,0.0,13.1,65.0,0.0,0.0,179.0
0.0,0.0,0.0,22.0,0.0,0.0,0.0,0.0,0.0,18.0,50.0,10.0,36.0999985
0.0,0.0,0.0,22.0,0.0,0.0,0.0,0.0,18.0,60.0,0.0,0.0,152.0
0.0,0.0,0.0,22.0,0.0,0.0,23.0,0.0,0.0,55.0,0.0,0.0,178.0
0.0,0.0,0.0,22.0,0.0,0.0,23.0,55.0,0.0,0.0,0.0,0.0,153.80000305
0.0,0.0,0.0,22.223333333333333,0.0,0.0,0.0,64.44466666666666,13.331999999999999,0.0,0.0,0.0,167.0
0.0,0.0,0.0,22.233333333333334,0.0,9.514285714285714,0.0,68.25238095238095,0.0,0.0,0.0,0.0,277.0
0.0,0.0,0.0,22.333333333333332,0.0,9.428571428571429,0.0,68.23809523809524,0.0,0.0,0.0,0.0,244.0
0.0,0.0,0.0,22.5,0.0,0.0,0.0,0.0,0.0,77.5,0.0,0.0,260.0
0.0,0.0,0.0,23.0,0.0,0.0,0.0,0.0,0.0,18.0,55.0,4.0,36.0
0.0,0.0,0.0,23.0,0.0,0.0,22.0,0.0,0.0,55.0,0.0,0.0,173.0
0.0,0.0,0.0,23.166666666666664,0.0,0.0,21.0,0.0,0.0,55.83333333333333,0.0,0.0,176.0
0.0,0.0,0.0,24.0,0.0,0.0,0.0,0.0,0.0,10.0,60.0,6.0,165.0
0.0,0.0,0.0,24.0,0.0,0.0,0.0,0.0,0.0,16.0,50.0,10.0,172.0
0.0,0.0,0.0,24.0,0.0,0.0,0.0,0.0,0.0,16.0,60.0,0.0,161.0
0.0,0.0,0.0,24.0,0.0,0.0,21.0,0.0,0.0,55.0,0.0,0.0,168.0
0.0,0.0,0.0,24.166666666666664,0.0,0.0,20.0,0.0,0.0,55.83333333333333,0.0,0.0,173.0
0.0,0.0,0.0,24.91,0.0,0.0,0.0,74.73999999999998,0.0,0.0,0.0,0.0,142.0
0.0,0.0,0.0,24.96,0.0,0.0,0.0,74.87,0.0,0.0,0.0,0.0,142.0
0.0,0.0,0.0,25.0,0.0,0.0,0.0,0.0,0.0,20.0,50.0,5.0,30.7999992
0.0,0.0,0.0,25.0,0.0,0.0,0.0,0.0,0.0,75.0,0.0,0.0,227.33333333333334
0.0,0.0,0.0,25.0,0.0,0.0,0.0,0.0,5.0,70.0,0.0,0.0,183.0
0.0,0.0,0.0,25.0,0.0,0.0,0.0,0.0,10.0,65.0,0.0,0.0,153.375
0.0,0.0,0.0,25.0,0.0,0.0,0.0,0.0,15.0,60.0,0.0,0.0,147.0
0.0,0.0,0.0,25.0,0.0,0.0,0.0,7.5,0.0,67.5,0.0,0.0,222.0
0.0,0.0,0.0,25.0,0.0,0.0,0.0,15.0,0.0,60.0,0.0,0.0,214.0
0.0,0.0,0.0,25.0,0.0,0.0,0.0,30.0,0.0,45.0,0.0,0.0,214.0
0.0,0.0,0.0,25.0,0.0,0.0,0.0,37.5,0.0,37.5,0.0,0.0,227.0
0.0,0.0,0.0,25.0,0.0,0.0,0.0,45.0,0.0,30.0,0.0,0.0,231.0
0.0,0.0,0.0,25.0,0.0,0.0,0.0,60.0,0.0,15.0,0.0,0.0,218.0
0.0,0.0,0.0,25.0,0.0,0.0,0.0,65.0,10.0,0.0,0.0,0.0,167.0
0.0,0.0,0.0,25.0,0.0,0.0,20.0,0.0,0.0,55.0,0.0,0.0,164.0
0.0,0.0,0.0,25.459999999999997,15.746666666666668,0.0,0.0,58.79333333333333,0.0,0.0,0.0,0.0,146.4855804
0.0,0.0,0.0,25.6,0.0,0.0,0.0,63.9,10.5,0.0,0.0,0.0,156.0
0.0,0.0,0.0,25.666666666666664,0.0,0.0,18.5,0.0,0.0,55.83333333333333,0.0,0.0,172.0
0.0,0.0,0.0,25.83,11.313333333333333,0.0,2.77,60.086666666666666,0.0,0.0,0.0,0.0,155.2672119
0.0,0.0,0.0,26.46,0.0,0.0,0.0,0.0,6.91,66.63,0.0,0.0,61.13000110000001
0.0,0.0,0.0,26.5,0.0,0.0,18.5,0.0,0.0,55.0,0.0,0.0,169.0
0.0,0.0,0.0,26.666666666666664,0.0,0.0,17.5,0.0,0.0,55.83333333333333,0.0,0.0,169.0
0.0,0.0,0.0,26.8,0.0,0.0,0.0,62.9,10.3,0.0,0.0,0.0,157.0
0.0,0.0,0.0,27.0,0.0,0.0,0.0,0.0,13.0,60.0,0.0,0.0,131.09999845
0.0,0.0,0.0,27.0,0.0,0.0,0.0,67.7,5.3,0.0,0.0,0.0,182.0
0.0,0.0,0.0,27.0,0.0,0.0,16.5,0.0,0.0,56.0,0.0,0.0,163.5599976
0.0,0.0,0.0,27.0,0.0,0.0,17.0,0.0,0.0,56.0,0.0,0.0,142.4799957
0.0,0.0,0.0,27.0,0.0,0.0,19.0,0.0,0.0,54.0,0.0,0.0,171.0
0.0,0.0,0.0,27.449999999999992,0.0,0.0,0.0,65.48999999999998,7.06,0.0,0.0,0.0,152.0
0.0,0.0,0.0,27.5,0.0,0.0,17.5,0.0,0.0,55.0,0.0,0.0,171.0
0.0,0.0,0.0,27.5,0.0,0.0,17.5,55.0,0.0,0.0,0.0,0.0,152.09999845
0.0,0.0,0.0,27.766666666666666,0.0,4.771428571428571,0.0,67.46190476190476,0.0,0.0,0.0,0.0,185.0
0.0,0.0,0.0,27.775,0.0,0.0,16.665,0.0,0.0,55.55,0.0,0.0,155.0
0.0,0.0,0.0,27.916666666666664,0.0,0.0,16.25,0.0,0.0,55.83333333333333,0.0,0.0,164.0
0.0,0.0,0.0,28.0,0.0,0.0,0.0,0.0,12.0,60.0,0.0,0.0,139.96666463333335
0.0,0.0,0.0,28.0,0.0,0.0,0.0,0.0,15.0,57.0,0.0,0.0,134.0
0.0,0.0,0.0,28.183333333333334,0.0,0.0,15.45,0.0,0.0,56.366666666666674,0.0,0.0,162.0
0.0,0.0,0.0,28.333333333333332,0.0,0.0,0.0,65.66666666666666,6.0,0.0,0.0,0.0,152.0
0.0,0.0,0.0,29.0,0.0,0.0,0.0,0.0,0.0,19.0,52.0,0.0,170.0
0.0,0.0,0.0,29.0,0.0,0.0,16.0,0.0,0.0,55.0,0.0,0.0,167.0
0.0,0.0,0.0,29.166666666666664,0.0,0.0,0.0,50.83333333333333,0.0,0.0,0.0,20.0,66.6999969
0.0,0.0,0.0,29.166666666666664,0.0,0.0,15.0,0.0,0.0,55.83333333333333,0.0,0.0,155.0
0.0,0.0,0.0,29.17,0.0,0.0,0.0,0.0,5.0,65.83,0.0,0.0,150.0
0.0,0.0,0.0,29.63,0.0,0.0,0.0,65.926,4.444,0.0,0.0,0.0,149.0
0.0,0.0,0.0,29.67333333333333,0.0,3.1371428571428575,0.0,67.1895238095238,0.0,0.0,0.0,0.0,185.0
0.0,0.0,0.0,30.0,0.0,0.0,0.0,0.0,0.0,70.0,0.0,0.0,185.0
0.0,0.0,0.0,30.0,0.0,0.0,0.0,0.0,10.0,60.0,0.0,0.0,140.0
0.0,0.0,0.0,30.0,0.0,0.0,0.0,28.0,0.0,42.0,0.0,0.0,185.0
0.0,0.0,0.0,30.0,0.0,0.0,0.0,35.0,0.0,35.0,0.0,0.0,172.0
0.0,0.0,0.0,30.0,0.0,0.0,0.0,42.0,0.0,28.0,0.0,0.0,152.0
0.0,0.0,0.0,30.0,0.0,0.0,0.0,56.0,0.0,14.0,0.0,0.0,178.0
0.0,0.0,0.0,30.0,0.0,0.0,0.0,66.0,4.0,0.0,0.0,0.0,149.0
0.0,0.0,0.0,30.0,0.0,0.0,0.0,70.0,0.0,0.0,0.0,0.0,147.0
0.0,0.0,0.0,30.0,0.0,0.0,15.0,0.0,0.0,55.0,0.0,0.0,161.0
0.0,0.0,0.0,30.0,0.0,2.857142857142857,0.0,67.14285714285714,0.0,0.0,0.0,0.0,158.0
0.0,0.0,0.0,30.0,0.0,10.0,0.0,60.0,0.0,0.0,0.0,0.0,150.0
0.0,0.0,0.0,30.666666666666664,0.0,0.0,13.5,0.0,0.0,55.83333333333333,0.0,0.0,172.0
0.0,0.0,0.0,30.73,0.0,0.0,0.0,0.0,11.01,58.26,0.0,0.0,149.0
0.0,0.0,0.0,30.74,0.0,0.0,0.0,0.0,11.18,58.08,0.0,0.0,158.0
0.0,0.0,0.0,31.0,0.0,0.0,0.0,0.0,7.92,61.08,0.0,0.0,158.0
0.0,0.0,0.0,31.2,0.0,1.8285714285714287,0.0,66.97142857142858,0.0,0.0,0.0,0.0,158.0
0.0,0.0,0.0,31.5,0.0,0.0,13.5,0.0,0.0,55.0,0.0,0.0,158.0
0.0,0.0,0.0,31.58,0.0,0.0,0.0,66.316,2.104,0.0,0.0,0.0,132.0
0.0,0.0,0.0,31.666666666666664,0.0,0.0,12.5,0.0,0.0,55.83333333333333,0.0,0.0,176.0
0.0,0.0,0.0,31.666666666666668,0.0,0.0,0.0,66.33333333333334,2.0,0.0,0.0,0.0,132.0
0.0,0.0,0.0,32.0,0.0,0.0,0.0,0.0,5.0,63.0,0.0,0.0,140.0
0.0,0.0,0.0,32.0,0.0,0.0,0.0,0.0,10.0,58.0,0.0,0.0,130.0
0.0,0.0,0.0,32.5,0.0,0.0,0.0,0.0,0.0,22.5,45.0,0.0,162.0
0.0,0.0,0.0,32.5,0.0,0.0,12.5,0.0,0.0,55.0,0.0,0.0,157.0
0.0,0.0,0.0,32.916666666666664,0.0,0.0,11.25,0.0,0.0,55.83333333333333,0.0,0.0,172.0
0.0,0.0,0.0,33.3,0.0,0.0,0.0,66.7,0.0,0.0,0.0,0.0,61.0
0.0,0.0,0.0,33.33,0.0,0.0,0.0,0.0,0.0,33.33,33.33,0.0,145.0
0.0,0.0,0.0,33.333333333333336,0.0,0.0,0.0,53.333333333333336,0.0,0.0,0.0,13.333333333333334,67.9000015
0.0,0.0,0.0,33.333333333333336,0.0,0.0,0.0,66.66666666666667,0.0,0.0,0.0,0.0,130.0
0.0,0.0,0.0,33.5,0.0,0.0,11.5,0.0,0.0,55.0,0.0,0.0,154.0
0.0,0.0,0.0,33.5,0.0,0.0,11.5,55.0,0.0,0.0,0.0,0.0,145.75
0.0,0.0,0.0,33.6,0.0,0.0,0.0,0.0,0.0,66.4,0.0,0.0,56.38000110000001
0.0,0.0,0.0,33.8,0.0,0.0,0.0,66.2,0.0,0.0,0.0,0.0,135.0
0.0,0.0,0.0,35.0,0.0,0.0,0.0,0.0,0.0,65.0,0.0,0.0,130.0
0.0,0.0,0.0,35.0,0.0,0.0,0.0,0.0,5.0,60.0,0.0,0.0,128.66666666666666
0.0,0.0,0.0,35.0,0.0,0.0,10.0,0.0,0.0,55.0,0.0,0.0,149.0
0.0,0.0,0.0,35.0,0.0,5.0,0.0,60.0,0.0,0.0,0.0,0.0,130.0
0.0,0.0,0.0,35.52000000000001,0.0,0.0,0.0,64.48,0.0,0.0,0.0,0.0,120.0
0.0,0.0,0.0,36.36,0.0,0.0,0.0,63.64,0.0,0.0,0.0,0.0,120.0
0.0,0.0,0.0,37.5,0.0,0.0,0.0,55.833333333333336,0.0,0.0,0.0,6.666666666666667,69.6999969
0.0,0.0,0.0,37.5,0.0,0.0,7.5,0.0,0.0,55.0,0.0,0.0,142.0
0.0,0.0,0.0,38.1,0.0,0.0,0.0,61.9,0.0,0.0,0.0,0.0,110.0
0.0,0.0,0.0,39.25,0.0,0.0,5.75,55.0,0.0,0.0,0.0,0.0,129.75
0.0,0.0,0.0,39.43000000000001,0.0,0.0,2.44,0.0,0.0,58.13,0.0,0.0,134.0
0.0,0.0,0.0,39.7,0.0,0.0,0.0,0.0,0.0,60.3,0.0,0.0,133.0
0.0,0.0,0.0,39.8,0.0,0.0,0.0,0.0,0.0,60.2,0.0,0.0,134.0
0.0,0.0,0.0,40.0,0.0,0.0,0.0,0.0,0.0,40.0,20.0,0.0,135.0
0.0,0.0,0.0,40.0,0.0,0.0,0.0,0.0,0.0,60.0,0.0,0.0,133.5
0.0,0.0,0.0,40.0,0.0,0.0,0.0,6.0,0.0,54.0,0.0,0.0,126.0
0.0,0.0,0.0,40.0,0.0,0.0,0.0,12.0,0.0,48.0,0.0,0.0,131.0
0.0,0.0,0.0,40.0,0.0,0.0,0.0,24.0,0.0,36.0,0.0,0.0,127.0
0.0,0.0,0.0,40.0,0.0,0.0,0.0,30.0,0.0,30.0,0.0,0.0,126.0
0.0,0.0,0.0,40.0,0.0,0.0,0.0,36.0,0.0,24.0,0.0,0.0,132.0
0.0,0.0,0.0,40.0,0.0,0.0,0.0,48.0,0.0,12.0,0.0,0.0,128.0
0.0,0.0,0.0,40.3,0.0,0.0,0.0,0.0,0.0,59.7,0.0,0.0,128.0
0.0,0.0,0.0,40.4,0.0,0.0,0.0,0.0,0.0,59.6,0.0,0.0,131.0
0.0,0.0,0.0,40.65,0.0,0.0,0.0,0.0,0.0,59.35,0.0,0.0,132.0
0.0,0.0,0.0,41.66666666666667,0.0,0.0,0.0,0.0,0.0,58.333333333333336,0.0,0.0,137.5
0.0,0.0,0.0,41.66666666666667,0.0,0.0,0.0,58.333333333333336,0.0,0.0,0.0,0.0,101.33333333333333
0.0,0.0,0.0,41.67,0.0,0.0,0.0,0.0,0.0,58.33,0.0,0.0,123.0
0.0,0.0,0.0,41.8,0.0,0.0,0.0,0.0,0.0,58.2,0.0,0.0,123.0
0.0,0.0,0.0,42.55,0.0,0.0,0.0,57.45,0.0,0.0,0.0,0.0,100.0
0.0,0.0,0.0,43.0,0.0,0.0,0.0,57.0,0.0,0.0,0.0,0.0,100.0
0.0,0.0,0.0,43.01,0.0,0.0,0.0,56.99,0.0,0.0,0.0,0.0,100.0
0.0,0.0,0.0,43.333333333333336,0.0,0.0,0.0,0.0,0.0,56.66666666666667,0.0,0.0,118.0
0.0,0.0,0.0,43.666666666666664,0.0,0.0,0.0,56.33333333333333,0.0,0.0,0.0,0.0,101.0
0.0,0.0,0.0,43.75,0.0,0.0,0.0,56.25,0.0,0.0,0.0,0.0,102.0
0.0,0.0,0.0,44.44,0.0,0.0,0.0,55.56,0.0,0.0,0.0,0.0,90.0
0.0,0.0,0.0,44.45,0.0,0.0,0.0,55.55,0.0,0.0,0.0,0.0,101.0
0.0,0.0,0.0,44.583333333333336,0.0,0.0,0.0,55.41666666666667,0.0,0.0,0.0,0.0,101.0
0.0,0.0,0.0,44.791666666666664,0.0,0.0,0.0,55.20833333333333,0.0,0.0,0.0,0.0,99.0
0.0,0.0,0.0,45.0,0.0,0.0,0.0,55.0,0.0,0.0,0.0,0.0,113.15000155
0.0,0.0,0.0,52.63,0.0,0.0,0.0,0.0,0.0,47.37,0.0,0.0,360.0
0.0,0.0,0.0,66.67,0.0,0.0,0.0,33.33,0.0,0.0,0.0,0.0,117.59999850000001
0.0,0.0,0.0,100.0,0.0,0.0,0.0,0.0,0.0,0.0,0.0,0.0,61.0
0.0,0.0,1.0,27.5,0.0,0.0,0.0,65.5,6.0,0.0,0.0,0.0,146.0
0.0,0.0,2.0,16.666666666666668,0.0,0.0,0.0,63.333333333333336,18.0,0.0,0.0,0.0,180.0
0.0,0.0,2.0,18.333333333333332,0.0,0.0,0.0,63.666666666666664,16.0,0.0,0.0,0.0,161.0
0.0,0.0,2.0,20.0,0.0,0.0,0.0,64.0,14.0,0.0,0.0,0.0,165.0
0.0,0.0,2.0,21.666666666666668,0.0,0.0,0.0,64.33333333333334,12.0,0.0,0.0,0.0,161.0
0.0,0.0,2.0,23.333333333333332,0.0,0.0,0.0,64.66666666666666,10.0,0.0,0.0,0.0,158.0
0.0,0.0,2.0,25.0,0.0,0.0,0.0,65.0,8.0,0.0,0.0,0.0,154.0
0.0,0.0,2.0,26.666666666666668,0.0,0.0,0.0,65.33333333333334,6.0,0.0,0.0,0.0,140.0
0.0,0.0,2.0,28.333333333333332,0.0,0.0,0.0,65.66666666666666,4.0,0.0,0.0,0.0,135.0
0.0,0.0,2.0,30.0,0.0,0.0,0.0,66.0,2.0,0.0,0.0,0.0,124.0
0.0,0.0,2.2239999999999998,29.62666666666666,0.0,0.0,0.0,65.92533333333333,2.2239999999999998,0.0,0.0,0.0,124.0
0.0,0.0,2.352,27.453333333333333,0.0,0.0,0.0,65.49066666666667,4.704,0.0,0.0,0.0,135.0
0.0,0.0,2.5,25.0,0.0,0.0,0.0,65.0,7.5,0.0,0.0,0.0,140.0
0.0,0.0,2.6,24.0,0.0,0.0,0.0,63.0,10.4,0.0,0.0,0.0,148.0
0.0,0.0,2.668,22.22,0.0,0.0,0.0,64.444,10.668000000000001,0.0,0.0,0.0,154.0
0.0,0.0,2.856,19.05,0.0,0.0,0.0,63.81,14.284,0.0,0.0,0.0,158.0
0.0,0.0,3.0,22.0,0.0,0.0,0.0,65.0,10.0,0.0,0.0,0.0,148.0
0.0,0.0,3.0,25.833333333333332,0.0,0.0,0.0,65.16666666666666,6.0,0.0,0.0,0.0,140.0
0.0,0.0,3.0,30.0,0.0,0.0,0.0,67.0,0.0,0.0,0.0,0.0,104.40000075
0.0,0.0,3.076,15.383333333333333,0.0,0.0,0.0,63.07666666666666,18.464,0.0,0.0,0.0,161.0
0.0,0.0,3.332,11.11,0.0,0.0,0.0,62.22200000000001,23.336000000000002,0.0,0.0,0.0,165.0
0.0,0.0,3.4066666666666667,17.97,0.0,0.0,0.0,0.0,14.347999999999999,64.27533333333334,0.0,0.0,126.0
0.0,0.0,3.4066666666666667,17.97,0.0,0.0,0.0,64.27533333333334,14.347999999999999,0.0,0.0,0.0,132.0
0.0,0.0,3.6360000000000006,6.06,0.0,0.0,0.0,61.211999999999996,29.092000000000002,0.0,0.0,0.0,161.0
0.0,0.0,3.7,23.0,0.0,0.0,0.0,63.0,10.3,0.0,0.0,0.0,153.0
0.0,0.0,3.8866666666666667,20.55333333333333,0.0,0.0,0.0,0.0,10.672,64.888,0.0,0.0,124.0
0.0,0.0,3.8866666666666667,20.55333333333333,0.0,0.0,0.0,64.888,10.672,0.0,0.0,0.0,128.0
0.0,0.0,4.0,0.0,0.0,0.0,0.0,60.0,36.0,0.0,0.0,0.0,180.0
0.0,0.0,4.0,16.666666666666668,0.0,0.0,0.0,63.333333333333336,16.0,0.0,0.0,0.0,165.0
0.0,0.0,4.0,18.333333333333332,0.0,0.0,0.0,63.666666666666664,14.0,0.0,0.0,0.0,162.0
0.0,0.0,4.0,20.0,0.0,0.0,0.0,64.0,12.0,0.0,0.0,0.0,162.0
0.0,0.0,4.0,21.666666666666668,0.0,0.0,0.0,64.33333333333334,10.0,0.0,0.0,0.0,146.0
0.0,0.0,4.0,23.333333333333332,0.0,0.0,0.0,64.66666666666666,8.0,0.0,0.0,0.0,144.0
0.0,0.0,4.0,25.0,0.0,0.0,0.0,65.0,6.0,0.0,0.0,0.0,138.0
0.0,0.0,4.0,26.666666666666668,0.0,0.0,0.0,65.33333333333334,4.0,0.0,0.0,0.0,130.0
0.0,0.0,4.0,28.333333333333332,0.0,0.0,0.0,65.66666666666666,2.0,0.0,0.0,0.0,126.0
0.0,0.0,4.443333333333333,23.333333333333332,0.0,0.0,0.0,0.0,6.668000000000001,65.55533333333334,0.0,0.0,121.0
0.0,0.0,4.443333333333333,23.333333333333332,0.0,0.0,0.0,65.55533333333334,6.668000000000001,0.0,0.0,0.0,115.0
0.0,0.0,4.59,21.61,0.0,0.0,0.0,63.4,10.4,0.0,0.0,0.0,158.0
0.0,0.0,4.704,27.453333333333333,0.0,0.0,0.0,65.49066666666667,2.352,0.0,0.0,0.0,126.0
0.0,0.0,4.8,20.2,0.0,0.0,0.0,64.7,10.3,0.0,0.0,0.0,168.0
0.0,0.0,4.8,21.98,0.0,0.0,0.0,62.84,10.39,0.0,0.0,0.0,151.0
0.0,0.0,4.8,23.0,0.0,0.0,0.0,62.0,10.2,0.0,0.0,0.0,131.0
0.0,0.0,5.0,15.0,0.0,0.0,0.0,0.0,20.0,60.0,0.0,0.0,149.0
0.0,0.0,5.0,19.98,0.0,0.0,0.0,64.93,9.99,0.0,0.0,0.0,151.0
0.0,0.0,5.0,20.0,0.0,0.0,0.0,0.0,20.0,55.0,0.0,0.0,146.0
0.0,0.0,5.0,25.0,0.0,0.0,0.0,0.0,0.0,70.0,0.0,0.0,101.09999925
0.0,0.0,5.0,25.0,0.0,0.0,0.0,0.0,10.0,60.0,0.0,0.0,157.5
0.0,0.0,5.0,25.0,0.0,0.0,0.0,65.0,5.0,0.0,0.0,0.0,130.0
0.0,0.0,5.0,25.0,0.0,0.0,0.0,70.0,0.0,0.0,0.0,0.0,170.39999695
0.0,0.0,5.0,35.0,0.0,0.0,0.0,0.0,0.0,60.0,0.0,0.0,85.5
0.0,0.0,5.0,35.0,0.0,0.0,0.0,60.0,0.0,0.0,0.0,0.0,123.69999896666667
0.0,0.0,5.06,22.78,12.66,0.0,0.0,59.49,0.0,0.0,0.0,0.0,156.0
0.0,0.0,5.1,21.1,0.0,0.0,0.0,63.9,9.9,0.0,0.0,0.0,151.0
0.0,0.0,5.332,22.223333333333333,0.0,0.0,0.0,64.44466666666666,8.0,0.0,0.0,0.0,138.0
0.0,0.0,5.333333333333333,28.0,0.0,0.0,0.0,0.0,0.0,66.66666666666667,0.0,0.0,121.0
0.0,0.0,5.333333333333333,28.0,0.0,0.0,0.0,66.66666666666667,0.0,0.0,0.0,0.0,109.0
0.0,0.0,5.51,26.33,0.0,0.0,0.0,68.17,0.0,0.0,0.0,0.0,162.0
0.0,0.0,5.5566666666666675,22.22,0.0,0.0,0.0,0.0,6.668000000000001,65.55533333333334,0.0,0.0,122.0
0.0,0.0,5.5566666666666675,22.22,0.0,0.0,0.0,65.55533333333334,6.668000000000001,0.0,0.0,0.0,116.0
0.0,0.0,5.71,21.02,0.0,0.0,0.0,62.96,10.31,0.0,0.0,0.0,145.0
0.0,0.0,5.715999999999999,19.046666666666667,0.0,0.0,0.0,63.809333333333335,11.428,0.0,0.0,0.0,144.0
0.0,0.0,6.0,16.666666666666668,0.0,0.0,0.0,63.333333333333336,14.0,0.0,0.0,0.0,142.0
0.0,0.0,6.0,18.333333333333332,0.0,0.0,0.0,63.666666666666664,12.0,0.0,0.0,0.0,150.0
0.0,0.0,6.0,20.0,0.0,0.0,0.0,64.0,10.0,0.0,0.0,0.0,143.0
0.0,0.0,6.0,21.666666666666668,0.0,0.0,0.0,64.33333333333334,8.0,0.0,0.0,0.0,142.0
0.0,0.0,6.0,23.333333333333332,0.0,0.0,0.0,64.66666666666666,6.0,0.0,0.0,0.0,130.0
0.0,0.0,6.0,25.0,0.0,0.0,0.0,65.0,4.0,0.0,0.0,0.0,119.0
0.0,0.0,6.0,26.666666666666668,0.0,0.0,0.0,65.33333333333334,2.0,0.0,0.0,0.0,113.0
0.0,0.0,6.0,28.333333333333332,0.0,0.0,0.0,65.66666666666666,0.0,0.0,0.0,0.0,100.0
0.0,0.0,6.152,15.386666666666665,0.0,0.0,0.0,63.07733333333333,15.384,0.0,0.0,0.0,146.0
0.0,0.0,6.25,28.12,0.0,0.0,0.0,65.62,0.0,0.0,0.0,0.0,75.79999999999998
0.0,0.0,6.668000000000001,11.11,0.0,0.0,0.0,62.222,20.0,0.0,0.0,0.0,162.0
0.0,0.0,7.0,21.666666666666668,0.0,0.0,8.75,62.583333333333336,0.0,0.0,0.0,0.0,128.0
0.0,0.0,7.0,25.0,0.0,0.0,3.75,64.25,0.0,0.0,0.0,0.0,116.0
0.0,0.0,7.272,6.06,0.0,0.0,0.0,61.212,25.456,0.0,0.0,0.0,162.0
0.0,0.0,7.5,25.0,0.0,0.0,0.0,65.0,2.5,0.0,0.0,0.0,113.0
0.0,0.0,7.5,25.0,0.0,0.0,0.0,67.5,0.0,0.0,0.0,0.0,147.9
0.0,0.0,8.0,22.223333333333333,0.0,0.0,0.0,64.44466666666666,5.332,0.0,0.0,0.0,119.0
0.0,0.0,8.0,26.666666666666668,0.0,0.0,0.0,0.0,0.0,65.33333333333334,0.0,0.0,133.0
0.0,0.0,8.0,26.666666666666668,0.0,0.0,0.0,65.33333333333334,0.0,0.0,0.0,0.0,102.0
0.0,0.0,8.0,32.0,0.0,0.0,0.0,60.0,0.0,0.0,0.0,0.0,104.6
0.0,0.0,8.49,14.92,0.0,0.0,0.0,0.0,11.912,64.678,0.0,0.0,126.0
0.0,0.0,8.49,14.92,0.0,0.0,0.0,64.678,11.912,0.0,0.0,0.0,132.0
0.0,0.0,8.572,19.046666666666667,0.0,0.0,0.0,63.80933333333333,8.572,0.0,0.0,0.0,130.0
0.0,0.0,8.703333333333333,19.426666666666666,0.0,0.0,0.0,0.0,6.244,65.626,0.0,0.0,123.0
0.0,0.0,8.703333333333333,19.426666666666666,0.0,0.0,0.0,65.626,6.244,0.0,0.0,0.0,118.0
0.0,0.0,9.0,21.666666666666668,0.0,0.0,6.25,63.083333333333336,0.0,0.0,0.0,0.0,123.0
0.0,0.0,9.0,23.333333333333332,0.0,0.0,3.75,63.916666666666664,0.0,0.0,0.0,0.0,110.0
0.0,0.0,9.232,15.383333333333333,0.0,0.0,0.0,63.07666666666667,12.308,0.0,0.0,0.0,142.0
0.0,0.0,9.46,16.666666666666668,0.0,0.0,0.0,0.0,8.652,65.22133333333333,0.0,0.0,124.0
0.0,0.0,9.46,16.666666666666668,0.0,0.0,0.0,65.22133333333333,8.652,0.0,0.0,0.0,128.0
0.0,0.0,10.0,11.11,0.0,0.0,0.0,62.222,16.668,0.0,0.0,0.0,143.0
0.0,0.0,10.0,20.0,0.0,0.0,0.0,0.0,0.0,70.0,0.0,0.0,137.5
0.0,0.0,10.0,25.0,0.0,0.0,0.0,0.0,0.0,65.0,0.0,0.0,112.5
0.0,0.0,10.0,30.0,0.0,0.0,0.0,0.0,0.0,60.0,0.0,0.0,92.0
0.0,0.0,10.0,30.0,0.0,0.0,0.0,60.0,0.0,0.0,0.0,0.0,104.40000049999999
0.0,0.0,10.52,18.423333333333336,0.0,0.0,0.0,0.0,5.264,65.79266666666668,0.0,0.0,121.0
0.0,0.0,10.52,18.423333333333336,0.0,0.0,0.0,65.79266666666668,5.264,0.0,0.0,0.0,115.0
0.0,0.0,10.908,6.06,0.0,0.0,0.0,61.211999999999996,21.82,0.0,0.0,0.0,150.0
0.0,0.0,11.76,23.53,0.0,0.0,0.0,64.71,0.0,0.0,0.0,0.0,71.0
0.0,0.0,12.0,0.0,0.0,0.0,0.0,60.0,28.0,0.0,0.0,0.0,142.0
0.0,0.0,12.0,23.333333333333332,0.0,0.0,0.0,0.0,0.0,64.66666666666666,0.0,0.0,124.0
0.0,0.0,12.0,30.0,0.0,0.0,0.0,58.0,0.0,0.0,0.0,0.0,114.7
0.0,0.0,12.12,21.213333333333335,0.0,0.0,0.0,0.0,0.0,66.66666666666667,0.0,0.0,121.0
0.0,0.0,12.12,21.213333333333335,0.0,0.0,0.0,66.66666666666667,0.0,0.0,0.0,0.0,109.0
0.0,0.0,12.5,16.666666666666668,0.0,0.0,0.0,0.0,5.0,65.83333333333334,0.0,0.0,122.0
0.0,0.0,12.5,16.666666666666668,0.0,0.0,0.0,65.83333333333334,5.0,0.0,0.0,0.0,116.0
0.0,0.0,15.0,10.0,0.0,0.0,0.0,0.0,0.0,0.0,75.0,0.0,214.0
0.0,0.0,16.67,19.44,0.0,0.0,0.0,63.89,0.0,0.0,0.0,0.0,75.7
0.0,0.0,17.15,12.763333333333334,0.0,0.0,0.0,0.0,4.1,65.98666666666668,0.0,0.0,123.0
0.0,0.0,17.15,12.763333333333334,0.0,0.0,0.0,65.98666666666668,4.1,0.0,0.0,0.0,118.0
0.0,0.0,18.75,17.71,0.0,0.0,0.0,63.55,0.0,0.0,0.0,0.0,100.0
0.0,0.0,20.58,12.74,0.0,0.0,5.145,61.495000000000005,0.0,0.0,0.0,0.0,128.0
0.0,0.0,20.58,14.700000000000001,0.0,0.0,2.205,62.475,0.0,0.0,0.0,0.0,116.0
0.0,0.0,21.05,15.79,0.0,0.0,0.0,63.16,0.0,0.0,0.0,0.0,82.2
0.0,0.0,23.68,11.4,0.0,0.0,3.29,61.61000000000001,0.0,0.0,0.0,0.0,123.0
0.0,0.0,23.68,12.276666666666666,0.0,0.0,1.975,62.04833333333334,0.0,0.0,0.0,0.0,110.0
0.0,0.0,25.0,25.0,0.0,0.0,0.0,0.0,25.0,25.0,0.0,0.0,150.0
0.0,0.0,26.4,0.0,22.666666666666668,0.0,0.0,50.93333333333334,0.0,0.0,0.0,0.0,145.0
0.0,0.0,30.0,0.0,16.666666666666668,0.0,0.0,53.333333333333336,0.0,0.0,0.0,0.0,310.2
0.0,0.0,48.28,3.45,0.0,0.0,0.0,48.28,0.0,0.0,0.0,0.0,170.4
0.0,11.76,0.0,0.0,47.06,0.0,0.0,41.18,0.0,0.0,0.0,0.0,105.0
0.0,14.29,0.0,0.0,42.86,0.0,0.0,42.86,0.0,0.0,0.0,0.0,103.0
0.0,16.67,0.0,0.0,38.89,0.0,0.0,44.44,0.0,0.0,0.0,0.0,87.0
0.0,18.92,0.0,0.0,35.14,0.0,0.0,45.95,0.0,0.0,0.0,0.0,142.0
0.0,21.05,0.0,0.0,31.58,0.0,0.0,47.37,0.0,0.0,0.0,0.0,135.0
0.0,23.08,0.0,0.0,28.21,0.0,0.0,48.72,0.0,0.0,0.0,0.0,131.0
0.0,30.88,0.0,0.0,15.21,0.0,0.0,53.92,0.0,0.0,0.0,0.0,121.0
0.0,31.82,0.0,0.0,13.64,0.0,0.0,54.55,0.0,0.0,0.0,0.0,104.3
0.0,33.33,0.0,0.0,11.11,0.0,0.0,55.56,0.0,0.0,0.0,0.0,96.6
0.0,34.78,0.0,0.0,8.699999999999998,0.0,0.0,56.52,0.0,0.0,0.0,0.0,84.0
0.0,36.17,0.0,0.0,6.38,0.0,0.0,57.45,0.0,0.0,0.0,0.0,77.5
0.0,37.5,0.0,0.0,4.17,0.0,0.0,58.33,0.0,0.0,0.0,0.0,73.0
0.0,40.0,0.0,0.0,0.0,0.0,0.0,60.0,0.0,0.0,0.0,0.0,63.0
0.5,0.0,0.0,0.0,0.0,0.0,0.0,0.0,0.0,99.5,0.0,0.0,507.0
0.6839999999999999,0.0,15.75,19.62666666666667,0.0,0.0,0.0,63.89933333333334,0.0,0.0,0.0,0.0,105.0
1.0,0.0,0.0,0.0,0.0,0.0,0.0,0.0,0.0,99.0,0.0,0.0,469.0
1.0,0.0,0.0,29.753333333333334,0.0,2.3542857142857145,0.0,66.89238095238096,0.0,0.0,0.0,0.0,172.0
1.0,0.0,4.6,28.666666666666668,0.0,0.0,0.0,65.73333333333333,0.0,0.0,0.0,0.0,105.0
1.472,0.0,13.23,21.07,0.0,0.0,0.0,64.19800000000001,0.0,0.0,0.0,0.0,125.0
1.6800000000000002,0.0,0.0,27.766666666666666,0.0,3.5714285714285716,0.0,66.98190476190476,0.0,0.0,0.0,0.0,172.0
1.848,0.0,10.19,23.293333333333333,0.0,0.0,0.0,64.63866666666667,0.0,0.0,0.0,0.0,134.0
2.0,0.0,0.0,0.0,0.0,0.0,0.0,0.0,0.0,98.0,0.0,0.0,313.3333435
2.0,0.0,3.6,28.666666666666668,0.0,0.0,0.0,65.73333333333333,0.0,0.0,0.0,0.0,125.0
2.008,0.0,0.0,29.829999999999995,0.0,1.5685714285714287,0.0,66.59342857142856,0.0,0.0,0.0,0.0,163.0
2.32,0.0,2.56,29.266666666666666,0.0,0.0,0.0,65.85333333333332,0.0,0.0,0.0,0.0,134.0
2.4,0.0,0.0,31.333333333333332,0.0,0.0,0.0,0.0,0.0,66.26666666666667,0.0,0.0,145.60000305
2.992,0.0,0.0,29.913333333333327,0.0,0.7942857142857143,0.0,66.30038095238093,0.0,0.0,0.0,0.0,156.0
3.0,0.0,0.0,37.0,0.0,0.0,0.0,60.0,0.0,0.0,0.0,0.0,111.5
3.3600000000000003,0.0,0.0,27.766666666666666,0.0,2.3714285714285714,0.0,66.50190476190475,0.0,0.0,0.0,0.0,163.0
3.6360000000000006,0.0,4.54,26.503333333333334,0.0,0.0,0.0,65.28066666666666,0.0,0.0,0.0,0.0,146.0
3.7,0.0,0.0,18.81,0.0,3.7,0.0,73.79,0.0,0.0,0.0,0.0,269.0
3.75,0.0,0.0,18.75,0.0,3.75,0.0,73.75,0.0,0.0,0.0,0.0,269.0
3.896,0.0,6.89,24.329999999999995,0.0,0.0,0.0,64.84399999999998,0.0,0.0,0.0,0.0,151.0
4.0,0.0,0.0,14.0,0.0,0.0,0.0,0.0,0.0,82.0,0.0,0.0,278.0
4.0,0.0,0.0,30.0,0.0,0.0,0.0,0.0,0.0,66.0,0.0,0.0,148.5
4.0,0.0,0.0,30.0,0.0,0.0,0.0,66.0,0.0,0.0,0.0,0.0,100.0
4.0,0.0,0.0,36.0,0.0,0.0,0.0,60.0,0.0,0.0,0.0,0.0,119.0
4.0,0.0,1.0,29.166666666666668,0.0,0.0,0.0,65.83333333333334,0.0,0.0,0.0,0.0,146.0
4.164,0.0,8.33,22.906666666666666,0.0,0.0,0.0,64.54933333333334,0.0,0.0,0.0,0.0,120.0
4.17,0.0,0.0,20.83,0.0,4.17,0.0,70.83,0.0,0.0,0.0,0.0,212.0
4.2,0.0,0.0,20.79,0.0,4.2,0.0,70.81,0.0,0.0,0.0,0.0,212.0
4.268,0.0,0.0,28.803333333333327,0.0,0.8342857142857143,0.0,66.09438095238094,0.0,0.0,0.0,0.0,165.0
4.5200000000000005,0.0,1.6,28.233333333333334,0.0,0.0,0.0,65.64666666666668,0.0,0.0,0.0,0.0,151.0
4.576,0.0,0.0,27.41,0.0,1.8085714285714285,0.0,66.20542857142857,0.0,0.0,0.0,0.0,188.0
4.76,0.0,0.0,23.81,0.0,4.76,0.0,66.67,0.0,0.0,0.0,0.0,163.0
4.8,0.0,0.0,23.78,0.0,4.8,0.0,66.62,0.0,0.0,0.0,0.0,163.0
4.88,0.0,0.0,24.39,0.0,4.88,0.0,65.85,0.0,0.0,0.0,0.0,159.0
4.9,0.0,0.0,24.39,0.0,4.9,0.0,65.81,0.0,0.0,0.0,0.0,159.0
5.0,0.0,0.0,0.0,0.0,0.0,0.0,0.0,0.0,60.0,35.0,0.0,409.0
5.0,0.0,0.0,0.0,0.0,0.0,0.0,0.0,0.0,80.0,15.0,0.0,448.0
5.0,0.0,0.0,0.0,0.0,0.0,0.0,0.0,0.0,95.0,0.0,0.0,375.0
5.0,0.0,0.0,12.5,0.0,0.0,0.0,0.0,15.0,67.5,0.0,0.0,205.0
5.0,0.0,0.0,21.875,0.0,0.0,0.0,0.0,0.0,73.125,0.0,0.0,139.3
5.0,0.0,0.0,25.0,0.0,5.0,0.0,65.0,0.0,0.0,0.0,0.0,164.0
5.0,0.0,0.0,27.766666666666666,0.0,1.2,0.0,66.03333333333333,0.0,0.0,0.0,0.0,156.0
5.0,0.0,0.0,35.0,0.0,0.0,0.0,0.0,0.0,60.0,0.0,0.0,140.65000155
5.0,0.0,2.0,27.5,0.0,0.0,0.0,65.5,0.0,0.0,0.0,0.0,120.0
5.11,0.0,0.0,25.63,0.0,5.11,0.0,64.15,0.0,0.0,0.0,0.0,176.0
5.13,0.0,0.0,25.64,0.0,5.13,0.0,64.1,0.0,0.0,0.0,0.0,176.0
5.19,0.0,0.0,25.97,0.0,5.19,0.0,63.65,0.0,0.0,0.0,0.0,182.0
5.2,0.0,0.0,22.333333333333332,0.0,5.714285714285714,0.0,66.75238095238095,0.0,0.0,0.0,0.0,199.0
5.2,0.0,0.0,25.99,0.0,5.2,0.0,63.61,0.0,0.0,0.0,0.0,182.0
5.21,0.0,0.0,26.13,0.0,5.21,0.0,63.45,0.0,0.0,0.0,0.0,171.0
5.23,0.0,0.0,26.14,0.0,5.23,0.0,63.4,0.0,0.0,0.0,0.0,171.0
5.26,0.0,0.0,26.31,0.0,5.26,0.0,63.17,0.0,0.0,0.0,0.0,175.0
5.3,0.0,0.0,26.28,0.0,5.3,0.0,63.12,0.0,0.0,0.0,0.0,175.0
5.3,0.0,0.0,26.49,0.0,5.3,0.0,62.91,0.0,0.0,0.0,0.0,173.0
5.3,0.0,0.0,26.5,0.0,5.3,0.0,62.91,0.0,0.0,0.0,0.0,173.0
5.32,0.0,0.0,22.233333333333334,0.0,5.714285714285714,0.0,66.73238095238096,0.0,0.0,0.0,0.0,209.0
5.8,0.0,0.0,29.21,0.0,5.8,0.0,59.19,0.0,0.0,0.0,0.0,145.0
5.83,0.0,0.0,29.16,0.0,5.83,0.0,59.18,0.0,0.0,0.0,0.0,145.0
5.832,0.0,8.33,21.52,0.0,0.0,0.0,64.278,0.0,0.0,0.0,0.0,132.0
6.12,0.0,1.55,26.92333333333333,0.0,0.0,0.0,65.34666666666666,0.0,0.0,0.0,0.0,160.0
6.25,0.0,0.0,31.25,0.0,6.25,0.0,56.25,0.0,0.0,0.0,0.0,125.0
6.29,0.0,0.0,31.25,0.0,6.29,0.0,56.17,0.0,0.0,0.0,0.0,125.0
6.32,0.0,0.32,27.8,0.0,0.0,0.0,65.56,0.0,0.0,0.0,0.0,160.0
6.8,0.0,0.0,27.666666666666668,0.0,0.0,0.0,0.0,0.0,65.53333333333333,0.0,0.0,164.19999845
6.959999999999999,0.0,0.0,26.099999999999998,0.0,1.2285714285714284,0.0,65.71142857142857,0.0,0.0,0.0,0.0,165.0
7.0,0.0,2.0,25.833333333333332,0.0,0.0,0.0,65.16666666666666,0.0,0.0,0.0,0.0,132.0
7.279999999999999,0.0,0.0,24.233333333333334,0.0,2.6,0.0,65.88666666666667,0.0,0.0,0.0,0.0,188.0
7.6,0.0,0.0,22.233333333333334,0.0,4.085714285714286,0.0,66.08095238095238,0.0,0.0,0.0,0.0,196.0
7.6,0.0,0.0,22.333333333333332,0.0,4.0,0.0,66.06666666666666,0.0,0.0,0.0,0.0,187.0
8.0,0.0,0.0,0.0,0.0,0.0,0.0,0.0,0.0,12.0,80.0,0.0,254.0
8.0,0.0,0.0,0.0,0.0,0.0,0.0,0.0,0.0,92.0,0.0,0.0,340.0
8.0,0.0,0.0,0.0,0.0,0.0,0.0,60.0,32.0,0.0,0.0,0.0,179.0
8.0,0.0,0.0,0.0,0.0,0.0,0.0,80.0,0.0,12.0,0.0,0.0,385.0
8.0,0.0,0.0,14.0,0.0,0.0,0.0,0.0,0.0,78.0,0.0,0.0,255.0
8.0,0.0,0.0,23.333333333333332,0.0,2.857142857142857,0.0,65.80952380952381,0.0,0.0,0.0,0.0,183.0
8.0,0.0,0.0,26.666666666666668,0.0,0.0,0.0,0.0,0.0,65.33333333333334,0.0,0.0,175.0
8.0,0.0,0.0,26.666666666666668,0.0,0.0,0.0,65.33333333333334,0.0,0.0,0.0,0.0,125.0
8.0,0.0,0.0,26.67,0.0,0.0,0.0,0.0,0.0,65.33,0.0,0.0,164.1009979
8.33,0.0,0.0,20.83,0.0,0.0,0.0,70.83,0.0,0.0,0.0,0.0,199.6000061
8.33,0.0,0.0,20.83,0.0,0.0,0.0,70.84,0.0,0.0,0.0,0.0,199.6
8.6,0.0,0.0,0.0,0.0,0.0,0.0,91.4,0.0,0.0,0.0,0.0,724.0
8.699999999999998,0.0,0.0,21.74,0.0,0.0,0.0,69.56,0.0,0.0,0.0,0.0,185.3
8.7,0.0,0.0,21.74,0.0,0.0,0.0,69.57,0.0,0.0,0.0,0.0,185.3000031
8.9,0.0,0.0,0.0,0.0,0.0,0.0,61.2,0.0,0.0,29.9,0.0,482.5
9.0,0.0,0.0,0.0,0.0,0.0,0.0,61.0,0.0,0.0,30.0,0.0,479.0
9.09,0.0,0.0,22.73,0.0,0.0,0.0,68.18,0.0,0.0,0.0,0.0,176.1999969
9.090000000000002,0.0,0.0,22.73,0.0,0.0,0.0,68.18,0.0,0.0,0.0,0.0,176.2
9.2,0.0,0.0,22.333333333333332,0.0,2.857142857142857,0.0,65.60952380952381,0.0,0.0,0.0,0.0,180.0
9.32,0.0,0.0,22.233333333333334,0.0,2.857142857142857,0.0,65.58952380952381,0.0,0.0,0.0,0.0,186.0
9.352,0.0,0.0,22.209999999999997,0.0,2.8542857142857145,0.0,65.58371428571428,0.0,0.0,0.0,0.0,186.0
9.52,0.0,0.0,23.81,0.0,0.0,0.0,66.67,0.0,0.0,0.0,0.0,162.39999695
9.6,0.0,0.0,0.0,0.0,0.0,0.0,90.4,0.0,0.0,0.0,0.0,636.0
9.95,0.0,0.0,29.85,0.0,0.0,0.0,0.0,0.0,59.7,0.0,0.0,132.0
9.98,0.0,0.0,29.93,0.0,0.0,0.0,0.0,0.0,59.85,0.0,0.0,132.0
10.0,0.0,0.0,0.0,0.0,0.0,0.0,0.0,0.0,90.0,0.0,0.0,398.0714417
10.0,0.0,0.0,0.0,0.0,0.0,0.0,0.0,15.0,75.0,0.0,0.0,247.345
10.0,0.0,0.0,0.0,0.0,0.0,0.0,40.0,0.0,0.0,0.0,50.0,270.0
10.0,0.0,0.0,0.0,0.0,0.0,0.0,44.0,2.0,44.0,0.0,0.0,445.0
10.0,0.0,0.0,8.333333333333334,0.0,14.285714285714286,0.0,67.38095238095238,0.0,0.0,0.0,0.0,276.0
10.0,0.0,0.0,10.0,0.0,0.0,0.0,0.0,0.0,80.0,0.0,0.0,295.0
10.0,0.0,0.0,12.5,0.0,0.0,0.0,0.0,10.0,67.5,0.0,0.0,212.0
10.0,0.0,0.0,18.75,0.0,0.0,0.0,0.0,0.0,71.25,0.0,0.0,140.1
10.0,0.0,0.0,20.0,0.0,0.0,0.0,0.0,0.0,10.0,60.0,0.0,165.0
10.0,0.0,0.0,20.0,0.0,0.0,0.0,0.0,0.0,70.0,0.0,0.0,203.0
10.0,0.0,0.0,25.0,0.0,0.0,0.0,0.0,0.0,65.0,0.0,0.0,169.0
10.0,0.0,0.0,25.0,0.0,0.0,0.0,65.0,0.0,0.0,0.0,0.0,153.5
10.0,0.0,0.0,30.0,0.0,0.0,0.0,0.0,0.0,25.0,35.0,0.0,146.0
10.0,0.0,0.0,30.0,0.0,0.0,0.0,0.0,0.0,30.0,30.0,0.0,144.0
10.0,0.0,0.0,30.0,0.0,0.0,0.0,0.0,0.0,32.0,28.0,0.0,140.0
10.0,0.0,0.0,30.0,0.0,0.0,0.0,0.0,0.0,35.0,25.0,0.0,138.03333536666665
10.0,0.0,0.0,30.0,0.0,0.0,0.0,0.0,0.0,60.0,0.0,0.0,138.55000305
10.0,0.0,0.0,30.0,0.0,0.0,0.0,20.0,0.0,40.0,0.0,0.0,127.0
10.0,0.0,0.0,30.0,0.0,0.0,0.0,30.0,0.0,30.0,0.0,0.0,140.0
10.0,0.0,0.0,30.0,0.0,0.0,0.0,40.0,0.0,20.0,0.0,0.0,142.0
10.0,0.0,0.0,30.0,0.0,0.0,0.0,60.0,0.0,0.0,0.0,0.0,124.2
10.0,0.0,0.0,35.0,0.0,0.0,0.0,0.0,0.0,55.0,0.0,0.0,118.0
10.0,0.0,0.0,37.5,0.0,0.0,0.0,0.0,0.0,15.0,37.5,0.0,171.0
10.0,0.0,0.0,40.0,0.0,0.0,0.0,50.0,0.0,0.0,0.0,0.0,95.5
10.11,0.0,0.0,0.0,0.0,0.0,0.0,69.67,0.0,0.0,20.22,0.0,527.5
10.2,0.0,0.0,28.05,0.0,0.0,0.0,0.0,0.0,46.75,15.0,0.0,153.0
10.22,0.0,0.0,31.62,0.0,0.0,0.0,0.0,0.0,58.16,0.0,0.0,137.0
10.3,0.0,0.0,21.26,0.0,0.0,0.0,0.0,0.0,68.44,0.0,0.0,205.0
10.53,0.0,0.0,26.32,0.0,0.0,0.0,63.15,0.0,0.0,0.0,0.0,159.2
10.53,0.0,0.0,26.32,0.0,0.0,0.0,63.16,0.0,0.0,0.0,0.0,159.1999969
10.8,0.0,0.0,0.0,0.0,0.0,0.0,59.1,0.0,0.0,30.1,0.0,307.5
10.8,0.0,0.0,29.7,0.0,0.0,0.0,0.0,0.0,49.5,10.0,0.0,143.0
10.82,0.0,0.0,27.02,0.0,0.0,0.0,62.16,0.0,0.0,0.0,0.0,158.0
10.9,0.0,0.0,0.0,0.0,0.0,0.0,89.1,0.0,0.0,0.0,0.0,678.0
11.0,0.0,0.0,30.0,0.0,0.0,0.0,0.0,0.0,49.0,10.0,0.0,112.0
11.11,0.0,0.0,27.78,0.0,0.0,0.0,61.11,0.0,0.0,0.0,0.0,160.69999845
11.12,0.0,0.0,11.12,0.0,0.0,0.0,77.76,0.0,0.0,0.0,0.0,451.0
11.2,0.0,0.0,22.333333333333332,0.0,1.4285714285714286,0.0,65.03809523809524,0.0,0.0,0.0,0.0,174.0
11.32,0.0,0.0,22.233333333333334,0.0,1.4285714285714286,0.0,65.01809523809524,0.0,0.0,0.0,0.0,178.0
11.4,0.0,0.0,0.0,0.0,0.0,0.0,78.59999999999998,0.0,0.0,10.0,0.0,620.0
11.4,0.0,0.0,0.0,0.0,0.0,0.0,78.6,0.0,0.0,10.0,0.0,620.0
11.4,0.0,0.0,31.35,0.0,0.0,0.0,0.0,0.0,52.25,5.0,0.0,133.0
11.6,0.0,0.0,23.666666666666668,0.0,0.0,0.0,0.0,0.0,64.73333333333333,0.0,0.0,169.39999695
11.64,0.0,0.0,32.01,0.0,0.0,0.0,0.0,0.0,53.35,3.0,0.0,129.0
11.66,0.0,0.0,11.66,0.0,0.0,0.0,76.68,0.0,0.0,0.0,0.0,535.0
11.67,0.0,0.0,11.67,0.0,0.0,0.0,76.67,0.0,0.0,0.0,0.0,535.0
11.76,0.0,0.0,29.41,0.0,0.0,0.0,58.82,0.0,0.0,0.0,0.0,150.8999939
11.76,0.0,0.0,29.41,0.0,0.0,0.0,58.83,0.0,0.0,0.0,0.0,150.9
11.8,0.0,0.0,22.900000000000002,0.0,0.0,0.0,64.58,0.0,0.0,0.0,0.0,165.0
11.88,0.0,0.0,32.67,0.0,0.0,0.0,0.0,0.0,54.45,0.0,0.0,133.0
11.88,0.0,0.0,32.67,0.0,0.0,0.0,0.0,0.0,54.45,1.0,0.0,124.0
12.0,0.0,0.0,14.0,0.0,0.0,0.0,0.0,0.0,74.0,0.0,0.0,238.0
12.0,0.0,0.0,16.666666666666668,0.0,5.714285714285714,0.0,65.61904761904762,0.0,0.0,0.0,0.0,228.0
12.0,0.0,0.0,17.0,0.0,0.0,0.0,0.0,0.0,71.0,0.0,0.0,214.0
12.0,0.0,0.0,20.0,0.0,2.857142857142857,0.0,65.14285714285714,0.0,0.0,0.0,0.0,192.0
12.0,0.0,0.0,21.0,0.0,0.0,0.0,0.0,0.0,67.0,0.0,0.0,195.33332819999998
12.0,0.0,0.0,23.3,0.0,0.0,0.0,0.0,0.0,64.7,0.0,0.0,182.33332819999998
12.0,0.0,0.0,23.333333333333332,0.0,0.0,0.0,64.66666666666666,0.0,0.0,0.0,0.0,150.0
12.0,0.0,0.0,25.0,0.0,0.0,0.0,0.0,0.0,63.0,0.0,0.0,165.33332819999998
12.0,0.0,0.0,27.5,0.0,0.0,0.0,0.0,0.0,60.5,0.0,0.0,133.0
12.0,0.0,0.0,29.0,0.0,0.0,0.0,0.0,0.0,59.0,0.0,0.0,134.0
12.0,0.0,0.0,33.0,0.0,0.0,0.0,0.0,0.0,55.0,0.0,0.0,122.33333333333333
12.3,0.0,0.0,0.0,0.0,0.0,0.0,67.2,0.0,0.0,20.5,0.0,360.0
12.3,0.0,0.0,0.0,0.0,0.0,0.0,87.7,0.0,0.0,0.0,0.0,564.0
12.5,0.0,0.0,31.25,0.0,0.0,0.0,56.25,0.0,0.0,0.0,0.0,138.80000155
12.7,0.0,0.0,0.0,0.0,0.0,0.0,87.29999999999998,0.0,0.0,0.0,0.0,630.0
12.87,0.0,0.0,32.67,0.0,0.0,0.0,0.0,0.0,54.46,0.0,0.0,120.0
12.896,0.0,0.0,0.0,0.0,0.0,0.0,41.934,0.0,0.0,0.0,45.18,261.0
12.9,0.0,0.0,0.0,0.0,0.0,0.0,0.0,0.0,29.03,12.9,45.16,320.0
13.0,0.0,0.0,16.875,0.0,0.0,0.0,0.0,0.0,70.125,0.0,0.0,159.8
13.0,0.0,0.0,27.0,0.0,0.0,0.0,0.0,0.0,60.0,0.0,0.0,159.8000031
13.0,0.0,0.0,30.0,0.0,0.0,0.0,0.0,0.0,27.0,30.0,0.0,128.0
13.0,0.0,0.0,30.0,0.0,0.0,0.0,0.0,0.0,47.0,10.0,0.0,132.0
13.0,0.0,0.0,30.0,0.0,0.0,0.0,0.0,0.0,57.0,0.0,0.0,130.0
13.2,0.0,0.0,0.0,0.0,0.0,0.0,42.13333333333333,0.0,0.0,0.0,44.666666666666664,313.0
13.2,0.0,0.0,22.333333333333332,0.0,0.0,0.0,0.0,0.0,64.46666666666667,0.0,0.0,150.0
13.2,0.0,0.0,22.333333333333332,0.0,0.0,0.0,64.46666666666667,0.0,0.0,0.0,0.0,178.0
13.26,0.0,0.0,31.57,0.0,0.0,0.0,0.0,0.0,55.17,0.0,0.0,130.0
13.33,0.0,0.0,13.33,0.0,0.0,0.0,73.34,0.0,0.0,0.0,0.0,395.0
13.331999999999999,0.0,0.0,33.33,0.0,0.0,0.0,0.0,0.0,19.997999999999998,33.33,0.0,179.0
13.34,0.0,0.0,13.34,0.0,0.0,0.0,73.33,0.0,0.0,0.0,0.0,395.0
13.77,0.0,0.0,32.78,0.0,0.0,0.0,0.0,0.0,47.23,6.22,0.0,132.0
13.8,0.0,0.0,0.0,0.0,0.0,0.0,86.2,0.0,0.0,0.0,0.0,592.0
13.9,0.0,0.0,0.0,0.0,0.0,0.0,75.79999999999998,0.0,0.0,10.3,0.0,368.0
13.9,0.0,0.0,0.0,0.0,0.0,0.0,75.8,0.0,0.0,10.3,0.0,368.0
13.91,0.0,0.0,20.82,0.0,0.0,0.0,32.63,0.0,32.63,0.0,0.0,165.0
14.0,0.0,0.0,16.666666666666668,0.0,4.285714285714286,0.0,65.04761904761905,0.0,0.0,0.0,0.0,214.0
14.0,0.0,0.0,20.0,0.0,0.0,0.0,33.0,0.0,33.0,0.0,0.0,188.0
14.29,0.0,0.0,0.0,0.0,0.0,0.0,85.71,0.0,0.0,0.0,0.0,596.0
14.32,0.0,0.0,34.09,0.0,0.0,0.0,0.0,0.0,38.66,12.93,0.0,129.0
14.41,0.0,0.0,30.38,0.0,0.0,0.0,55.21,0.0,0.0,0.0,0.0,95.6
14.5,0.0,0.0,0.0,0.0,0.0,0.0,50.7,0.0,0.0,34.8,0.0,263.0
14.67,0.0,0.0,26.42,0.0,0.0,0.0,58.91,0.0,0.0,0.0,0.0,127.7
14.81,0.0,0.0,0.0,0.0,0.0,0.0,85.19,0.0,0.0,0.0,0.0,592.0
14.91,0.0,0.0,35.51,0.0,0.0,0.0,0.0,0.0,29.38,20.2,0.0,128.0
15.0,0.0,0.0,0.0,0.0,0.0,0.0,0.0,0.0,85.0,0.0,0.0,355.0
15.0,0.0,0.0,0.0,0.0,0.0,0.0,36.5,12.0,36.5,0.0,0.0,305.0
15.0,0.0,0.0,0.0,0.0,0.0,0.0,50.0,0.0,0.0,35.0,0.0,263.0
15.0,0.0,0.0,0.0,0.0,0.0,0.0,60.0,25.0,0.0,0.0,0.0,177.0
15.0,0.0,0.0,0.0,0.0,0.0,0.0,85.0,0.0,0.0,0.0,0.0,640.0
15.0,0.0,0.0,5.0,0.0,0.0,0.0,0.0,0.0,80.0,0.0,0.0,326.0
15.0,0.0,0.0,8.333333333333334,0.0,10.714285714285714,0.0,65.95238095238096,0.0,0.0,0.0,0.0,262.0
15.0,0.0,0.0,10.0,0.0,0.0,0.0,0.0,0.0,75.0,0.0,0.0,276.0
15.0,0.0,0.0,12.5,0.0,0.0,0.0,0.0,5.0,67.5,0.0,0.0,218.0
15.0,0.0,0.0,15.0,0.0,0.0,0.0,0.0,0.0,70.0,0.0,0.0,224.0
15.0,0.0,0.0,15.0,0.0,0.0,0.0,70.0,0.0,0.0,0.0,0.0,273.0
15.0,0.0,0.0,20.0,0.0,0.0,0.0,0.0,0.0,25.0,40.0,0.0,160.0
15.0,0.0,0.0,20.0,0.0,0.0,0.0,0.0,0.0,65.0,0.0,0.0,171.0
15.0,0.0,0.0,20.0,0.0,0.0,0.0,65.0,0.0,0.0,0.0,0.0,168.0
15.0,0.0,0.0,25.0,0.0,0.0,0.0,0.0,0.0,20.0,40.0,0.0,160.0
15.0,0.0,0.0,25.0,0.0,0.0,0.0,0.0,0.0,60.0,0.0,0.0,156.5
15.0,0.0,0.0,25.0,0.0,0.0,0.0,60.0,0.0,0.0,0.0,0.0,127.69999845000001
15.0,0.0,0.0,30.0,0.0,0.0,0.0,0.0,0.0,25.0,30.0,0.0,127.0
15.0,0.0,0.0,30.0,0.0,0.0,0.0,0.0,0.0,40.0,15.0,0.0,128.0
15.0,0.0,0.0,30.0,0.0,0.0,0.0,0.0,0.0,50.0,5.0,0.0,131.0
15.0,0.0,0.0,30.0,0.0,0.0,0.0,0.0,0.0,55.0,0.0,0.0,128.0
15.0,0.0,0.0,30.0,0.0,0.0,0.0,55.0,0.0,0.0,0.0,0.0,95.59999950000001
15.0,0.0,0.0,35.0,0.0,0.0,0.0,0.0,0.0,50.0,0.0,0.0,109.0
15.0,0.0,0.0,35.0,0.0,0.0,0.0,50.0,0.0,0.0,0.0,0.0,85.5
15.0,0.0,0.0,40.0,0.0,0.0,0.0,45.0,0.0,0.0,0.0,0.0,77.09999949999998
15.2,0.0,0.0,37.99,0.0,0.0,0.0,46.81,0.0,0.0,0.0,0.0,118.90000075
15.28,0.0,0.0,31.54,0.0,0.0,0.0,0.0,0.0,53.18,0.0,0.0,128.0
15.5,0.0,0.0,0.0,0.0,0.0,0.0,54.2,0.0,0.0,30.3,0.0,275.75
15.5,0.0,0.0,0.0,0.0,0.0,0.0,84.5,0.0,0.0,0.0,0.0,588.0
15.680000000000001,0.0,0.0,19.633333333333333,0.0,0.0,0.0,63.92666666666667,0.0,0.0,0.0,0.0,184.0
16.0,0.0,0.0,0.0,0.0,0.0,0.0,0.0,0.0,24.0,0.0,60.0,250.0
16.0,0.0,0.0,0.0,0.0,0.0,0.0,0.0,0.0,24.0,60.0,0.0,209.0
16.0,0.0,0.0,0.0,0.0,0.0,0.0,54.0,0.0,0.0,30.0,0.0,276.0
16.0,0.0,0.0,0.0,0.0,0.0,0.0,60.0,0.0,24.0,0.0,0.0,258.0
16.0,0.0,0.0,0.0,0.0,0.0,0.0,60.0,24.0,0.0,0.0,0.0,199.5
16.0,0.0,0.0,14.0,0.0,0.0,0.0,0.0,0.0,70.0,0.0,0.0,221.0
16.0,0.0,0.0,16.666666666666668,0.0,2.857142857142857,0.0,64.47619047619048,0.0,0.0,0.0,0.0,213.0
16.0,0.0,0.0,20.0,0.0,0.0,0.0,0.0,0.0,64.0,0.0,0.0,173.8930003
16.0,0.0,0.0,30.0,0.0,0.0,0.0,0.0,0.0,24.0,30.0,0.0,171.0
16.408,0.0,0.0,0.0,0.0,0.0,0.0,44.272000000000006,0.0,0.0,0.0,39.32,221.0
16.5,0.0,0.0,0.0,0.0,0.0,0.0,83.5,0.0,0.0,0.0,0.0,492.0
16.65,0.0,0.0,16.65,0.0,0.0,0.0,0.0,0.0,66.7,0.0,0.0,318.0
16.66,0.0,0.0,16.66,0.0,0.0,0.0,66.68,0.0,0.0,0.0,0.0,207.0
16.67,0.0,0.0,16.67,0.0,0.0,0.0,66.67,0.0,0.0,0.0,0.0,207.0
16.7,0.0,0.0,0.0,0.0,0.0,0.0,83.3,0.0,0.0,0.0,0.0,650.0
16.919999999999998,0.0,0.0,0.0,0.0,0.0,0.0,0.0,0.0,44.61333333333333,0.0,38.46666666666667,350.0
17.17,0.0,0.0,0.0,0.0,0.0,0.0,82.83,0.0,0.0,0.0,0.0,526.0
17.5,0.0,0.0,0.0,0.0,0.0,0.0,82.5,0.0,0.0,0.0,0.0,606.0
17.5,0.0,0.0,8.75,0.0,0.0,0.0,73.75,0.0,0.0,0.0,0.0,603.0
17.5,0.0,0.0,17.5,0.0,0.0,0.0,32.5,0.0,32.5,0.0,0.0,181.0
17.5,0.0,0.0,17.5,0.0,0.0,0.0,65.0,0.0,0.0,0.0,0.0,209.0
17.6,0.0,0.0,0.0,0.0,0.0,0.0,64.8,17.6,0.0,0.0,0.0,291.0
17.8,0.0,0.0,0.0,0.0,0.0,0.0,62.2,0.0,0.0,20.0,0.0,295.75
18.0,0.0,0.0,0.0,0.0,0.0,0.0,71.0,0.0,11.0,0.0,0.0,468.0
18.0,0.0,0.0,15.0,0.0,0.0,0.0,67.0,0.0,0.0,0.0,0.0,17.84
18.0,0.0,0.0,16.666666666666668,0.0,1.4285714285714286,0.0,63.904761904761905,0.0,0.0,0.0,0.0,189.0
18.18,0.0,0.0,0.0,0.0,0.0,0.0,81.82,0.0,0.0,0.0,0.0,526.0
18.18,0.0,0.0,18.18,0.0,0.0,0.0,63.64,0.0,0.0,0.0,0.0,182.0
18.27,0.0,0.0,0.0,0.0,0.0,0.0,80.05,0.0,0.0,0.0,1.67,425.0
18.59,0.0,0.0,46.47,0.0,0.0,0.0,34.94,0.0,0.0,0.0,0.0,104.90000075
18.6,0.0,0.0,0.0,0.0,0.0,0.0,81.4,0.0,0.0,0.0,0.0,528.0
18.75,0.0,0.0,18.75,0.0,0.0,0.0,0.0,0.0,62.5,0.0,0.0,245.0
18.9,0.0,0.0,0.0,0.0,0.0,0.0,74.8,6.3,0.0,0.0,0.0,418.0
19.5,0.0,0.0,0.0,0.0,0.0,0.0,80.5,0.0,0.0,0.0,0.0,494.0
19.8,0.0,0.0,0.0,0.0,0.0,0.0,50.1,0.0,0.0,30.1,0.0,237.0
19.8,0.0,0.0,20.16,0.0,0.0,0.0,60.04,0.0,0.0,0.0,0.0,180.5
19.94,0.0,0.0,19.94,0.0,0.0,0.0,0.0,0.0,39.86,19.94,0.0,161.0
20.0,0.0,0.0,0.0,0.0,0.0,0.0,0.0,0.0,46.66666666666667,0.0,33.333333333333336,320.0
20.0,0.0,0.0,0.0,0.0,0.0,0.0,0.0,0.0,50.0,0.0,30.0,370.0
20.0,0.0,0.0,0.0,0.0,0.0,0.0,0.0,0.0,70.0,10.0,0.0,274.0
20.0,0.0,0.0,0.0,0.0,0.0,0.0,0.0,0.0,80.0,0.0,0.0,342.81696320000003
20.0,0.0,0.0,0.0,0.0,0.0,0.0,0.0,15.0,65.0,0.0,0.0,219.86
20.0,0.0,0.0,0.0,0.0,0.0,0.0,30.0,20.0,30.0,0.0,0.0,225.0
20.0,0.0,0.0,0.0,0.0,0.0,0.0,32.0,16.0,32.0,0.0,0.0,250.0
20.0,0.0,0.0,0.0,0.0,0.0,0.0,34.0,12.0,34.0,0.0,0.0,295.0
20.0,0.0,0.0,0.0,0.0,0.0,0.0,36.0,8.0,36.0,0.0,0.0,305.0
20.0,0.0,0.0,0.0,0.0,0.0,0.0,38.0,4.0,38.0,0.0,0.0,371.0
20.0,0.0,0.0,0.0,0.0,0.0,0.0,39.0,2.0,39.0,0.0,0.0,327.0
20.0,0.0,0.0,0.0,0.0,0.0,0.0,46.66666666666667,0.0,0.0,0.0,33.333333333333336,287.0
20.0,0.0,0.0,0.0,0.0,0.0,0.0,60.0,20.0,0.0,0.0,0.0,205.75
20.0,0.0,0.0,0.0,0.0,0.0,0.0,70.1,0.0,0.0,9.9,0.0,302.75
20.0,0.0,0.0,0.0,0.0,0.0,25.0,55.0,0.0,0.0,0.0,0.0,205.0
20.0,0.0,0.0,0.0,0.0,14.285714285714286,0.0,65.71428571428572,0.0,0.0,0.0,0.0,273.0
20.0,0.0,0.0,5.0,0.0,0.0,0.0,0.0,0.0,75.0,0.0,0.0,292.0
20.0,0.0,0.0,8.333333333333334,0.0,7.142857142857143,0.0,64.52380952380953,0.0,0.0,0.0,0.0,239.0
20.0,0.0,0.0,10.0,0.0,0.0,0.0,0.0,0.0,70.0,0.0,0.0,248.0
20.0,0.0,0.0,12.5,0.0,0.0,0.0,0.0,0.0,67.5,0.0,0.0,212.5
20.0,0.0,0.0,13.333333333333334,0.0,0.0,5.0,0.0,0.0,61.66666666666667,0.0,0.0,129.3000031
20.0,0.0,0.0,14.0,0.0,0.0,0.0,0.0,0.0,66.0,0.0,0.0,208.0
20.0,0.0,0.0,15.0,0.0,0.0,0.0,0.0,0.0,65.0,0.0,0.0,200.0
20.0,0.0,0.0,15.0,0.0,0.0,0.0,65.0,0.0,0.0,0.0,0.0,187.0
20.0,0.0,0.0,16.666666666666668,0.0,0.0,0.0,0.0,0.0,63.333333333333336,0.0,0.0,140.0
20.0,0.0,0.0,16.666666666666668,0.0,0.0,0.0,63.333333333333336,0.0,0.0,0.0,0.0,189.0
20.0,0.0,0.0,17.0,0.0,0.0,0.0,0.0,0.0,63.0,0.0,0.0,191.0
20.0,0.0,0.0,20.0,0.0,0.0,0.0,0.0,0.0,40.0,20.0,0.0,168.0
20.0,0.0,0.0,20.0,0.0,0.0,0.0,0.0,0.0,60.0,0.0,0.0,171.5
20.0,0.0,0.0,22.0,0.0,0.0,0.0,0.0,0.0,58.0,0.0,0.0,169.2
20.0,0.0,0.0,25.0,0.0,0.0,0.0,0.0,0.0,25.0,30.0,0.0,147.6
20.0,0.0,0.0,25.0,0.0,0.0,0.0,0.0,0.0,30.0,25.0,0.0,179.0
20.0,0.0,0.0,25.0,0.0,0.0,0.0,0.0,0.0,55.0,0.0,0.0,145.0
20.33,0.0,0.0,31.46,0.0,0.0,0.0,0.0,0.0,48.21,0.0,0.0,117.0
20.67,0.0,0.0,10.67,0.0,0.0,0.0,0.0,0.0,68.66,0.0,0.0,248.0
20.7,0.0,0.0,20.7,0.0,0.0,0.0,0.0,0.0,58.6,0.0,0.0,201.0
20.79,0.0,0.0,0.0,0.0,0.0,0.0,72.86,0.0,0.0,0.0,6.35,237.0
20.79,0.0,0.0,0.0,0.0,0.0,0.0,79.21,0.0,0.0,0.0,0.0,501.0
20.8,0.0,0.0,3.0,0.0,0.0,0.0,76.2,0.0,0.0,0.0,0.0,95.75
20.85,0.0,0.0,0.0,0.0,0.0,0.0,0.0,0.0,79.15,0.0,0.0,248.0
21.0,0.0,0.0,0.0,0.0,0.0,0.0,47.333333333333336,0.0,0.0,0.0,31.666666666666668,287.0
21.0,0.0,0.0,7.5,0.0,0.0,0.0,71.5,0.0,0.0,0.0,0.0,40.54
21.04,0.0,0.0,0.0,0.0,0.0,0.0,47.36,0.0,0.0,0.0,31.6,201.0
21.05,0.0,0.0,21.05,0.0,0.0,0.0,57.9,0.0,0.0,0.0,0.0,218.0
21.45,0.0,0.0,21.45,0.0,0.0,0.0,0.0,0.0,57.1,0.0,0.0,182.0
22.0,0.0,0.0,0.0,0.0,0.0,0.0,0.0,18.0,60.0,0.0,0.0,180.95
22.0,0.0,0.0,0.0,0.0,0.0,0.0,78.0,0.0,0.0,0.0,0.0,478.0
22.0,0.0,0.0,10.0,0.0,0.0,0.0,0.0,0.0,68.0,0.0,0.0,240.0
22.0,0.0,0.0,17.0,0.0,0.0,0.0,0.0,0.0,30.0,31.0,0.0,190.0
22.1,0.0,0.0,0.0,0.0,0.0,0.0,77.9,0.0,0.0,0.0,0.0,482.0
22.2,0.0,0.0,0.0,0.0,0.0,0.0,77.79999999999998,0.0,0.0,0.0,0.0,488.0
22.2,0.0,0.0,11.1,0.0,0.0,0.0,0.0,0.0,66.7,0.0,0.0,236.0
22.2,0.0,0.0,22.2,0.0,0.0,0.0,0.0,0.0,55.6,0.0,0.0,176.0
22.22,0.0,0.0,0.0,0.0,0.0,0.0,77.78,0.0,0.0,0.0,0.0,503.0
22.25,0.0,0.0,0.0,0.0,0.0,0.0,74.26,0.0,0.0,0.0,3.5,273.0
22.4,0.0,0.0,14.666666666666666,0.0,0.0,0.0,0.0,0.0,62.93333333333334,0.0,0.0,130.0
22.5,0.0,0.0,0.0,0.0,0.0,0.0,57.5,0.0,0.0,20.0,0.0,270.0
22.5,0.0,0.0,11.25,0.0,0.0,0.0,66.25,0.0,0.0,0.0,0.0,270.0
22.5,0.0,0.0,22.5,0.0,0.0,0.0,55.0,0.0,0.0,0.0,0.0,181.0
22.5,0.0,0.0,25.0,0.0,0.0,0.0,0.0,0.0,52.5,0.0,0.0,148.0
22.62,0.0,0.0,0.0,0.0,0.0,0.0,57.26,0.0,0.0,20.12,0.0,270.0
22.68,0.0,0.0,0.0,0.0,0.0,0.0,69.73,7.59,0.0,0.0,0.0,329.0
22.73,0.0,0.0,0.0,0.0,0.0,0.0,64.92,0.0,0.0,0.0,12.35,234.0
22.8,0.0,0.0,0.0,0.0,0.0,0.0,48.53333333333334,0.0,0.0,0.0,28.666666666666668,276.0
22.8,0.0,0.0,0.0,0.0,0.0,0.0,77.2,0.0,0.0,0.0,0.0,499.0
23.05,0.0,0.0,23.05,0.0,0.0,0.0,0.0,0.0,53.9,0.0,0.0,173.0
23.2,0.0,0.0,14.0,0.0,0.0,0.0,0.0,0.0,62.8,0.0,0.0,185.0
23.33,0.0,0.0,11.67,0.0,0.0,0.0,65.0,0.0,0.0,0.0,0.0,249.0
23.5,0.0,0.0,0.0,0.0,0.0,0.0,76.5,0.0,0.0,0.0,0.0,459.0
23.8,0.0,0.0,0.0,0.0,0.0,0.0,71.4,0.0,0.0,0.0,4.8,473.33334349999996
23.82,0.0,0.0,11.91,0.0,0.0,0.0,32.13,0.0,32.13,0.0,0.0,206.0
24.0,0.0,0.0,0.0,0.0,0.0,0.0,0.0,0.0,36.0,0.0,40.0,204.0
24.0,0.0,0.0,0.0,0.0,0.0,0.0,0.0,0.0,36.0,40.0,0.0,221.0
24.0,0.0,0.0,0.0,0.0,0.0,0.0,38.0,0.0,38.0,0.0,0.0,376.0
24.0,0.0,0.0,0.0,0.0,0.0,0.0,40.0,0.0,36.0,0.0,0.0,204.0
24.0,0.0,0.0,0.0,0.0,0.0,0.0,60.0,16.0,0.0,0.0,0.0,222.5
24.0,0.0,0.0,13.33,0.0,0.0,0.0,0.0,0.0,62.67,0.0,0.0,188.62699890000002
24.0,0.0,0.0,13.333333333333334,0.0,0.0,0.0,62.66666666666667,0.0,0.0,0.0,0.0,161.0
24.0,0.0,0.0,20.0,0.0,0.0,0.0,0.0,0.0,56.0,0.0,0.0,174.0
24.0,0.0,0.0,24.0,0.0,0.0,0.0,0.0,0.0,52.0,0.0,0.0,160.0
24.31,0.0,0.0,30.14,0.0,0.0,0.0,45.55,0.0,0.0,0.0,0.0,87.2
24.7,0.0,0.0,0.0,0.0,0.0,0.0,75.3,0.0,0.0,0.0,0.0,467.0
24.8,0.0,0.0,12.666666666666666,0.0,0.0,0.0,0.0,0.0,62.53333333333333,0.0,0.0,119.0
25.0,0.0,0.0,0.0,0.0,0.0,0.0,0.0,0.0,0.0,50.0,25.0,487.0127869
25.0,0.0,0.0,0.0,0.0,0.0,0.0,0.0,0.0,25.0,0.0,50.0,270.0
25.0,0.0,0.0,0.0,0.0,0.0,0.0,0.0,0.0,75.0,0.0,0.0,323.75
25.0,0.0,0.0,0.0,0.0,0.0,0.0,0.0,15.0,60.0,0.0,0.0,188.215
25.0,0.0,0.0,0.0,0.0,0.0,0.0,29.5,16.0,29.5,0.0,0.0,232.0
25.0,0.0,0.0,0.0,0.0,0.0,0.0,31.5,12.0,31.5,0.0,0.0,245.0
25.0,0.0,0.0,0.0,0.0,0.0,0.0,33.5,8.0,33.5,0.0,0.0,260.0
25.0,0.0,0.0,0.0,0.0,0.0,0.0,58.4,0.0,0.0,0.0,16.6,336.6666565
25.0,0.0,0.0,0.0,0.0,0.0,0.0,60.0,15.0,0.0,0.0,0.0,203.0
25.0,0.0,0.0,5.0,0.0,0.0,0.0,0.0,0.0,70.0,0.0,0.0,262.0
25.0,0.0,0.0,10.0,0.0,0.0,0.0,0.0,0.0,65.0,0.0,0.0,214.0
25.0,0.0,0.0,12.5,0.0,0.0,0.0,0.0,0.0,62.5,0.0,0.0,192.0
25.0,0.0,0.0,12.5,0.0,0.0,0.0,62.5,0.0,0.0,0.0,0.0,202.0
25.0,0.0,0.0,15.0,0.0,0.0,0.0,0.0,0.0,60.0,0.0,0.0,181.0
25.0,0.0,0.0,15.0,0.0,0.0,0.0,60.0,0.0,0.0,0.0,0.0,193.89999695
25.0,0.0,0.0,20.0,0.0,0.0,0.0,0.0,0.0,55.0,0.0,0.0,162.5
25.0,0.0,0.0,25.0,0.0,0.0,0.0,0.0,0.0,20.0,30.0,0.0,128.0
25.0,0.0,0.0,25.0,0.0,0.0,0.0,0.0,0.0,35.0,15.0,0.0,130.0
25.0,0.0,0.0,25.0,0.0,0.0,0.0,0.0,0.0,45.0,5.0,0.0,133.0
25.0,0.0,0.0,25.0,0.0,0.0,0.0,0.0,0.0,50.0,0.0,0.0,132.33333333333334
25.0,0.0,0.0,30.0,0.0,0.0,0.0,0.0,0.0,45.0,0.0,0.0,111.0
25.0,0.0,0.0,30.0,0.0,0.0,0.0,45.0,0.0,0.0,0.0,0.0,87.19999845000001
25.28,0.0,0.0,0.0,0.0,0.0,0.0,74.72,0.0,0.0,0.0,0.0,400.0
25.5,0.0,0.0,0.0,0.0,0.0,0.0,64.5,0.0,0.0,10.0,0.0,282.0
25.5,0.0,0.0,15.0,0.0,0.0,0.0,0.0,0.0,59.5,0.0,0.0,190.0
25.8,0.0,0.0,0.0,0.0,0.0,0.0,74.2,0.0,0.0,0.0,0.0,399.0
26.0,0.0,0.0,0.0,0.0,0.0,0.0,60.0,14.0,0.0,0.0,0.0,58.3
26.0,0.0,0.0,8.333333333333334,0.0,2.857142857142857,0.0,62.80952380952382,0.0,0.0,0.0,0.0,212.0
26.1,0.0,0.0,0.0,0.0,0.0,0.0,60.9,0.0,0.0,0.0,13.0,336.6666565
26.25,0.0,0.0,25.0,0.0,0.0,0.0,0.0,0.0,48.75,0.0,0.0,141.0
26.4,0.0,0.0,0.0,0.0,0.0,0.0,43.0,0.0,0.0,30.6,0.0,193.0
26.4,0.0,0.0,0.0,0.0,0.0,0.0,64.8,8.8,0.0,0.0,0.0,207.0
26.6,0.0,0.0,0.0,0.0,0.0,0.0,51.06666666666666,0.0,0.0,0.0,22.333333333333332,260.0
26.67,0.0,0.0,13.33,0.0,0.0,0.0,60.0,0.0,0.0,0.0,0.0,174.0
26.96,0.0,0.0,0.0,0.0,0.0,0.0,0.0,0.0,51.30666666666667,0.0,21.733333333333334,310.0
27.0,0.0,0.0,0.0,0.0,0.0,0.0,73.0,0.0,0.0,0.0,0.0,383.0
27.0,0.0,0.0,10.0,0.0,0.0,0.0,0.0,0.0,63.0,0.0,0.0,205.0
27.0,0.0,0.0,20.0,0.0,0.0,0.0,20.0,0.0,0.0,33.0,0.0,175.0
27.21,0.0,0.0,0.0,0.0,0.0,0.0,50.85,0.0,0.0,0.0,21.94,168.0
27.25,0.0,0.0,27.25,0.0,0.0,0.0,0.0,0.0,45.5,0.0,0.0,122.0
27.3,0.0,0.0,0.0,0.0,0.0,0.0,63.6,0.0,0.0,0.0,9.1,290.0
27.5,0.0,0.0,27.5,0.0,0.0,0.0,45.0,0.0,0.0,0.0,0.0,118.0
27.59,0.0,0.0,13.79,0.0,0.0,0.0,58.62,0.0,0.0,0.0,0.0,298.0
27.6,0.0,0.0,13.8,0.0,0.0,0.0,0.0,0.0,58.6,0.0,0.0,191.0
28.0,0.0,0.0,0.0,0.0,0.0,15.0,57.0,0.0,0.0,0.0,0.0,165.0
28.0,0.0,0.0,14.0,0.0,0.0,0.0,0.0,0.0,58.0,0.0,0.0,187.0
28.0,0.0,0.0,20.0,0.0,0.0,0.0,0.0,0.0,52.0,0.0,0.0,162.0
28.156,0.0,0.0,0.0,0.0,0.0,0.0,52.104,0.0,0.0,0.0,19.74,229.0
28.16,0.0,0.0,0.0,0.0,0.0,0.0,52.11,0.0,0.0,0.0,19.73,482.1890563999999
28.17,0.0,0.0,0.0,0.0,0.0,0.0,0.0,0.0,52.11,0.0,19.72,250.0
28.17,0.0,0.0,0.0,0.0,0.0,0.0,52.11,0.0,0.0,0.0,19.72,261.0
28.3,0.0,0.0,0.0,0.0,0.0,0.0,71.7,0.0,0.0,0.0,0.0,397.0
28.48,0.0,0.0,0.0,0.0,0.0,0.0,0.0,0.0,0.0,52.63,18.89,642.3813477000001
28.5,0.0,0.0,5.0,0.0,0.0,0.0,0.0,0.0,66.5,0.0,0.0,250.0
28.57,0.0,0.0,0.0,0.0,0.0,0.0,0.0,0.0,71.43000000000002,0.0,0.0,300.0
28.57,0.0,0.0,14.29,0.0,0.0,0.0,57.14,0.0,0.0,0.0,0.0,379.0
28.57,0.0,0.0,28.57,0.0,0.0,0.0,42.86,0.0,0.0,0.0,0.0,296.0
28.58,0.0,0.0,14.29,0.0,0.0,0.0,57.14,0.0,0.0,0.0,0.0,379.0
28.6,0.0,0.0,0.0,0.0,0.0,0.0,66.6,0.0,0.0,0.0,4.8,280.0
28.6,0.0,0.0,0.0,0.0,0.0,14.3,57.1,0.0,0.0,0.0,0.0,200.0
28.6,0.0,0.0,14.3,0.0,0.0,0.0,0.0,0.0,57.1,0.0,0.0,188.0
28.7,0.0,0.0,0.0,0.0,0.0,0.0,71.3,0.0,0.0,0.0,0.0,356.0
28.8,0.0,0.0,9.333333333333334,0.0,0.0,0.0,0.0,0.0,61.866666666666674,0.0,0.0,180.0
29.26,0.0,0.0,0.0,0.0,0.0,0.0,68.36,0.0,0.0,0.0,2.38,297.0
29.6,0.0,0.0,14.8,0.0,0.0,0.0,0.0,0.0,55.6,0.0,0.0,192.0
29.75,0.0,0.0,15.0,0.0,0.0,0.0,0.0,0.0,55.25,0.0,0.0,190.0
29.97,0.0,0.0,0.0,0.0,0.0,0.0,70.03,0.0,0.0,0.0,0.0,345.0
30.0,0.0,0.0,0.0,0.0,0.0,0.0,0.0,0.0,40.0,30.0,0.0,245.0
30.0,0.0,0.0,0.0,0.0,0.0,0.0,0.0,0.0,55.0,15.0,0.0,223.0
30.0,0.0,0.0,0.0,0.0,0.0,0.0,0.0,0.0,70.0,0.0,0.0,278.5
30.0,0.0,0.0,0.0,0.0,0.0,0.0,0.0,10.0,60.0,0.0,0.0,194.07
30.0,0.0,0.0,0.0,0.0,0.0,0.0,0.0,15.0,55.0,0.0,0.0,181.31
30.0,0.0,0.0,0.0,0.0,0.0,0.0,27.0,16.0,27.0,0.0,0.0,220.0
30.0,0.0,0.0,0.0,0.0,0.0,0.0,29.0,12.0,29.0,0.0,0.0,230.0
30.0,0.0,0.0,0.0,0.0,0.0,0.0,31.0,8.0,31.0,0.0,0.0,246.0
30.0,0.0,0.0,0.0,0.0,0.0,0.0,33.0,4.0,33.0,0.0,0.0,258.0
30.0,0.0,0.0,0.0,0.0,0.0,0.0,34.0,2.0,34.0,0.0,0.0,256.0
30.0,0.0,0.0,0.0,0.0,0.0,0.0,42.0,6.0,22.0,0.0,0.0,270.0
30.0,0.0,0.0,0.0,0.0,0.0,0.0,60.0,10.0,0.0,0.0,0.0,205.0
30.0,0.0,0.0,0.0,0.0,0.0,0.0,70.0,0.0,0.0,0.0,0.0,341.16667175
30.0,0.0,0.0,5.0,0.0,0.0,0.0,0.0,0.0,65.0,0.0,0.0,224.0
30.0,0.0,0.0,8.333333333333334,0.0,0.0,0.0,61.66666666666667,0.0,0.0,0.0,0.0,191.0
30.0,0.0,0.0,10.0,0.0,0.0,0.0,0.0,0.0,60.0,0.0,0.0,190.5
30.0,0.0,0.0,15.0,0.0,0.0,0.0,0.0,0.0,55.0,0.0,0.0,174.0
30.0,0.0,0.0,15.0,0.0,0.0,0.0,55.0,0.0,0.0,0.0,0.0,445.0
30.0,0.0,0.0,20.0,0.0,0.0,0.0,0.0,0.0,20.0,30.0,0.0,141.0
30.0,0.0,0.0,20.0,0.0,0.0,0.0,0.0,0.0,30.0,20.0,0.0,154.0
30.0,0.0,0.0,20.0,0.0,0.0,0.0,0.0,0.0,35.0,15.0,0.0,143.0
30.0,0.0,0.0,20.0,0.0,0.0,0.0,0.0,0.0,40.0,10.0,0.0,149.0
30.0,0.0,0.0,20.0,0.0,0.0,0.0,0.0,0.0,45.0,5.0,0.0,145.0
30.0,0.0,0.0,20.0,0.0,0.0,0.0,0.0,0.0,50.0,0.0,0.0,151.25
30.0,0.0,0.0,25.0,0.0,0.0,0.0,0.0,0.0,45.0,0.0,0.0,127.0
30.0,0.0,0.0,30.0,0.0,0.0,0.0,0.0,0.0,40.0,0.0,0.0,110.0
30.0,0.0,0.0,30.0,0.0,0.0,0.0,40.0,0.0,0.0,0.0,0.0,80.30000103333332
30.3,0.0,0.0,0.0,0.0,0.0,0.0,49.4,0.0,0.0,20.3,0.0,230.0
30.33,0.0,0.0,0.0,0.0,0.0,0.0,39.74,0.0,0.0,29.93,0.0,220.0
30.4,0.0,0.0,0.0,0.0,0.0,0.0,56.5,0.0,0.0,0.0,13.1,346.6666565
30.7,0.0,0.0,0.0,0.0,0.0,0.0,60.41,0.0,0.0,0.0,8.89,222.0
30.7,0.0,0.0,15.4,0.0,0.0,0.0,0.0,0.0,53.9,0.0,0.0,186.0
30.77,0.0,0.0,15.38,0.0,0.0,0.0,53.85,0.0,0.0,0.0,0.0,411.0
30.79,0.0,0.0,15.37,0.0,0.0,0.0,53.84,0.0,0.0,0.0,0.0,391.0
30.8,0.0,0.0,15.4,0.0,0.0,0.0,0.0,0.0,0.0,53.8,0.0,145.0
30.8,0.0,0.0,15.4,0.0,0.0,0.0,0.0,0.0,53.8,0.0,0.0,196.0
30.8,0.0,0.0,15.4,0.0,0.0,0.0,10.76,0.0,43.04,0.0,0.0,176.0
30.8,0.0,0.0,15.4,0.0,0.0,0.0,21.52,0.0,32.28,0.0,0.0,226.0
30.8,0.0,0.0,15.4,0.0,0.0,0.0,26.9,0.0,26.9,0.0,0.0,237.0
30.8,0.0,0.0,15.4,0.0,0.0,0.0,32.28,0.0,21.52,0.0,0.0,283.0
30.8,0.0,0.0,15.4,0.0,0.0,0.0,43.04,0.0,10.76,0.0,0.0,311.0
30.8,0.0,0.0,15.4,0.0,0.0,0.0,48.42,0.0,5.38,0.0,0.0,353.0
30.8,0.0,0.0,15.4,0.0,0.0,0.0,53.8,0.0,0.0,0.0,0.0,411.0
30.85,0.0,0.0,10.61,0.0,0.0,0.0,0.0,0.0,58.54,0.0,0.0,190.0
30.919999999999998,0.0,0.0,0.0,0.0,0.0,0.0,0.0,0.0,53.94666666666666,0.0,15.133333333333333,280.0
30.96,0.0,0.0,22.6,0.0,0.0,0.0,46.44,0.0,0.0,0.0,0.0,580.0
31.05,0.0,0.0,0.0,0.0,0.0,0.0,54.03,0.0,0.0,0.0,14.92,461.59701540000003
31.06,0.0,0.0,0.0,0.0,0.0,0.0,0.0,0.0,54.04,0.0,14.91,240.0
31.06,0.0,0.0,0.0,0.0,0.0,0.0,54.04,0.0,0.0,0.0,14.91,221.0
31.1,0.0,0.0,0.0,0.0,0.0,0.0,0.0,0.0,0.0,54.0,14.9,471.94897460000004
31.5,0.0,0.0,10.0,0.0,0.0,0.0,0.0,0.0,58.5,0.0,0.0,208.0
31.8,0.0,0.0,0.0,0.0,0.0,0.0,59.1,0.0,0.0,0.0,9.1,350.0
32.0,0.0,0.0,0.0,0.0,0.0,0.0,0.0,0.0,48.0,0.0,20.0,197.0
32.0,0.0,0.0,0.0,0.0,0.0,0.0,0.0,0.0,48.0,20.0,0.0,203.0
32.0,0.0,0.0,0.0,0.0,0.0,0.0,20.0,0.0,48.0,0.0,0.0,203.0
32.0,0.0,0.0,0.0,0.0,0.0,0.0,54.666666666666664,0.0,0.0,0.0,13.333333333333334,239.0
32.0,0.0,0.0,0.0,0.0,0.0,0.0,60.0,8.0,0.0,0.0,0.0,244.5
32.0,0.0,0.0,0.0,0.0,0.0,0.0,68.0,0.0,0.0,0.0,0.0,384.0
32.0,0.0,0.0,6.67,0.0,0.0,0.0,0.0,0.0,61.33,0.0,0.0,194.7700043
32.0,0.0,0.0,14.0,0.0,0.0,0.0,0.0,0.0,54.0,0.0,0.0,190.33332819999998
32.0,0.0,0.0,16.0,0.0,0.0,0.0,0.0,0.0,52.0,0.0,0.0,181.0
32.0,0.0,0.0,16.0,0.0,0.0,0.0,52.0,0.0,0.0,0.0,0.0,307.0
32.0,0.0,0.0,20.0,0.0,0.0,0.0,0.0,0.0,48.0,0.0,0.0,160.0
32.24,0.0,0.0,6.49,0.0,0.0,0.0,30.64,0.0,30.64,0.0,0.0,215.0
32.5,0.0,0.0,32.5,0.0,0.0,0.0,35.0,0.0,0.0,0.0,0.0,94.0
33.0,0.0,0.0,0.0,0.0,0.0,0.0,0.0,0.0,67.0,0.0,0.0,254.0
33.0,0.0,0.0,0.0,0.0,0.0,0.0,33.5,0.0,33.5,0.0,0.0,264.0
33.0,0.0,0.0,0.0,0.0,0.0,0.0,67.0,0.0,0.0,0.0,0.0,292.0
33.25,0.0,0.0,5.0,0.0,0.0,0.0,0.0,0.0,61.75,0.0,0.0,204.0
33.3,0.0,0.0,0.0,0.0,0.0,0.0,0.0,0.0,50.0,0.0,16.7,300.0
33.3,0.0,0.0,0.0,0.0,0.0,0.0,66.7,0.0,0.0,0.0,0.0,276.0
33.3,0.0,0.0,16.7,0.0,0.0,0.0,0.0,0.0,50.0,0.0,0.0,172.0
33.33,0.0,0.0,0.0,0.0,0.0,0.0,33.33,0.0,33.34,0.0,0.0,264.0
33.33,0.0,0.0,0.0,0.0,0.0,0.0,66.67,0.0,0.0,0.0,0.0,301.0
33.33,0.0,0.0,33.33,0.0,0.0,0.0,33.33,0.0,0.0,0.0,0.0,433.0
33.35,0.0,0.0,33.35,0.0,0.0,0.0,0.0,0.0,33.3,0.0,0.0,100.0
33.4,0.0,0.0,0.0,0.0,0.0,0.0,62.0,0.0,0.0,0.0,4.6,243.33332819999995
33.6,0.0,0.0,5.333333333333333,0.0,0.0,0.0,0.0,0.0,61.06666666666666,0.0,0.0,190.0
33.78,0.0,0.0,0.0,0.0,0.0,0.0,66.22,0.0,0.0,0.0,0.0,301.0
33.89,0.0,0.0,0.0,0.0,0.0,0.0,55.93,0.0,0.0,0.0,10.18,415.1542358
33.9,0.0,0.0,0.0,0.0,0.0,0.0,0.0,0.0,0.0,55.9,10.2,601.8961182
33.9,0.0,0.0,0.0,0.0,0.0,0.0,0.0,0.0,55.93,0.0,10.17,230.0
33.9,0.0,0.0,0.0,0.0,0.0,0.0,55.93,0.0,0.0,0.0,10.17,201.0
34.0,0.0,0.0,0.0,0.0,0.0,0.0,14.99,3.0,48.01,0.0,0.0,236.0
34.0,0.0,0.0,0.0,0.0,0.0,0.0,56.0,0.0,0.0,10.0,0.0,236.0
34.0,0.0,0.0,0.0,0.0,0.0,0.0,66.0,0.0,0.0,0.0,0.0,327.0
34.0,0.0,0.0,15.0,0.0,0.0,0.0,0.0,0.0,51.0,0.0,0.0,191.0
34.01,0.0,0.0,0.0,0.0,0.0,0.0,15.0,3.01,47.99,0.0,0.0,236.0
34.2,0.0,0.0,0.0,0.0,0.0,0.0,65.8,0.0,0.0,0.0,0.0,303.0
34.2,0.0,0.0,0.0,0.0,0.0,7.3,58.5,0.0,0.0,0.0,0.0,170.0
34.27,0.0,0.0,0.0,0.0,0.0,0.0,55.74,0.0,0.0,9.99,0.0,234.5
34.67,0.0,0.0,0.0,0.0,0.0,0.0,45.45,0.0,0.0,19.88,0.0,202.0
34.97,0.0,0.0,12.93,0.0,0.0,0.0,52.1,0.0,0.0,0.0,0.0,508.0
35.0,0.0,0.0,0.0,0.0,0.0,0.0,0.0,0.0,65.0,0.0,0.0,249.5
35.0,0.0,0.0,0.0,0.0,0.0,0.0,0.0,5.0,60.0,0.0,0.0,198.035
35.0,0.0,0.0,0.0,0.0,0.0,0.0,0.0,15.0,50.0,0.0,0.0,194.3
35.0,0.0,0.0,0.0,0.0,0.0,0.0,10.0,0.0,35.0,20.0,0.0,250.0
35.0,0.0,0.0,0.0,0.0,0.0,0.0,26.5,12.0,26.5,0.0,0.0,222.0
35.0,0.0,0.0,0.0,0.0,0.0,0.0,28.5,8.0,28.5,0.0,0.0,230.0
35.0,0.0,0.0,0.0,0.0,0.0,0.0,30.5,4.0,30.5,0.0,0.0,240.0
35.0,0.0,0.0,0.0,0.0,0.0,0.0,31.5,2.0,31.5,0.0,0.0,244.0
35.0,0.0,0.0,0.0,0.0,0.0,0.0,33.0,4.0,28.0,0.0,0.0,245.0
35.0,0.0,0.0,0.0,0.0,0.0,0.0,60.0,5.0,0.0,0.0,0.0,212.0
35.0,0.0,0.0,0.0,0.0,0.0,0.0,65.0,0.0,0.0,0.0,0.0,280.0
35.0,0.0,0.0,10.0,0.0,0.0,0.0,0.0,0.0,55.0,0.0,0.0,210.0
35.0,0.0,0.0,20.0,0.0,0.0,0.0,0.0,0.0,45.0,0.0,0.0,138.0
35.239999999999995,0.0,0.0,0.0,0.0,0.0,0.0,0.0,0.0,56.82666666666666,0.0,7.933333333333334,250.0
35.63,0.0,0.0,0.0,0.0,0.0,0.0,47.57,0.0,0.0,0.0,16.79,200.0
36.0,0.0,0.0,0.0,0.0,0.0,5.0,59.0,0.0,0.0,0.0,0.0,136.0
36.0,0.0,0.0,0.0,0.0,2.857142857142857,0.0,61.142857142857146,0.0,0.0,0.0,0.0,227.0
36.0,0.0,0.0,3.3333333333333335,0.0,0.0,0.0,60.666666666666664,0.0,0.0,0.0,0.0,220.0
36.0,0.0,0.0,10.0,0.0,0.0,0.0,0.0,0.0,54.0,0.0,0.0,221.0
36.21,0.0,0.0,0.0,0.0,0.0,0.0,56.41,0.0,0.0,0.0,7.38,230.0
36.5,0.0,0.0,0.0,0.0,0.0,0.0,14.94,0.0,48.56,0.0,0.0,236.0
36.5,0.0,0.0,0.0,0.0,0.0,0.0,14.95,0.0,48.56,0.0,0.0,236.0
36.5,0.0,0.0,0.0,0.0,0.0,0.0,63.5,0.0,0.0,0.0,0.0,237.0
36.51,0.0,0.0,0.0,0.0,0.0,0.0,0.0,0.0,63.49,0.0,0.0,270.0
36.67,0.0,0.0,18.33,0.0,0.0,0.0,45.0,0.0,0.0,0.0,0.0,171.0
36.9,0.0,0.0,0.0,0.0,0.0,0.0,0.0,0.0,0.0,57.9,5.2,782.8580322
37.0,0.0,0.0,0.0,0.0,0.0,0.0,56.0,0.0,7.0,0.0,0.0,268.0
38.0,0.0,0.0,0.0,0.0,0.0,0.0,0.0,0.0,62.0,0.0,0.0,254.0
38.0,0.0,0.0,5.0,0.0,0.0,0.0,0.0,0.0,57.0,0.0,0.0,211.0
38.2,0.0,0.0,0.0,0.0,0.0,0.0,57.1,0.0,0.0,0.0,4.7,216.66667180000005
38.3,0.0,0.0,0.0,0.0,0.0,2.1,59.6,0.0,0.0,0.0,0.0,140.0
38.7,0.0,0.0,0.0,0.0,0.0,0.0,0.0,0.0,61.3,0.0,0.0,190.0
38.84,0.0,0.0,0.0,0.0,0.0,0.0,50.85,0.0,0.0,10.31,0.0,225.0
39.0,0.0,0.0,0.0,0.0,0.0,0.0,51.0,0.0,0.0,10.0,0.0,225.0
39.0,0.0,0.0,0.0,0.0,0.0,0.0,61.0,0.0,0.0,0.0,0.0,222.1999969
39.2,0.0,0.0,0.0,0.0,0.0,0.0,59.8,0.0,0.0,0.0,0.0,224.5
40.0,0.0,0.0,0.0,0.0,0.0,0.0,0.0,0.0,50.0,0.0,10.0,270.0
40.0,0.0,0.0,0.0,0.0,0.0,0.0,0.0,0.0,60.0,0.0,0.0,210.32559553214287
40.0,0.0,0.0,0.0,0.0,0.0,0.0,2.0,0.0,58.0,0.0,0.0,206.0
40.0,0.0,0.0,0.0,0.0,0.0,0.0,10.0,0.0,50.0,0.0,0.0,221.0
40.0,0.0,0.0,0.0,0.0,0.0,0.0,15.0,0.0,45.0,0.0,0.0,217.0
40.0,0.0,0.0,0.0,0.0,0.0,0.0,22.0,1.0,37.0,0.0,0.0,228.0
40.0,0.0,0.0,0.0,0.0,0.0,0.0,28.0,4.0,28.0,0.0,0.0,217.0
40.0,0.0,0.0,0.0,0.0,0.0,0.0,29.0,2.0,29.0,0.0,0.0,225.0
40.0,0.0,0.0,0.0,0.0,0.0,0.0,30.0,0.0,0.0,30.0,0.0,225.0
40.0,0.0,0.0,0.0,0.0,0.0,0.0,30.0,0.0,30.0,0.0,0.0,223.0
40.0,0.0,0.0,0.0,0.0,0.0,0.0,40.0,0.0,20.0,0.0,0.0,251.0
40.0,0.0,0.0,0.0,0.0,0.0,0.0,45.0,0.0,15.0,0.0,0.0,220.0
40.0,0.0,0.0,0.0,0.0,0.0,0.0,60.0,0.0,0.0,0.0,0.0,234.42857142857144
40.0,0.0,0.0,10.0,0.0,0.0,0.0,0.0,0.0,20.0,30.0,0.0,161.0
40.0,0.0,0.0,10.0,0.0,0.0,0.0,0.0,0.0,35.0,15.0,0.0,186.0
40.0,0.0,0.0,10.0,0.0,0.0,0.0,0.0,0.0,45.0,5.0,0.0,193.0
40.0,0.0,0.0,10.0,0.0,0.0,0.0,0.0,0.0,50.0,0.0,0.0,209.14285714285714
40.0,0.0,0.0,15.0,0.0,0.0,0.0,45.0,0.0,0.0,0.0,0.0,227.0
40.0,0.0,0.0,20.0,0.0,0.0,0.0,0.0,0.0,0.0,40.0,0.0,118.0
40.0,0.0,0.0,20.0,0.0,0.0,0.0,0.0,0.0,40.0,0.0,0.0,136.3333359
40.0,0.0,0.0,20.0,0.0,0.0,0.0,40.0,0.0,0.0,0.0,0.0,136.0
40.0,0.0,0.0,30.0,0.0,0.0,0.0,0.0,0.0,30.0,0.0,0.0,103.33333590000001
40.1,0.0,0.0,0.0,0.0,0.0,0.0,59.9,0.0,0.0,0.0,0.0,238.0
40.92,0.0,0.0,10.55,0.0,0.0,0.0,0.0,0.0,48.53,0.0,0.0,209.0
41.24,0.0,0.0,0.0,0.0,0.0,0.0,58.76,0.0,0.0,0.0,0.0,242.0
41.8,0.0,0.0,0.0,0.0,0.0,0.0,58.2,0.0,0.0,0.0,0.0,242.0
42.0,0.0,0.0,0.0,0.0,0.0,0.0,58.0,0.0,0.0,0.0,0.0,261.0
42.55,0.0,0.0,0.0,0.0,0.0,0.0,57.45,0.0,0.0,0.0,0.0,284.0
43.33,0.0,0.0,21.67,0.0,0.0,0.0,35.0,0.0,0.0,0.0,0.0,120.0
44.5,0.0,0.0,22.2,0.0,0.0,0.0,0.0,0.0,33.3,0.0,0.0,106.0
44.7,0.0,0.0,0.0,0.0,0.0,0.0,55.3,0.0,0.0,0.0,0.0,360.0
45.0,0.0,0.0,0.0,0.0,0.0,0.0,0.0,0.0,30.0,25.0,0.0,230.0
45.0,0.0,0.0,0.0,0.0,0.0,0.0,0.0,0.0,50.0,0.0,5.0,220.0
45.0,0.0,0.0,0.0,0.0,0.0,0.0,0.0,0.0,55.0,0.0,0.0,223.0
45.0,0.0,0.0,0.0,0.0,0.0,0.0,55.0,0.0,0.0,0.0,0.0,210.0
45.0,0.0,0.0,10.0,0.0,0.0,0.0,45.0,0.0,0.0,0.0,0.0,405.0
45.0,0.0,0.0,15.0,0.0,0.0,0.0,40.0,0.0,0.0,0.0,0.0,178.1333313
50.0,0.0,0.0,0.0,0.0,0.0,0.0,0.0,0.0,25.0,25.0,0.0,188.0
50.0,0.0,0.0,0.0,0.0,0.0,0.0,0.0,0.0,50.0,0.0,0.0,210.0
50.0,0.0,0.0,0.0,0.0,0.0,0.0,20.0,0.0,20.0,10.0,0.0,270.0
50.0,0.0,0.0,0.0,0.0,0.0,0.0,50.0,0.0,0.0,0.0,0.0,390.0
50.0,0.0,0.0,10.0,0.0,0.0,0.0,0.0,0.0,40.0,0.0,0.0,173.6666641
50.0,0.0,0.0,10.0,0.0,0.0,0.0,40.0,0.0,0.0,0.0,0.0,288.8666687
50.0,0.0,0.0,15.0,0.0,0.0,0.0,35.0,0.0,0.0,0.0,0.0,144.0
50.0,0.0,50.0,0.0,0.0,0.0,0.0,0.0,0.0,0.0,0.0,0.0,57.0
52.0,0.0,0.0,3.0,0.0,0.0,0.0,45.0,0.0,0.0,0.0,0.0,958.0
52.05,0.0,0.0,2.97,0.0,0.0,0.0,44.98,0.0,0.0,0.0,0.0,958.0
52.5,0.0,0.0,7.5,0.0,0.0,0.0,40.0,0.0,0.0,0.0,0.0,405.0
53.75,0.0,0.0,0.0,0.0,0.0,0.0,0.0,0.0,46.25,0.0,0.0,310.0
65.0,0.0,0.0,0.0,0.0,0.0,0.0,0.0,0.0,0.0,35.0,0.0,114.0
70.0,0.0,0.0,0.0,0.0,0.0,0.0,0.0,0.0,30.0,0.0,0.0,420.0
80.0,0.0,0.0,0.0,0.0,0.0,0.0,0.0,0.0,20.0,0.0,0.0,330.0
100.0,0.0,0.0,0.0,0.0,0.0,0.0,0.0,0.0,0.0,0.0,0.0,150.0
